Station,Date,Ammonia,Chlorophyll-a,Dissolved Oxygen,Nitrate+Nitrite,pH,Total Phosphorus,Salinity,Secchi Depth,Total Nitrogen,Turbidity,Water Temperature,Latitude,Longitude,Matched Scene ID,Matched Scene Date,Cloud Cover,Days Offset,NDAVI,NDAVI Pixel Count,WAVI,WAVI Pixel Count,NDVI,NDVI Pixel Count
C111AC,2016-01-25,0.021,,,0.005,,0.1155882352941176,17.3,,3.5376470588235294,,15.3,25.17605,-80.792733,S2A_MSIL2A_20160102T155642_N0500_R054_T17RNH_20231010T064726,2016-01-02 15:56:42.030,8.37,22.0,0.5818090909090909,11,0.4446636363636363,11,0.5460090909090909,11
C111AC,2016-02-10,0.223,,,0.01,,0.078,,,3.1028571428571428,,,25.17605,-80.792733,,,,,,0,,0,,0
C111AC,2016-03-22,0.031,,,0.005,,0.1162,28.0,,3.867333333333333,,19.2,25.17605,-80.792733,S2A_MSIL2A_20160401T154922_N0500_R054_T17RNH_20231021T232321,2016-04-01 15:49:22.030,10.03,10.0,0.1603454545454545,11,0.1459181818181818,11,0.2965272727272727,11
C111AC,2016-04-21,1.461,,,0.006,,0.1449090909090909,,,4.126363636363636,,,25.17605,-80.792733,S2A_MSIL2A_20160401T154922_N0500_R054_T17RNH_20231021T232321,2016-04-01 15:49:22.030,10.03,19.0,0.1603454545454545,11,0.1459181818181818,11,0.2965272727272727,11
C111AC,2016-05-26,0.05,,,0.005,,0.123076923076923,,,3.91,,,25.17605,-80.792733,S2A_MSIL2A_20160521T160522_N0500_R054_T17RNH_20231008T223616,2016-05-21 16:05:22.027,9.63,4.0,0.5649909090909091,11,0.4536181818181818,11,0.5190454545454545,11
C111AC,2016-06-23,0.104,,2.46,0.005,7.7,0.1015,38.8,,3.468,,31.4,25.17605,-80.792733,S2A_MSIL2A_20160630T160512_N0500_R054_T17RNH_20231015T211056,2016-06-30 16:05:12.027,18.46,7.0,0.5593818181818182,11,0.4367909090909091,11,0.5128090909090909,11
C111AC,2016-07-26,0.07,,3.63,0.005,7.9,0.1071,40.4,,3.867,,31.5,25.17605,-80.792733,S2A_MSIL2A_20160630T160512_N0500_R054_T17RNH_20231015T211056,2016-06-30 16:05:12.027,18.46,25.0,0.5593818181818182,11,0.4367909090909091,11,0.5128090909090909,11
C111AC,2016-08-25,0.04,,,0.005,,0.091,,,3.06,,,25.17605,-80.792733,S2A_MSIL2A_20160918T160512_N0500_R054_T17RNH_20230930T023451,2016-09-18 16:05:12.026,14.25,24.0,0.5966818181818182,11,0.4737545454545455,11,0.5585181818181818,11
C111AC,2016-09-22,0.026,,3.21,0.005,7.8,0.1456363636363636,19.6,,3.342727272727273,,30.4,25.17605,-80.792733,S2A_MSIL2A_20160918T160512_N0500_R054_T17RNH_20230930T023451,2016-09-18 16:05:12.026,14.25,3.0,0.5966818181818182,11,0.4737545454545455,11,0.5585181818181818,11
C111AC,2016-10-20,0.016,,3.68,0.005,7.7,0.0726666666666666,33.1,,2.796666666666667,,26.0,25.17605,-80.792733,,,,,,0,,0,,0
C111AC,2016-11-10,,,5.23,,8.1,0.0845,30.7,,2.85375,,25.0,25.17605,-80.792733,S2A_MSIL2A_20161127T160512_N0500_R054_T17RNH_20230927T160903,2016-11-27 16:05:12.026,11.47,17.0,0.5774181818181818,11,0.4492181818181818,11,0.5498636363636364,11
C111AC,2016-12-08,0.021,,5.36,0.005,7.9,0.111090909090909,16.2,,2.843636363636364,,26.5,25.17605,-80.792733,S2A_MSIL2A_20161127T160512_N0500_R054_T17RNH_20230927T160903,2016-11-27 16:05:12.026,11.47,10.0,0.5774181818181818,11,0.4492181818181818,11,0.5498636363636364,11
C111AC,2017-01-25,0.24,,4.47,0.017,7.1,0.0569999999999999,31.2,,1.807058823529412,,22.0,25.17605,-80.792733,S2A_MSIL2A_20170215T160511_N0500_R054_T17RNH_20230917T075421,2017-02-15 16:05:11.026,3.45,21.0,0.5944090909090909,11,0.4519909090909091,11,0.5597272727272727,11
C111AC,2017-02-23,0.381,,5.57,0.006,7.8,0.064,30.3,,2.315,,20.2,25.17605,-80.792733,S2A_MSIL2A_20170225T160511_N0500_R054_T17RNH_20230927T065507,2017-02-25 16:05:11.026,2.02,2.0,0.6017,11,0.4645181818181818,11,0.5707636363636364,11
C111AC,2017-03-16,0.029,,5.53,0.005,8.1,0.192,33.5,,3.17375,,18.2,25.17605,-80.792733,S2A_MSIL2A_20170225T160511_N0500_R054_T17RNH_20230927T065507,2017-02-25 16:05:11.026,2.02,18.0,0.6017,11,0.4645181818181818,11,0.5707636363636364,11
C111AC,2017-04-17,0.292,,2.31,0.005,8.0,0.1651666666666666,,,3.645,,25.0,25.17605,-80.79273300000001,,,,,,0,,0,,0
C111AC,2017-05-24,0.335,,4.82,0.005,8.0,0.1225384615384615,,,3.26,,28.3,25.17605,-80.79273299999998,,,,,,0,,0,,0
C111AC,2017-06-27,,,2.35,0.005,7.6,0.3536923076923077,40.6,,6.336153846153847,,30.9,25.17605,-80.79273299999998,S2A_MSIL2A_20170715T160511_N0500_R054_T17RNH_20230901T104819,2017-07-15 16:05:11.026,6.66,18.0,0.2861272727272727,11,0.1397545454545454,11,0.2414181818181818,11
C111AC,2017-07-19,0.04,,2.14,0.005,7.5,0.051,39.2,,2.89,,31.3,25.17605,-80.792733,S2A_MSIL2A_20170715T160511_N0500_R054_T17RNH_20230901T104819,2017-07-15 16:05:11.026,6.66,3.0,0.2861272727272727,11,0.1397545454545454,11,0.2414181818181818,11
C111AC,2017-08-30,0.014,,1.59,0.005,7.6,0.3632666666666667,34.0,,4.136666666666667,,32.3,25.17605,-80.792733,S2A_MSIL2A_20170913T160511_N0500_R054_T17RNH_20230825T160223,2017-09-13 16:05:11.026,18.56,14.0,0.3251909090909091,11,0.2435,11,0.3012181818181818,11
C111AC,2017-09-27,0.738,,0.27,0.005,7.1,0.143,23.1,,3.69,,29.4,25.17605,-80.792733,S2A_MSIL2A_20171003T160511_N0500_R054_T17RNH_20230817T084655,2017-10-03 16:05:11.026,13.94,6.0,0.3744818181818182,11,0.2826272727272727,11,0.3326272727272727,11
C111AC,2017-10-24,0.325,,,0.006,7.2,0.0945999999999999,17.5,,2.583,,28.1,25.17605,-80.792733,S2B_MSIL2A_20171107T160459_N0500_R054_T17RNH_20230721T141830,2017-11-07 16:04:59.027,7.26,14.0,0.5095909090909091,11,0.4071181818181818,11,0.4678363636363636,11
C111AC,2017-11-29,0.827,,,0.01,8.0,0.0801538461538461,15.7,,2.569230769230769,,24.1,25.17605,-80.79273299999998,S2A_MSIL2A_20171202T160511_N0500_R054_T17RNH_20230806T075400,2017-12-02 16:05:11.026,15.47,3.0,0.0426636363636363,11,0.0288181818181818,11,0.2861727272727272,11
C111AC,2017-12-20,0.931,,,0.021,7.6,0.07575,17.0,,2.60625,,23.9,25.17605,-80.792733,S2B_MSIL2A_20171227T160459_N0500_R054_T17RNH_20230720T070737,2017-12-27 16:04:59.027,6.53,7.0,0.3769363636363636,11,0.2827727272727272,11,0.3238272727272727,11
C111AC,2018-02-09,0.029,,,0.005,8.2,0.0937222222222222,19.5,,3.2444444444444445,,24.4,25.17605,-80.792733,S2B_MSIL2A_20180205T160509_N0500_R054_T17RNH_20230804T115018,2018-02-05 16:05:09.027,6.15,3.0,-0.0569,3,-0.0657666666666666,3,0.0195,3
C111AC,2018-03-20,0.008,,,0.005,7.4,0.0959285714285714,36.7,,3.4450000000000003,,26.6,25.17605,-80.792733,S2B_MSIL2A_20180317T160509_N0500_R054_T17RNH_20230710T201059,2018-03-17 16:05:09.027,3.5,2.0,0.5590181818181817,11,0.4291909090909091,11,0.5159181818181818,11
C111AC,2018-04-27,0.014,,,0.005,7.8,0.0698571428571428,44.8,,2.617142857142857,,26.0,25.17605,-80.792733,S2A_MSIL2A_20180421T160511_N0500_R054_T17RNH_20230630T222736,2018-04-21 16:05:11.026,19.08,5.0,0.4747818181818182,11,0.3726363636363636,11,0.4364363636363636,11
C111AC,2018-05-24,0.025,,,0.005,7.7,0.0701,21.8,,2.652,,28.0,25.17605,-80.792733,S2B_MSIL2A_20180605T160509_N0500_R054_T17RNH_20230715T182439,2018-06-05 16:05:09.024,13.59,12.0,0.0119818181818181,11,0.0119090909090909,11,0.0486363636363636,11
C111AC,2018-06-21,0.474,,,0.009,7.3,0.1675,15.7,,4.161,,30.8,25.17605,-80.792733,S2B_MSIL2A_20180605T160509_N0500_R054_T17RNH_20230715T182439,2018-06-05 16:05:09.024,13.59,15.0,0.0119818181818181,11,0.0119090909090909,11,0.0486363636363636,11
C111AC,2018-07-18,0.049,,,0.005,7.8,0.1152,18.4,,3.264,,33.0,25.17605,-80.792733,S2A_MSIL2A_20180809T160511_N0500_R054_T17RNH_20230711T022345,2018-08-09 16:05:11.024,8.3,22.0,0.5824090909090909,11,0.4685090909090909,11,0.5155818181818183,11
C111AC,2018-08-22,0.024,,,0.005,8.0,0.1021538461538461,15.6,,3.535384615384616,,31.0,25.17605,-80.79273299999998,S2A_MSIL2A_20180809T160511_N0500_R054_T17RNH_20230711T022345,2018-08-09 16:05:11.024,8.3,12.0,0.5824090909090909,11,0.4685090909090909,11,0.5155818181818183,11
C111AC,2018-09-26,0.018,,,0.005,8.0,0.0944615384615384,26.2,,3.1153846153846154,,30.7,25.17605,-80.79273299999998,S2A_MSIL2A_20180928T160511_N0510_R054_T17RNH_20250531T034550,2018-09-28 16:05:11.024,3.004363,2.0,0.149790909090909,11,0.1402454545454545,11,0.1761090909090909,11
C111AC,2018-10-24,0.009,,,0.005,8.0,0.0857,31.2,,3.037,,26.7,25.17605,-80.792733,S2A_MSIL2A_20181018T160511_N0500_R054_T17RNH_20230706T010334,2018-10-18 16:05:11.024,8.03,5.0,0.3301454545454546,11,0.1473181818181818,11,0.2513636363636363,11
C111AC,2018-11-27,0.017,,,0.005,8.1,0.0915384615384615,35.5,,3.3746153846153844,,25.9,25.17605,-80.79273299999998,S2B_MSIL2A_20181202T160509_N0500_R054_T17RNH_20230623T141113,2018-12-02 16:05:09.024,10.75,5.0,0.5618090909090909,11,0.4285454545454545,11,0.5528454545454545,11
C111AC,2018-12-19,0.021,,,0.005,8.0,0.109,28.5,,3.485,,20.3,25.17605,-80.792733,S2A_MSIL2A_20181217T160501_N0500_R054_T17RNH_20230630T025600,2018-12-17 16:05:01.024,3.73,1.0,0.5868181818181818,11,0.4419,11,0.5570818181818182,11
C111JB,2016-01-12,0.288,,,0.03,,0.014375,2.1,,0.8452500000000001,,19.5,25.2327,-80.524567,S2A_MSIL2A_20160102T155642_N0500_R054_T17RNH_20231010T064726,2016-01-02 15:56:42.030,8.37,9.0,0.5047,12,0.3675083333333333,12,0.4740083333333333,12
C111JB,2016-02-08,0.17,,,0.022,,0.0089,11.8,,0.8749,,,25.2327,-80.524567,,,,,,0,,0,,0
C111JB,2016-03-15,0.306,,,0.078,,0.013076923076923,,,1.2497692307692307,,,25.2327,-80.524567,S2A_MSIL2A_20160401T154922_N0500_R054_T17RNH_20231021T232321,2016-04-01 15:49:22.030,10.03,17.0,0.3212583333333333,12,0.2311,12,0.3171333333333333,12
C111JB,2016-04-19,0.203,,,0.036,,0.011,,,1.4403076923076925,,,25.2327,-80.524567,S2A_MSIL2A_20160401T154922_N0500_R054_T17RNH_20231021T232321,2016-04-01 15:49:22.030,10.03,17.0,0.3212583333333333,12,0.2311,12,0.3171333333333333,12
C111JB,2016-05-24,0.264,,,0.021,,0.0188461538461538,,,1.4092307692307693,,,25.2327,-80.524567,S2A_MSIL2A_20160521T160522_N0500_R054_T17RNH_20231008T223616,2016-05-21 16:05:22.027,9.63,2.0,0.4616666666666666,12,0.336175,12,0.41775,12
C111JB,2016-06-22,0.086,,,0.022,,0.020090909090909,1.2,,1.68,,27.3,25.2327,-80.524567,S2A_MSIL2A_20160630T160512_N0500_R054_T17RNH_20231015T211056,2016-06-30 16:05:12.027,18.46,8.0,0.4978583333333333,12,0.3657083333333333,12,0.45305,12
C111JB,2016-07-19,0.116,,,0.013,,0.0176666666666666,1.7,,1.7266666666666666,,,25.2327,-80.524567,S2A_MSIL2A_20160630T160512_N0500_R054_T17RNH_20231015T211056,2016-06-30 16:05:12.027,18.46,18.0,0.4978583333333333,12,0.3657083333333333,12,0.45305,12
C111JB,2016-08-23,0.112,,,0.015,,0.009,6.395,,1.23,,32.55,25.2327,-80.524567,S2A_MSIL2A_20160918T160512_N0500_R054_T17RNH_20230930T023451,2016-09-18 16:05:12.026,14.25,26.0,0.54445,12,0.3977166666666666,12,0.5161833333333333,12
C111JB,2016-09-20,0.058,,,0.006,,0.0128181818181818,0.7,,1.090090909090909,,31.8,25.2327,-80.524567,S2A_MSIL2A_20160918T160512_N0500_R054_T17RNH_20230930T023451,2016-09-18 16:05:12.026,14.25,1.0,0.54445,12,0.3977166666666666,12,0.5161833333333333,12
C111JB,2016-10-12,0.022,,,0.005,,0.008,,,0.782888888888889,,,25.2327,-80.524567,S2A_MSIL2A_20160918T160512_N0500_R054_T17RNH_20230930T023451,2016-09-18 16:05:12.026,14.25,23.0,0.54445,12,0.3977166666666666,12,0.5161833333333333,12
C111JB,2016-11-09,0.025,,6.5,0.006,7.9,0.0133636363636363,,,0.8254545454545454,,24.8,25.2327,-80.524567,S2A_MSIL2A_20161127T160512_N0500_R054_T17RNH_20230927T160903,2016-11-27 16:05:12.026,11.47,18.0,0.5086,12,0.3661833333333333,12,0.4887916666666667,12
C111JB,2016-12-06,0.053,,,0.015,,0.01,6.4,,0.7608571428571429,,26.4,25.2327,-80.524567,S2A_MSIL2A_20161127T160512_N0500_R054_T17RNH_20230927T160903,2016-11-27 16:05:12.026,11.47,8.0,0.5086,12,0.3661833333333333,12,0.4887916666666667,12
C111JB,2017-01-24,0.026,,,0.018,7.6,0.0118888888888888,23.0,,0.9296111111111112,,21.4,25.2327,-80.524567,S2A_MSIL2A_20170215T160511_N0500_R054_T17RNH_20230917T075421,2017-02-15 16:05:11.026,3.45,22.0,0.4852,12,0.3395916666666666,12,0.4356916666666667,12
C111JB,2017-02-21,0.14,,,0.014,7.8,0.0208181818181818,16.1,,1.0553636363636365,,23.7,25.2327,-80.524567,S2A_MSIL2A_20170225T160511_N0500_R054_T17RNH_20230927T065507,2017-02-25 16:05:11.026,2.02,4.0,0.4879166666666667,12,0.3390583333333333,12,0.4516416666666667,12
C111JB,2017-03-21,0.141,,,0.021,7.6,0.0123636363636363,22.4,,1.040090909090909,,22.5,25.2327,-80.524567,S2A_MSIL2A_20170225T160511_N0500_R054_T17RNH_20230927T065507,2017-02-25 16:05:11.026,2.02,23.0,0.4879166666666667,12,0.3390583333333333,12,0.4516416666666667,12
C111JB,2017-04-18,0.08,,,0.01,,0.0284999999999999,32.6,,1.3022,,24.6,25.232700000000005,-80.524567,,,,,,0,,0,,0
C111JB,2017-05-23,0.108,,,0.005,7.8,0.0313846153846153,36.6,,1.51,,27.9,25.2327,-80.524567,,,,,,0,,0,,0
C111JB,2017-06-22,0.075,,,0.008,,0.0273636363636363,2.9,,1.4427272727272729,,29.4,25.2327,-80.524567,S2A_MSIL2A_20170715T160511_N0500_R054_T17RNH_20230901T104819,2017-07-15 16:05:11.026,6.66,23.0,0.4966,12,0.35905,12,0.4491416666666667,12
C111JB,2017-07-18,0.143,,,0.015,,0.0414,3.6,,1.589,,31.3,25.232700000000005,-80.524567,S2A_MSIL2A_20170715T160511_N0500_R054_T17RNH_20230901T104819,2017-07-15 16:05:11.026,6.66,2.0,0.4966,12,0.35905,12,0.4491416666666667,12
C111JB,2017-08-31,0.132,,,0.008,7.7,0.0284375,1.33,,1.384375,,31.5,25.2327,-80.524567,S2A_MSIL2A_20170913T160511_N0500_R054_T17RNH_20230825T160223,2017-09-13 16:05:11.026,18.56,13.0,-0.075475,12,-0.0886666666666666,12,-0.0256583333333333,12
C111JB,2017-09-28,0.049,,,0.007,7.1,0.0202,2.07,,1.119,,30.5,25.2327,-80.524567,S2A_MSIL2A_20171003T160511_N0500_R054_T17RNH_20230817T084655,2017-10-03 16:05:11.026,13.94,5.0,0.4085416666666666,12,0.2905583333333333,12,0.3955,12
C111JB,2017-10-23,0.07,,,0.008,7.5,0.0175555555555555,0.8,,0.9311111111111112,,27.5,25.2327,-80.524567,S2B_MSIL2A_20171107T160459_N0500_R054_T17RNH_20230721T141830,2017-11-07 16:04:59.027,7.26,15.0,0.15645,12,0.1106,12,0.19235,12
C111JB,2017-11-27,0.107,,,0.014,7.7,0.0059230769230769,0.82,,0.9588461538461538,,23.2,25.2327,-80.524567,S2A_MSIL2A_20171202T160511_N0500_R054_T17RNH_20230806T075400,2017-12-02 16:05:11.026,15.47,5.0,0.5274416666666667,12,0.3874083333333333,12,0.497475,12
C111JB,2017-12-19,0.12,,,0.013,7.7,0.007625,0.66,,1.03875,,23.2,25.2327,-80.524567,S2B_MSIL2A_20171227T160459_N0500_R054_T17RNH_20230720T070737,2017-12-27 16:04:59.027,6.53,8.0,0.4833416666666666,12,0.331875,12,0.4612083333333333,12
C111JB,2018-01-23,0.026,,,0.011,8.1,0.0116923076923076,8.22,,1.1563846153846151,,23.2,25.2327,-80.524567,S2B_MSIL2A_20180205T160509_N0500_R054_T17RNH_20230804T115018,2018-02-05 16:05:09.027,6.15,13.0,0.0473166666666666,12,0.048325,12,0.0601083333333333,12
C111JB,2018-02-26,0.006,,,0.005,7.9,0.0155,14.2,,1.1950833333333333,,27.5,25.2327,-80.52456700000002,S2B_MSIL2A_20180317T160509_N0500_R054_T17RNH_20230710T201059,2018-03-17 16:05:09.027,3.5,19.0,0.2755,12,0.2151833333333333,12,0.2205416666666666,12
C111JB,2018-03-26,0.118,,,0.01,7.8,0.0125714285714285,16.5,,1.0684285714285715,,25.5,25.2327,-80.524567,S2A_MSIL2A_20180322T160511_N0500_R054_T17RNH_20230727T093750,2018-03-22 16:05:11.026,0.01,3.0,0.52415,12,0.3520333333333333,12,0.4469083333333333,12
C111JB,2018-04-24,0.013,,,0.005,8.1,0.013,25.5,,1.0975454545454546,,28.1,25.2327,-80.524567,S2A_MSIL2A_20180421T160511_N0500_R054_T17RNH_20230630T222736,2018-04-21 16:05:11.026,19.08,2.0,0.3901083333333333,12,0.2752583333333333,12,0.356,12
C111JB,2018-05-23,0.149,,,0.023,7.9,0.0187,7.96,,1.2383,,25.6,25.2327,-80.524567,S2B_MSIL2A_20180605T160509_N0500_R054_T17RNH_20230715T182439,2018-06-05 16:05:09.024,13.59,13.0,0.3640333333333334,12,0.2639916666666666,12,0.361525,12
C111JB,2018-06-19,0.1,,,0.011,7.9,0.0111,0.96,,1.333,,29.6,25.2327,-80.524567,S2B_MSIL2A_20180605T160509_N0500_R054_T17RNH_20230715T182439,2018-06-05 16:05:09.024,13.59,13.0,0.3640333333333334,12,0.2639916666666666,12,0.361525,12
C111JB,2018-07-17,0.092,,,0.015,7.7,0.0064545454545454,0.62,,1.026,,30.9,25.2327,-80.524567,S2A_MSIL2A_20180809T160511_N0500_R054_T17RNH_20230711T022345,2018-08-09 16:05:11.024,8.3,23.0,0.4950416666666667,12,0.3659,12,0.4217166666666667,12
C111JB,2018-08-21,0.075,,,0.01,7.8,0.0065384615384615,0.79,,1.1630769230769231,,30.1,25.2327,-80.524567,S2A_MSIL2A_20180809T160511_N0500_R054_T17RNH_20230711T022345,2018-08-09 16:05:11.024,8.3,11.0,0.4950416666666667,12,0.3659,12,0.4217166666666667,12
C111JB,2018-09-25,0.029,,,0.005,7.7,0.0311538461538461,0.61,,1.040769230769231,,30.0,25.2327,-80.524567,S2A_MSIL2A_20180928T160511_N0510_R054_T17RNH_20250531T034550,2018-09-28 16:05:11.024,3.004363,3.0,0.544375,12,0.385125,12,0.4906333333333333,12
C111JB,2018-10-23,0.029,,,0.005,8.0,0.0064,0.72,,1.0533,,27.1,25.2327,-80.524567,S2A_MSIL2A_20181018T160511_N0500_R054_T17RNH_20230706T010334,2018-10-18 16:05:11.024,8.03,4.0,0.346375,12,0.2739166666666666,12,0.3791333333333333,12
C111JB,2018-11-26,0.013,,,0.005,8.1,0.0075833333333333,11.8,,0.9550833333333334,,26.4,25.2327,-80.52456700000002,S2B_MSIL2A_20181202T160509_N0500_R054_T17RNH_20230623T141113,2018-12-02 16:05:09.024,10.75,6.0,0.466925,12,0.3323333333333333,12,0.4655833333333333,12
C111JB,2018-12-18,0.022,,,0.005,7.9,0.0106249999999999,4.51,,1.013,,19.0,25.2327,-80.524567,S2A_MSIL2A_20181217T160501_N0500_R054_T17RNH_20230630T025600,2018-12-17 16:05:01.024,3.73,0.0,0.5121083333333333,12,0.3590916666666666,12,0.4785166666666667,12
C111MC,2016-01-13,0.024,,7.2,0.005,8.2,0.0446666666666666,16.3,,2.5908333333333333,,18.4,25.1682,-80.733683,S2A_MSIL2A_20160102T155642_N0500_R054_T17RNH_20231010T064726,2016-01-02 15:56:42.030,8.37,10.0,0.5710454545454545,11,0.4507636363636364,11,0.5570181818181819,11
C111MC,2016-02-10,0.042,,,0.005,,0.0412727272727272,,,2.188181818181818,,,25.1682,-80.733683,,,,,,0,,0,,0
C111MC,2016-03-15,0.021,,,0.005,,0.0417692307692307,,,2.1353846153846154,,,25.168199999999995,-80.733683,S2A_MSIL2A_20160401T154922_N0500_R054_T17RNH_20231021T232321,2016-04-01 15:49:22.030,10.03,17.0,0.2027,11,0.1335727272727273,11,0.2524909090909091,11
C111MC,2016-04-20,0.026,,,0.005,,0.0601538461538461,,,2.733076923076923,,,25.168199999999995,-80.733683,S2A_MSIL2A_20160401T154922_N0500_R054_T17RNH_20231021T232321,2016-04-01 15:49:22.030,10.03,18.0,0.2027,11,0.1335727272727273,11,0.2524909090909091,11
C111MC,2016-05-25,0.029,,,0.005,,0.04,,,2.18,,,25.1682,-80.733683,S2A_MSIL2A_20160521T160522_N0500_R054_T17RNH_20231008T223616,2016-05-21 16:05:22.027,9.63,3.0,0.5910181818181818,11,0.4649272727272727,11,0.5638818181818182,11
C111MC,2016-06-23,0.034,,,0.005,,0.0661818181818181,,,2.7845454545454547,,,25.1682,-80.733683,S2A_MSIL2A_20160630T160512_N0500_R054_T17RNH_20231015T211056,2016-06-30 16:05:12.027,18.46,7.0,0.5965454545454545,11,0.4674545454545455,11,0.5700272727272727,11
C111MC,2016-07-27,0.147,,,0.013,,0.0634444444444444,,,2.7544444444444443,,,25.1682,-80.733683,S2A_MSIL2A_20160630T160512_N0500_R054_T17RNH_20231015T211056,2016-06-30 16:05:12.027,18.46,26.0,0.5965454545454545,11,0.4674545454545455,11,0.5700272727272727,11
C111MC,2016-08-24,0.068,,4.67,0.005,8.2,0.018,20.0,,1.81,,31.5,25.1682,-80.733683,S2A_MSIL2A_20160918T160512_N0500_R054_T17RNH_20230930T023451,2016-09-18 16:05:12.026,14.25,25.0,0.5990727272727273,11,0.4598181818181818,11,0.5842909090909091,11
C111MC,2016-09-21,0.064,,4.52,0.005,7.9,0.0323636363636363,13.8,,1.830909090909091,,31.7,25.168199999999995,-80.733683,S2A_MSIL2A_20160918T160512_N0500_R054_T17RNH_20230930T023451,2016-09-18 16:05:12.026,14.25,2.0,0.5990727272727273,11,0.4598181818181818,11,0.5842909090909091,11
C111MC,2016-10-11,0.031,,5.56,0.005,8.0,0.0316666666666666,11.0,,1.6816666666666666,,26.0,25.1682,-80.733683,S2A_MSIL2A_20160918T160512_N0500_R054_T17RNH_20230930T023451,2016-09-18 16:05:12.026,14.25,22.0,0.5990727272727273,11,0.4598181818181818,11,0.5842909090909091,11
C111MC,2016-11-09,0.038,,5.82,0.005,8.1,0.1088333333333333,15.8,,2.0416666666666665,,25.0,25.1682,-80.733683,S2A_MSIL2A_20161127T160512_N0500_R054_T17RNH_20230927T160903,2016-11-27 16:05:12.026,11.47,18.0,0.3096090909090909,11,0.1558,11,0.2751181818181818,11
C111MC,2016-12-06,0.016,,6.03,0.005,8.2,0.0356999999999999,18.0,,1.7899999999999998,,25.9,25.1682,-80.733683,S2A_MSIL2A_20161127T160512_N0500_R054_T17RNH_20230927T160903,2016-11-27 16:05:12.026,11.47,8.0,0.3096090909090909,11,0.1558,11,0.2751181818181818,11
C111MC,2017-01-24,0.028,,7.75,0.005,8.2,0.0854444444444444,,,1.856666666666667,,22.7,25.1682,-80.733683,S2A_MSIL2A_20170215T160511_N0500_R054_T17RNH_20230917T075421,2017-02-15 16:05:11.026,3.45,22.0,0.5936363636363636,11,0.4456636363636364,11,0.5720181818181818,11
C111MC,2017-02-23,0.067,,,0.005,,0.0638888888888888,,,2.211111111111111,,,25.1682,-80.733683,S2A_MSIL2A_20170225T160511_N0500_R054_T17RNH_20230927T065507,2017-02-25 16:05:11.026,2.02,2.0,0.5996,11,0.4490363636363636,11,0.5781363636363636,11
C111MC,2017-03-29,0.041,,6.32,0.005,8.2,0.078375,39.1,,2.3937500000000003,,28.2,25.1682,-80.733683,,,,,,0,,0,,0
C111MC,2017-04-19,0.059,,4.21,0.005,8.5,0.04325,38.7,,1.7,,24.5,25.168199999999995,-80.733683,,,,,,0,,0,,0
C111MC,2017-05-24,0.046,,6.72,0.005,8.2,0.0434285714285714,,,1.5814285714285714,,30.0,25.1682,-80.733683,,,,,,0,,0,,0
C111MC,2017-06-27,0.025,,6.0,0.005,8.1,0.0484999999999999,31.5,,1.845,,32.3,25.1682,-80.733683,S2A_MSIL2A_20170715T160511_N0500_R054_T17RNH_20230901T104819,2017-07-15 16:05:11.026,6.66,18.0,0.5949727272727273,11,0.4831727272727273,11,0.577709090909091,11
C111MC,2017-07-20,0.032,,6.81,0.005,11.4,0.0512222222222222,32.1,,2.056666666666666,,33.0,25.1682,-80.733683,S2A_MSIL2A_20170715T160511_N0500_R054_T17RNH_20230901T104819,2017-07-15 16:05:11.026,6.66,4.0,0.5949727272727273,11,0.4831727272727273,11,0.577709090909091,11
C111MC,2017-08-29,0.056,,5.59,0.005,7.7,0.0427142857142857,33.1,,2.097142857142857,,31.8,25.1682,-80.733683,S2A_MSIL2A_20170913T160511_N0500_R054_T17RNH_20230825T160223,2017-09-13 16:05:11.026,18.56,15.0,0.1014636363636363,11,0.0885545454545454,11,0.1571545454545454,11
C111MC,2017-09-27,0.035,,0.83,0.005,7.1,0.071,12.2,,1.87,,30.9,25.1682,-80.733683,S2A_MSIL2A_20171003T160511_N0500_R054_T17RNH_20230817T084655,2017-10-03 16:05:11.026,13.94,6.0,0.3492818181818182,11,0.2396636363636363,11,0.3234727272727272,11
C111MC,2017-10-30,0.364,,,0.018,7.0,0.0464545454545454,6.82,,1.6881818181818182,,21.6,25.1682,-80.733683,S2B_MSIL2A_20171107T160459_N0500_R054_T17RNH_20230721T141830,2017-11-07 16:04:59.027,7.26,8.0,-0.0283333333333333,3,-0.0331333333333333,3,-0.0139333333333333,3
C111MC,2017-11-29,0.167,,,0.036,8.1,0.0836363636363636,9.69,,1.919090909090909,,25.7,25.1682,-80.733683,S2A_MSIL2A_20171202T160511_N0500_R054_T17RNH_20230806T075400,2017-12-02 16:05:11.026,15.47,3.0,-0.0802777777777777,9,-0.0902888888888888,9,0.0500222222222222,9
C111MC,2017-12-20,0.144,,,0.018,8.0,0.0578749999999999,11.6,,2.8125,,24.8,25.1682,-80.733683,S2B_MSIL2A_20171227T160459_N0500_R054_T17RNH_20230720T070737,2017-12-27 16:04:59.027,6.53,7.0,0.5058090909090909,11,0.3647272727272727,11,0.4784363636363636,11
C111MC,2018-01-24,0.005,,,0.005,8.0,0.4679230769230769,14.2,,2.3815384615384616,,23.9,25.1682,-80.733683,S2B_MSIL2A_20180205T160509_N0500_R054_T17RNH_20230804T115018,2018-02-05 16:05:09.027,6.15,12.0,0.1933818181818181,11,0.1253454545454545,11,0.2107090909090909,11
C111MC,2018-02-26,0.005,,,0.005,7.6,0.1023333333333333,20.8,,2.21,,25.4,25.1682,-80.73368300000001,S2B_MSIL2A_20180317T160509_N0500_R054_T17RNH_20230710T201059,2018-03-17 16:05:09.027,3.5,19.0,0.4848272727272727,11,0.3432,11,0.4360818181818182,11
C111MC,2018-03-26,0.005,,,0.005,7.9,0.033,25.1,,1.6469999999999998,,23.5,25.1682,-80.733683,S2A_MSIL2A_20180322T160511_N0500_R054_T17RNH_20230727T093750,2018-03-22 16:05:11.026,0.01,3.0,0.5249272727272727,11,0.3641090909090909,11,0.4502818181818181,11
C111MC,2018-04-25,0.008,,,0.005,8.2,0.0327272727272727,31.1,,1.8254545454545448,,27.1,25.1682,-80.733683,S2A_MSIL2A_20180421T160511_N0500_R054_T17RNH_20230630T222736,2018-04-21 16:05:11.026,19.08,3.0,0.4101454545454545,11,0.294,11,0.3815909090909091,11
C111MC,2018-05-24,0.013,,,0.005,8.2,0.0375454545454545,26.6,,2.0309090909090908,,29.0,25.1682,-80.733683,S2B_MSIL2A_20180605T160509_N0500_R054_T17RNH_20230715T182439,2018-06-05 16:05:09.024,13.59,12.0,0.3996090909090909,11,0.3114,11,0.4095181818181818,11
C111MC,2018-06-20,0.022,,,0.005,8.3,0.0608,20.5,,2.531,,30.0,25.1682,-80.733683,S2B_MSIL2A_20180605T160509_N0500_R054_T17RNH_20230715T182439,2018-06-05 16:05:09.024,13.59,14.0,0.3996090909090909,11,0.3114,11,0.4095181818181818,11
C111MC,2018-07-18,0.016,,,0.005,8.3,0.0399,18.1,,2.247,,31.7,25.1682,-80.733683,S2A_MSIL2A_20180809T160511_N0500_R054_T17RNH_20230711T022345,2018-08-09 16:05:11.024,8.3,22.0,0.3555272727272727,11,0.2018545454545454,11,0.2430090909090909,11
C111MC,2018-08-23,0.016,,,0.005,8.0,0.0296153846153846,22.5,,2.009230769230769,,31.8,25.1682,-80.733683,S2A_MSIL2A_20180809T160511_N0500_R054_T17RNH_20230711T022345,2018-08-09 16:05:11.024,8.3,13.0,0.3555272727272727,11,0.2018545454545454,11,0.2430090909090909,11
C111MC,2018-09-27,0.038,,,0.005,8.2,0.0291538461538461,15.2,,1.8184615384615384,,30.2,25.1682,-80.733683,S2A_MSIL2A_20180928T160511_N0510_R054_T17RNH_20250531T034550,2018-09-28 16:05:11.024,3.004363,1.0,0.5794636363636364,11,0.4263545454545455,11,0.5415090909090909,11
C111MC,2018-10-23,0.034,,,0.005,8.2,0.0237999999999999,15.1,,1.838,,27.1,25.1682,-80.733683,S2A_MSIL2A_20181018T160511_N0500_R054_T17RNH_20230706T010334,2018-10-18 16:05:11.024,8.03,4.0,0.5708545454545455,11,0.4182636363636364,11,0.5409727272727273,11
C111MC,2018-11-27,0.028,,,0.005,7.5,0.0233076923076923,29.6,,1.7176923076923076,,26.5,25.1682,-80.733683,S2B_MSIL2A_20181202T160509_N0500_R054_T17RNH_20230623T141113,2018-12-02 16:05:09.024,10.75,5.0,0.5265636363636363,11,0.3865090909090909,11,0.5292363636363636,11
C111MC,2018-12-19,0.029,,,0.005,8.1,0.024625,26.4,,1.72,,23.5,25.1682,-80.733683,S2A_MSIL2A_20181217T160501_N0500_R054_T17RNH_20230630T025600,2018-12-17 16:05:01.024,3.73,1.0,0.5562636363636364,11,0.406,11,0.5384181818181818,11
FLAB04,2016-05-31,0.066,0.738,6.68,0.021,8.1,0.005,24.9,2.8,0.584,0.8,28.2,25.221731,-80.388319,S2A_MSIL2A_20160521T160522_N0500_R054_T17RNH_20231008T223616,2016-05-21 16:05:22.027,9.63,9.0,-0.1106857142857142,14,-0.0615714285714285,14,-0.0580857142857142,14
FLAB04,2016-06-20,0.103,1.95,6.01,0.017,8.1,0.008,29.6,2.5,0.762,12.5,29.7,25.221731,-80.388319,S2A_MSIL2A_20160630T160512_N0500_R054_T17RNH_20231015T211056,2016-06-30 16:05:12.027,18.46,10.0,-0.0973357142857142,14,-0.0605214285714285,14,-0.0762857142857142,14
FLAB04,2016-07-12,0.115,1.06,5.64,0.015,7.8,0.008,29.7,2.8,0.68,1.3,31.7,25.221731,-80.388319,S2A_MSIL2A_20160630T160512_N0500_R054_T17RNH_20231015T211056,2016-06-30 16:05:12.027,18.46,11.0,-0.0973357142857142,14,-0.0605214285714285,14,-0.0762857142857142,14
FLAB04,2016-09-08,0.131,0.562,6.07,0.016,7.9,0.004,27.3,3.4,0.606,0.5,30.1,25.221731,-80.388319,S2A_MSIL2A_20160918T160512_N0500_R054_T17RNH_20230930T023451,2016-09-18 16:05:12.026,14.25,10.0,-0.0650928571428571,14,-0.0286571428571428,14,-0.04235,14
FLAB04,2016-10-26,0.042,0.293,7.26,0.024,8.0,0.005,31.0,2.1,0.395,2.3,24.2,25.221731,-80.388319,,,,,,0,,0,,0
FLAB04,2016-11-14,0.09,0.334,6.99,0.042,7.9,0.004,29.1,3.2,0.468,0.7,24.7,25.221731,-80.388319,S2A_MSIL2A_20161127T160512_N0500_R054_T17RNH_20230927T160903,2016-11-27 16:05:12.026,11.47,13.0,-0.1005714285714285,14,-0.0449285714285714,14,-0.0518928571428571,14
FLAB04,2016-12-13,0.07,0.548,6.91,0.047,8.0,0.004,29.0,3.0,0.465,1.4,24.8,25.221731,-80.388319,S2A_MSIL2A_20161127T160512_N0500_R054_T17RNH_20230927T160903,2016-11-27 16:05:12.026,11.47,15.0,-0.1005714285714285,14,-0.0449285714285714,14,-0.0518928571428571,14
FLAB04,2017-01-25,0.08,0.423,6.63,0.039,8.1,0.006,30.9,1.0,0.502,5.9,21.5,25.221731,-80.388319,S2A_MSIL2A_20170215T160511_N0500_R054_T17RNH_20230917T075421,2017-02-15 16:05:11.026,3.45,21.0,-0.1524571428571428,14,-0.0716142857142857,14,-0.0636071428571428,14
FLAB04,2017-02-08,0.065,0.299,7.24,0.027,7.9,0.002,30.7,5.5,0.464,1.0,24.3,25.221731,-80.388319,S2A_MSIL2A_20170215T160511_N0500_R054_T17RNH_20230917T075421,2017-02-15 16:05:11.026,3.45,7.0,-0.1524571428571428,14,-0.0716142857142857,14,-0.0636071428571428,14
FLAB04,2017-03-21,0.03,0.311,7.26,0.006,8.1,0.004,34.6,2.8,0.4,0.9,21.0,25.221731,-80.388319,S2A_MSIL2A_20170225T160511_N0500_R054_T17RNH_20230927T065507,2017-02-25 16:05:11.026,2.02,23.0,-0.1333857142857143,14,-0.0593357142857142,14,-0.0475,14
FLAB04,2017-04-06,0.055,0.548,6.21,0.014,8.0,0.005,34.3,2.6,0.457,2.4,27.2,25.221731,-80.388319,,,,,,0,,0,,0
FLAB04,2017-05-08,0.049,0.421,7.01,0.005,7.7,0.005,38.6,4.7,0.48,0.8,25.4,25.221731,-80.388319,,,,,,0,,0,,0
FLAB04,2017-06-27,0.083,0.439,5.77,0.017,7.9,0.004,37.5,2.6,0.638,0.9,30.4,25.221731,-80.388319,S2A_MSIL2A_20170715T160511_N0500_R054_T17RNH_20230901T104819,2017-07-15 16:05:11.026,6.66,18.0,-0.0760214285714285,14,-0.0447428571428571,14,-0.0450357142857142,14
FLAB04,2017-07-24,0.068,0.315,5.8,0.008,7.9,0.003,34.5,2.7,0.582,0.8,31.0,25.221731,-80.388319,S2A_MSIL2A_20170715T160511_N0500_R054_T17RNH_20230901T104819,2017-07-15 16:05:11.026,6.66,8.0,-0.0760214285714285,14,-0.0447428571428571,14,-0.0450357142857142,14
FLAB04,2017-09-18,0.137,1.3,6.44,0.046,7.6,0.006,19.7,3.0,0.787,1.8,30.4,25.221731,-80.388319,S2A_MSIL2A_20170913T160511_N0500_R054_T17RNH_20230825T160223,2017-09-13 16:05:11.026,18.56,4.0,-0.2486214285714285,14,-0.15,14,-0.2262071428571428,14
FLAB04,2017-10-04,0.16,6.58,6.56,0.014,7.9,0.014,23.2,0.6,1.01,9.0,27.9,25.221731,-80.388319,S2A_MSIL2A_20171003T160511_N0500_R054_T17RNH_20230817T084655,2017-10-03 16:05:11.026,13.94,0.0,-0.0988642857142857,14,-0.04915,14,-0.0885071428571428,14
FLAB04,2017-11-16,0.027,3.01,7.29,0.015,7.9,0.006,24.3,1.5,0.629,1.7,24.4,25.221731,-80.388319,S2B_MSIL2A_20171107T160459_N0500_R054_T17RNH_20230721T141830,2017-11-07 16:04:59.027,7.26,8.0,-0.0026928571428571,14,-0.0012142857142857,14,0.0349214285714285,14
FLAB04,2017-12-18,0.06,0.523,8.36,0.012,8.0,0.005,21.0,2.6,0.645,1.2,20.4,25.221731,-80.388319,S2B_MSIL2A_20171227T160459_N0500_R054_T17RNH_20230720T070737,2017-12-27 16:04:59.027,6.53,9.0,-0.0362571428571428,14,-0.0146214285714285,14,-0.0204071428571428,14
FLAB04,2018-01-16,0.012,0.3,7.84,0.005,7.8,0.004,25.4,3.0,0.516,1.1,18.9,25.221731,-80.388319,S2B_MSIL2A_20171227T160459_N0500_R054_T17RNH_20230720T070737,2017-12-27 16:04:59.027,6.53,19.0,-0.0362571428571428,14,-0.0146214285714285,14,-0.0204071428571428,14
FLAB04,2018-02-12,0.041,0.347,7.06,0.005,8.1,0.004,28.0,1.6,0.469,1.2,25.3,25.221731,-80.388319,S2B_MSIL2A_20180205T160509_N0500_R054_T17RNH_20230804T115018,2018-02-05 16:05:09.027,6.15,6.0,-0.1334785714285714,14,-0.0898,14,-0.0495071428571428,14
FLAB04,2018-03-01,0.039,0.38,6.92,0.005,7.9,0.004,29.9,,0.472,0.7,25.4,25.221731,-80.388319,S2B_MSIL2A_20180317T160509_N0500_R054_T17RNH_20230710T201059,2018-03-17 16:05:09.027,3.5,16.0,-0.1260071428571428,14,-0.0579857142857142,14,-0.0362928571428571,14
FLAB04,2018-04-11,0.05,0.782,6.29,0.005,8.1,0.007,34.3,2.8,0.51,1.4,28.0,25.221731,-80.388319,S2A_MSIL2A_20180421T160511_N0500_R054_T17RNH_20230630T222736,2018-04-21 16:05:11.026,19.08,10.0,-0.1201928571428571,14,-0.0667642857142857,14,-0.0522214285714285,14
FLAB04,2018-05-22,0.059,1.37,5.88,0.005,7.9,0.007,35.7,2.0,0.581,2.7,25.2,25.221731,-80.388319,S2B_MSIL2A_20180605T160509_N0500_R054_T17RNH_20230715T182439,2018-06-05 16:05:09.024,13.59,14.0,-0.09025,14,-0.0543857142857142,14,-0.0484428571428571,14
FLAB04,2018-06-11,0.036,1.83,6.17,0.006,8.1,0.006,32.5,2.8,0.656,1.5,29.9,25.221731,-80.388319,S2B_MSIL2A_20180605T160509_N0500_R054_T17RNH_20230715T182439,2018-06-05 16:05:09.024,13.59,5.0,-0.09025,14,-0.0543857142857142,14,-0.0484428571428571,14
FLAB04,2018-07-10,0.005,1.15,6.58,0.005,7.9,0.005,31.3,2.8,0.647,1.0,31.1,25.221731,-80.388319,,,,,,0,,0,,0
FLAB04,2018-08-08,0.018,1.12,6.47,0.005,8.0,0.005,31.2,2.8,0.752,1.3,30.0,25.221731,-80.388319,S2A_MSIL2A_20180809T160511_N0500_R054_T17RNH_20230711T022345,2018-08-09 16:05:11.024,8.3,1.0,-0.0625142857142857,14,-0.0353214285714285,14,-0.0399,14
FLAB04,2018-09-06,0.068,0.389,5.45,0.005,7.8,0.004,29.2,2.5,0.753,0.9,28.9,25.221731,-80.388319,S2A_MSIL2A_20180928T160511_N0510_R054_T17RNH_20250531T034550,2018-09-28 16:05:11.024,3.004363,22.0,-0.0484857142857142,14,-0.0227642857142857,14,-0.0402142857142857,14
FLAB04,2018-10-23,0.049,0.636,6.51,0.005,8.0,0.004,30.2,3.0,0.632,1.1,27.7,25.221731,-80.388319,S2A_MSIL2A_20181018T160511_N0500_R054_T17RNH_20230706T010334,2018-10-18 16:05:11.024,8.03,4.0,-0.0913857142857142,14,-0.0416928571428571,14,-0.0579428571428571,14
FLAB04,2018-11-05,0.041,0.427,6.89,0.005,8.0,0.005,30.5,2.3,0.572,0.9,26.9,25.221731,-80.388319,S2A_MSIL2A_20181018T160511_N0500_R054_T17RNH_20230706T010334,2018-10-18 16:05:11.024,8.03,17.0,-0.0913857142857142,14,-0.0416928571428571,14,-0.0579428571428571,14
FLAB04,2018-12-05,0.037,0.382,5.29,0.008,7.7,0.003,31.8,2.7,0.588,0.4,24.3,25.221731,-80.388319,S2B_MSIL2A_20181202T160509_N0500_R054_T17RNH_20230623T141113,2018-12-02 16:05:09.024,10.75,2.0,-0.1383714285714286,14,-0.0679928571428571,14,-0.0411857142857142,14
FLAB04,2019-01-29,0.02,0.43,7.54,0.005,7.5,0.003,33.9,2.4,0.54,1.8,18.9,25.221731,-80.388319,S2B_MSIL2A_20190131T160509_N0500_R054_T17RNH_20221203T130314,2019-01-31 16:05:09.024,10.99,2.0,-0.1804642857142857,14,-0.0827928571428571,14,-0.0619071428571428,14
FLAB04,2019-02-19,0.033,0.558,7.62,0.006,8.0,0.005,34.7,2.0,0.59,1.3,25.7,25.221731,-80.388319,S2B_MSIL2A_20190302T160509_N0500_R054_T17RNH_20221114T204209,2019-03-02 16:05:09.024,3.51,11.0,-0.1591714285714285,14,-0.0781642857142857,14,-0.0518714285714285,14
FLAB04,2019-03-05,0.027,0.51,6.67,0.005,7.5,0.004,35.1,2.7,0.565,1.6,26.8,25.221731,-80.388319,S2B_MSIL2A_20190302T160509_N0500_R054_T17RNH_20221114T204209,2019-03-02 16:05:09.024,3.51,2.0,-0.1591714285714285,14,-0.0781642857142857,14,-0.0518714285714285,14
FLAB04,2019-04-02,0.014,0.249,6.99,0.005,7.5,0.009,38.0,3.1,0.408,0.7,25.1,25.221731,-80.388319,S2B_MSIL2A_20190411T160519_N0500_R054_T17RNH_20221023T185626,2019-04-11 16:05:19.024,3.66,9.0,-0.22095,14,-0.1061642857142857,14,-0.0637642857142857,14
FLAB04,2019-05-14,0.029,0.88,6.6,0.005,8.0,0.006,39.9,1.5,0.558,1.5,29.7,25.221731,-80.388319,S2A_MSIL2A_20190526T160511_N0500_R054_T17RNH_20221211T081521,2019-05-26 16:05:11.024,5.48,12.0,-0.1079142857142857,14,-0.07105,14,-0.0439071428571428,14
FLAB04,2019-06-13,0.025,0.596,6.13,0.005,7.9,0.005,41.3,2.7,0.573,0.8,31.1,25.221731,-80.388319,S2A_MSIL2A_20190625T160521_N0500_R054_T17RNH_20230508T164541,2019-06-25 16:05:21.024,2.13,12.0,-0.1256214285714285,14,-0.0613571428571428,14,-0.0536,14
FLAB04,2019-07-29,0.036,0.309,8.99,0.005,7.9,0.006,38.7,3.0,0.774,0.4,32.0,25.221731,-80.388319,S2B_MSIL2A_20190819T160519_N0500_R054_T17RNH_20230505T071445,2019-08-19 16:05:19.024,12.15,21.0,-0.1008785714285714,14,-0.0601428571428571,14,-0.0424928571428571,14
FLAB04,2019-08-13,0.036,0.457,5.72,0.005,7.9,0.005,37.7,3.1,0.787,0.5,32.0,25.221731,-80.388319,S2B_MSIL2A_20190819T160519_N0500_R054_T17RNH_20230505T071445,2019-08-19 16:05:19.024,12.15,6.0,-0.1008785714285714,14,-0.0601428571428571,14,-0.0424928571428571,14
FLAB04,2019-09-10,0.055,0.507,5.33,0.005,7.4,0.006,38.0,2.7,0.778,1.0,30.2,25.221731,-80.388319,S2B_MSIL2A_20190918T160509_N0500_R054_T17RNH_20230501T120457,2019-09-18 16:05:09.024,8.33,8.0,-0.15785,14,-0.0820857142857142,14,-0.0789428571428571,14
FLAB04,2019-10-10,0.12,0.356,5.92,0.013,7.9,0.004,35.8,3.2,0.593,0.7,28.8,25.221731,-80.388319,S2A_MSIL2A_20191013T160511_N0500_R054_T17RNH_20230614T052238,2019-10-13 16:05:11.024,9.57,3.0,-0.0853,14,-0.0391714285714285,14,-0.0412785714285714,14
FLAB04,2019-11-07,0.108,0.539,6.55,0.013,8.0,0.003,35.3,2.6,0.663,1.0,28.0,25.221731,-80.388319,S2A_MSIL2A_20191013T160511_N0500_R054_T17RNH_20230614T052238,2019-10-13 16:05:11.024,9.57,24.0,-0.0853,14,-0.0391714285714285,14,-0.0412785714285714,14
FLAB04,2019-12-09,0.085,0.302,7.18,0.008,8.0,0.003,36.3,5.3,0.602,0.7,22.5,25.221731,-80.388319,S2B_MSIL2A_20191207T160509_N0500_R054_T17RNH_20230525T143258,2019-12-07 16:05:09.024,9.01,1.0,-0.1371785714285714,14,-0.0606928571428571,14,-0.0474928571428571,14
FLAB04,2020-01-23,0.076,0.421,7.67,0.023,7.1,0.004,36.2,2.0,0.563,2.2,17.5,25.221731,-80.388319,S2B_MSIL2A_20200126T160509_N0500_R054_T17RNH_20230424T055929,2020-01-26 16:05:09.024,0.01,3.0,-0.1269071428571428,14,-0.0566357142857142,14,-0.0559142857142857,14
FLAB04,2020-02-06,0.063,0.368,7.46,0.014,8.1,0.002,35.9,2.9,0.584,0.8,23.0,25.221731,-80.388319,S2B_MSIL2A_20200126T160509_N0500_R054_T17RNH_20230424T055929,2020-01-26 16:05:09.024,0.01,10.0,-0.1269071428571428,14,-0.0566357142857142,14,-0.0559142857142857,14
FLAB04,2020-03-05,0.04,0.478,7.46,0.007,8.2,0.004,35.9,2.5,0.502,0.8,24.1,25.221731,-80.388319,S2B_MSIL2A_20200326T160509_N0500_R054_T17RNH_20230409T144543,2020-03-26 16:05:09.024,3.76,21.0,-0.2008785714285714,14,-0.0971214285714285,14,-0.06585,14
FLAB04,2020-04-06,0.042,0.487,6.45,0.005,8.2,0.004,38.3,2.8,0.475,0.7,27.1,25.221731,-80.388319,S2B_MSIL2A_20200326T160509_N0500_R054_T17RNH_20230409T144543,2020-03-26 16:05:09.024,3.76,10.0,-0.2008785714285714,14,-0.0971214285714285,14,-0.06585,14
FLAB04,2020-05-05,0.013,1.27,4.92,0.005,8.0,0.004,40.0,2.6,0.61,1.4,27.2,25.221731,-80.388319,S2B_MSIL2A_20200505T160509_N0500_R054_T17RNH_20230331T132201,2020-05-05 16:05:09.024,13.21,0.0,-0.0268642857142857,14,-0.0246928571428571,14,0.0138285714285714,14
FLAB04,2020-06-02,0.034,0.443,6.53,0.005,8.0,0.004,37.0,2.8,0.568,1.1,30.2,25.221731,-80.388319,S2A_MSIL2A_20200609T160521_N0500_R054_T17RNH_20230412T130437,2020-06-09 16:05:21.024,11.27,7.0,-0.0485,14,-0.0347785714285714,14,-0.04335,14
FLAB04,2020-07-16,0.048,0.809,6.38,0.005,8.1,0.007,35.4,2.5,0.702,1.1,31.3,25.221731,-80.388319,S2A_MSIL2A_20200719T160521_N0500_R054_T17RNH_20230323T200138,2020-07-19 16:05:21.024,15.5,3.0,-0.0724785714285714,14,-0.0409642857142857,14,-0.0511285714285714,14
FLAB04,2020-08-17,0.044,0.283,6.12,0.006,8.0,0.003,31.3,2.7,0.744,0.3,31.7,25.221731,-80.388319,S2B_MSIL2A_20200813T160519_N0500_R054_T17RNH_20230317T064934,2020-08-13 16:05:19.024,8.8,3.0,-0.0942214285714285,14,-0.0518,14,-0.0486928571428571,14
FLAB04,2020-09-01,0.063,0.549,5.95,0.008,8.0,0.004,33.6,2.8,0.775,1.2,32.0,25.221731,-80.388319,S2B_MSIL2A_20200813T160519_N0500_R054_T17RNH_20230317T064934,2020-08-13 16:05:19.024,8.8,18.0,-0.0942214285714285,14,-0.0518,14,-0.0486928571428571,14
FLAB04,2020-10-14,0.096,0.503,6.52,0.017,7.9,0.006,29.0,3.0,0.666,0.5,29.7,25.221731,-80.388319,S2B_MSIL2A_20201012T160519_N0500_R054_T17RNH_20230307T135614,2020-10-12 16:05:19.024,7.31,1.0,-0.0638428571428571,14,-0.0274571428571428,14,-0.0353,14
FLAB04,2020-11-12,0.198,0.848,6.85,0.043,8.1,0.005,24.6,2.8,0.646,2.4,26.1,25.221731,-80.388319,S2A_MSIL2A_20201126T160511_N0500_R054_T17RNH_20230304T135940,2020-11-26 16:05:11.024,7.4,14.0,-0.0453428571428571,14,-0.0196285714285714,14,-0.0318071428571428,14
FLAB04,2020-12-14,0.08,0.279,8.46,0.083,7.9,0.004,18.2,2.6,0.566,0.5,20.2,25.221731,-80.388319,S2A_MSIL2A_20201126T160511_N0500_R054_T17RNH_20230304T135940,2020-11-26 16:05:11.024,7.4,17.0,-0.0453428571428571,14,-0.0196285714285714,14,-0.0318071428571428,14
FLAB04,2021-01-12,0.028,0.283,8.19,0.017,8.2,0.004,22.1,2.7,0.438,0.4,20.6,25.221731,-80.388319,S2A_MSIL2A_20210105T160511_N0500_R054_T17RNH_20230224T230042,2021-01-05 16:05:11.024,0.15,6.0,-0.0947214285714285,14,-0.0427071428571428,14,-0.0453857142857142,14
FLAB04,2021-02-08,0.035,0.197,8.02,0.005,8.1,0.003,23.5,2.7,0.421,0.4,21.4,25.221731,-80.388319,S2B_MSIL2A_20210301T160509_N0500_R054_T17RNH_20230513T142932,2021-03-01 16:05:09.024,5.26,21.0,-0.1034142857142857,14,-0.0503071428571428,14,-0.0419785714285714,14
FLAB04,2021-03-25,0.035,0.324,6.9,0.005,8.1,0.003,29.2,2.7,0.374,0.7,24.2,25.221731,-80.388319,S2B_MSIL2A_20210331T160509_N0500_R054_T17RNH_20230519T193433,2021-03-31 16:05:09.024,4.3,6.0,-0.1217071428571428,14,-0.0657285714285714,14,-0.03605,14
FLAB04,2021-04-06,0.044,0.302,7.1,0.005,8.0,0.007,30.9,2.6,0.458,0.8,21.7,25.221731,-80.388319,S2B_MSIL2A_20210331T160509_N0500_R054_T17RNH_20230519T193433,2021-03-31 16:05:09.024,4.3,5.0,-0.1217071428571428,14,-0.0657285714285714,14,-0.03605,14
FLAB04,2021-05-06,0.06,0.432,6.17,0.006,8.0,0.004,32.4,2.5,0.559,0.8,29.1,25.221731,-80.388319,S2B_MSIL2A_20210510T160509_N0500_R054_T17RNH_20230208T043056,2021-05-10 16:05:09.024,3.55,4.0,-0.0875142857142857,14,-0.0614714285714285,14,-0.0632285714285714,14
FLAB04,2021-06-21,0.064,0.428,6.02,0.008,7.9,0.004,35.5,2.5,0.581,0.8,29.9,25.221731,-80.388319,S2B_MSIL2A_20210609T160509_N0500_R054_T17RNH_20230128T121728,2021-06-09 16:05:09.024,11.23,11.0,-0.1450357142857143,14,-0.0959428571428571,14,-0.0573785714285714,14
FLAB04,2021-07-22,0.065,0.469,5.74,0.008,7.9,0.005,35.9,2.6,0.561,0.8,31.1,25.221731,-80.388319,S2A_MSIL2A_20210704T160511_N0500_R054_T17RNH_20230129T022912,2021-07-04 16:05:11.024,4.55,17.0,-0.0802071428571428,14,-0.0479928571428571,14,-0.0585214285714285,14
FLAB04,2021-08-19,0.007,3.16,7.5,0.005,8.0,0.009,35.4,2.5,0.616,1.5,30.7,25.221731,-80.388319,S2B_MSIL2A_20210818T160509_N0500_R054_T17RNH_20230117T162001,2021-08-18 16:05:09.024,6.15,0.0,-0.0885785714285714,14,-0.0536857142857142,14,-0.04425,14
FLAB04,2021-09-21,0.084,0.363,5.89,0.013,7.8,0.003,32.7,,0.649,0.5,30.1,25.221731,-80.388319,S2B_MSIL2A_20210927T160509_N0500_R054_T17RNH_20230115T060558,2021-09-27 16:05:09.024,2.58,6.0,-0.0755785714285714,14,-0.0352571428571428,14,-0.0349285714285714,14
FLAB04,2021-10-21,0.066,0.315,6.6,0.007,8.0,0.005,33.7,2.9,0.604,1.4,26.7,25.221731,-80.388319,S2B_MSIL2A_20211017T160509_N0500_R054_T17RNH_20230105T060942,2021-10-17 16:05:09.024,1.5,3.0,-0.1118785714285714,14,-0.0496714285714285,14,-0.0387571428571428,14
FLAB04,2021-11-15,0.1,0.504,6.59,0.02,7.8,0.004,30.6,2.9,0.749,1.7,23.3,25.221731,-80.388319,S2B_MSIL2A_20211126T160509_N0500_R054_T17RNH_20221231T133627,2021-11-26 16:05:09.024,7.91,11.0,-0.0699285714285714,14,-0.0302285714285714,14,-0.0340857142857142,14
FLAB04,2021-12-16,0.088,0.469,7.0,0.028,8.0,0.006,28.7,2.8,0.558,1.6,24.9,25.221731,-80.388319,S2A_MSIL2A_20211201T160511_N0500_R054_T17RNH_20221224T161347,2021-12-01 16:05:11.024,2.02,14.0,-0.0724928571428571,14,-0.0316571428571428,14,-0.0396928571428571,14
FLAB04,2022-01-18,0.055,0.402,7.62,0.045,8.0,0.006,29.1,2.8,0.568,1.0,20.4,25.221731,-80.388319,S2A_MSIL2A_20220130T160511_N0510_R054_T17RNH_20240508T134151,2022-01-30 16:05:11.024,4.314916,12.0,-0.2426428571428571,14,-0.1264071428571428,14,-0.1316857142857143,14
FLAB04,2022-02-01,0.047,0.242,8.04,0.031,7.9,0.004,28.8,2.8,0.523,1.0,16.8,25.221731,-80.388319,S2A_MSIL2A_20220130T160511_N0510_R054_T17RNH_20240508T134151,2022-01-30 16:05:11.024,4.314916,1.0,-0.2426428571428571,14,-0.1264071428571428,14,-0.1316857142857143,14
FLAB04,2022-03-28,0.032,0.208,7.47,0.005,8.2,0.003,31.7,2.6,0.449,0.7,24.2,25.221731,-80.388319,S2A_MSIL2A_20220301T160521_N0510_R054_T17RNH_20240517T125255,2022-03-01 16:05:21.024,6.624457,26.0,-0.1624357142857143,14,-0.0781642857142857,14,-0.0504,14
FLAB04,2022-04-11,0.023,0.178,6.93,0.005,8.0,0.004,32.4,2.7,0.499,1.5,23.4,25.221731,-80.388319,S2B_MSIL2A_20220425T160509_N0510_R054_T17RNH_20240605T092546,2022-04-25 16:05:09.024,11.56,14.0,-0.1266142857142857,14,-0.0747142857142857,14,-0.0318928571428571,14
FLAB04,2022-05-25,0.006,0.805,6.55,0.005,8.1,0.006,37.3,2.6,0.453,1.3,28.9,25.221731,-80.388319,S2B_MSIL2A_20220515T160509_N0510_R054_T17RNH_20240627T105215,2022-05-15 16:05:09.024,5.97,9.0,-0.127,14,-0.0557571428571428,14,-0.0178428571428571,14
FLAB04,2022-06-23,0.06,0.855,6.46,0.021,8.0,0.004,25.5,2.95,0.627,1.2,30.5,25.221731,-80.388319,S2A_MSIL2A_20220629T160521_N0510_R054_T17RNH_20240628T194938,2022-06-29 16:05:21.024,4.056241,6.0,-0.0212642857142857,14,-0.0145142857142857,14,-0.0395642857142857,14
FLAB04,2022-07-07,0.028,0.363,6.94,0.005,8.1,0.003,28.4,2.8,0.578,0.7,31.1,25.221731,-80.388319,S2A_MSIL2A_20220629T160521_N0510_R054_T17RNH_20240628T194938,2022-06-29 16:05:21.024,4.056241,7.0,-0.0212642857142857,14,-0.0145142857142857,14,-0.0395642857142857,14
FLAB04,2022-08-24,0.033,0.34,6.12,0.005,8.1,0.002,32.0,3.1,0.607,0.4,31.9,25.221731,-80.388319,S2A_MSIL2A_20220818T160521_N0510_R054_T17RNH_20240629T103659,2022-08-18 16:05:21.024,4.266037,5.0,-0.0848071428571428,14,-0.04315,14,-0.0563428571428571,14
FLAB04,2022-09-08,0.045,0.8,6.22,0.005,8.0,0.003,31.2,2.7,0.644,0.5,31.0,25.221731,-80.388319,S2B_MSIL2A_20220902T160509_N0510_R054_T17RNH_20240719T005650,2022-09-02 16:05:09.024,4.340765,5.0,-0.0955214285714285,14,-0.0512428571428571,14,-0.0352571428571428,14
FLAB04,2022-10-24,0.092,0.274,6.94,0.022,7.9,0.002,29.0,3.0,0.59,0.5,24.5,25.221731,-80.388319,S2B_MSIL2A_20221022T160509_N0510_R054_T17RNH_20240729T211221,2022-10-22 16:05:09.024,18.645181,1.0,-0.0603928571428571,14,-0.0557928571428571,14,-0.0158428571428571,14
FLAB04,2022-11-22,0.054,0.277,6.64,0.025,8.0,0.002,29.7,2.5,0.41,0.6,25.5,25.221731,-80.388319,S2B_MSIL2A_20221211T160509_N0510_R054_T17RNH_20240806T114151,2022-12-11 16:05:09.024,0.090929,19.0,-0.0747785714285714,14,-0.03255,14,-0.0279071428571428,14
FLAB04,2022-12-05,0.083,0.32,7.08,0.059,8.0,0.002,28.8,2.9,0.471,0.8,24.5,25.221731,-80.388319,S2B_MSIL2A_20221211T160509_N0510_R054_T17RNH_20240806T114151,2022-12-11 16:05:09.024,0.090929,6.0,-0.0747785714285714,14,-0.03255,14,-0.0279071428571428,14
FLAB04,2023-01-18,0.037,0.149,8.02,0.026,8.1,0.002,28.9,2.8,0.408,0.5,19.7,25.221731,-80.388319,S2A_MSIL2A_20230115T160511_N0510_R054_T17RNH_20240726T230934,2023-01-15 16:05:11.024,0.01,2.0,-0.1771857142857142,14,-0.0826642857142857,14,-0.0847285714285714,14
FLAB04,2023-02-16,0.024,0.261,7.84,0.007,8.2,0.002,28.4,2.9,0.429,1.9,23.4,25.221731,-80.388319,S2B_MSIL2A_20230301T160509_N0510_R054_T17RNH_20240817T102704,2023-03-01 16:05:09.025,0.13,13.0,-0.1362,14,-0.0595071428571428,14,-0.0485928571428571,14
FLAB04,2023-03-02,0.031,0.034,7.15,0.005,8.1,0.005,28.3,2.9,0.455,1.4,25.6,25.221731,-80.388319,S2B_MSIL2A_20230301T160509_N0510_R054_T17RNH_20240817T102704,2023-03-01 16:05:09.025,0.13,0.0,-0.1362,14,-0.0595071428571428,14,-0.0485928571428571,14
FLAB04,2023-04-13,0.022,0.354,6.74,0.005,8.1,0.006,32.1,1.6,0.44,2.5,26.0,25.221731,-80.388319,S2A_MSIL2A_20230415T160511_N0510_R054_T17RNH_20240830T092006,2023-04-15 16:05:11.024,6.0,2.0,-0.0922142857142857,14,-0.0510714285714285,14,-0.0241857142857142,14
FLAB04,2023-05-02,0.029,0.571,6.96,0.006,7.9,0.009,33.0,3.0,0.492,0.9,26.4,25.221731,-80.388319,S2A_MSIL2A_20230515T160511_N0510_R054_T17RNH_20240810T080114,2023-05-15 16:05:11.024,9.75,13.0,-0.1207285714285714,14,-0.0734857142857143,14,-0.0657285714285714,14
FLAB04,2023-06-12,0.017,1.75,6.67,0.005,8.0,0.009,33.5,3.0,0.6,1.3,30.6,25.221731,-80.388319,S2A_MSIL2A_20230614T160511_N0510_R054_T17RNH_20240910T072424,2023-06-14 16:05:11.024,11.47,2.0,-0.0320428571428571,14,-0.0326357142857142,14,-0.0617142857142857,14
FLAB04,2023-07-12,0.062,0.654,5.93,0.009,8.0,0.007,31.0,3.0,0.656,0.7,34.2,25.221731,-80.388319,S2B_MSIL2A_20230709T160519_N0510_R054_T17RNH_20241014T004835,2023-07-09 16:05:19.024,3.25,2.0,-0.0684,14,-0.0362642857142857,14,-0.0377642857142857,14
FLAB04,2023-08-09,0.042,0.552,6.06,0.005,8.0,0.006,26.3,2.8,0.73,0.7,34.2,25.221731,-80.388319,S2A_MSIL2A_20230724T160511_N0510_R054_T17RNH_20240820T071355,2023-07-24 16:05:11.024,5.24,15.0,-0.0594642857142857,14,-0.0315428571428571,14,-0.0372928571428571,14
FLAB04,2023-09-12,0.042,0.381,6.25,0.006,8.0,0.007,29.4,3.5,0.627,0.4,30.9,25.221731,-80.388319,S2B_MSIL2A_20230828T160519_N0510_R054_T17RNH_20240912T061739,2023-08-28 16:05:19.024,3.33,14.0,-0.1095071428571428,14,-0.0584571428571428,14,-0.04415,14
FLAB04,2023-10-11,0.061,0.226,6.47,0.012,7.9,0.003,28.6,2.9,0.594,0.8,30.0,25.221731,-80.388319,S2B_MSIL2A_20231007T160509_N0510_R054_T17RNH_20241022T112823,2023-10-07 16:05:09.024,1.06,3.0,-0.0826071428571428,14,-0.0355928571428571,14,-0.0339285714285714,14
FLAB04,2023-11-08,0.049,0.421,7.2,0.04,7.9,0.003,30.8,3.3,0.428,0.5,25.2,25.221731,-80.388319,S2A_MSIL2A_20231101T160511_N0510_R054_T17RNH_20240831T085923,2023-11-01 16:05:11.024,0.26,6.0,-0.0426571428571428,14,-0.0185714285714285,14,-0.0361857142857142,14
FLAB04,2023-12-12,0.119,0.765,7.65,0.04,8.0,0.004,24.6,1.5,0.601,5.9,21.5,25.221731,-80.388319,S2A_MSIL2A_20231231T160511_N0510_R054_T17RNH_20231231T210949,2023-12-31 16:05:11.024,0.01,19.0,-0.0747,14,-0.0326357142857142,14,-0.0406285714285714,14
FLAB04,2024-01-22,0.101,1.24,7.69,0.059,8.0,0.006,22.9,2.3,0.622,18.9,20.6,25.221731,-80.388319,S2A_MSIL2A_20240130T160511_N0510_R054_T17RNH_20240130T210100,2024-01-30 16:05:11.024,3.12,8.0,-0.1490571428571428,14,-0.0699214285714285,14,-0.0637785714285714,14
FLAB04,2024-02-08,0.033,0.215,8.16,0.061,8.0,0.004,24.4,2.8,0.436,1.8,19.4,25.221731,-80.388319,S2A_MSIL2A_20240130T160511_N0510_R054_T17RNH_20240130T210100,2024-01-30 16:05:11.024,3.12,8.0,-0.1490571428571428,14,-0.0699214285714285,14,-0.0637785714285714,14
FLAB04,2024-03-18,0.017,0.26,7.46,0.015,8.2,0.004,25.8,2.7,0.39,0.8,27.9,25.221731,-80.388319,S2B_MSIL2A_20240315T160509_N0510_R054_T17RNH_20240315T200115,2024-03-15 16:05:09.024,8.77,2.0,-0.0769857142857142,14,-0.07245,14,-0.0348071428571428,14
FLAB04,2024-04-04,0.028,0.611,6.95,0.011,8.0,0.004,25.0,2.2,0.408,3.0,25.6,25.221731,-80.388319,S2A_MSIL2A_20240409T160511_N0510_R054_T17RNH_20240409T221856,2024-04-09 16:05:11.024,8.95,5.0,-0.1158571428571428,14,-0.06735,14,-0.0548571428571428,14
FLAB04,2024-05-20,0.027,0.505,6.29,0.011,8.1,0.003,31.1,2.6,0.446,1.1,30.4,25.221731,-80.388319,S2A_MSIL2A_20240529T160511_N0510_R054_T17RNH_20240529T221346,2024-05-29 16:05:11.024,4.6,9.0,-0.1117071428571428,14,-0.0540142857142857,14,-0.0407928571428571,14
FLAB04,2024-06-04,0.034,0.408,6.86,0.007,8.1,0.005,31.4,3.0,0.439,0.8,29.2,25.221731,-80.388319,S2A_MSIL2A_20240529T160511_N0510_R054_T17RNH_20240529T221346,2024-05-29 16:05:11.024,4.6,5.0,-0.1117071428571428,14,-0.0540142857142857,14,-0.0407928571428571,14
FLAB04,2024-07-17,0.042,0.482,6.97,0.016,8.0,0.004,25.7,2.9,0.523,0.5,31.3,25.221731,-80.388319,S2A_MSIL2A_20240628T160511_N0510_R054_T17RNH_20240628T223450,2024-06-28 16:05:11.024,3.75,18.0,-0.0288785714285714,14,-0.0167214285714285,14,-0.04025,14
FLAB04,2024-09-16,0.062,0.597,6.08,0.013,8.0,0.003,24.2,3.5,0.594,0.4,32.0,25.221731,-80.388319,S2B_MSIL2A_20241001T160509_N0511_R054_T17RNH_20241001T210909,2024-10-01 16:05:09.024,5.16,15.0,-0.0255,14,-0.0108642857142857,14,-0.0155357142857142,14
FLAB04,2024-10-14,0.135,0.725,6.71,0.031,7.9,0.002,20.0,3.1,0.619,0.7,27.9,25.221731,-80.388319,S2B_MSIL2A_20241001T160509_N0511_R054_T17RNH_20241001T210909,2024-10-01 16:05:09.024,5.16,12.0,-0.0255,14,-0.0108642857142857,14,-0.0155357142857142,14
FLAB04,2024-11-14,0.049,1.05,7.26,0.105,8.0,0.004,24.2,2.0,0.511,2.1,26.1,25.221731,-80.388319,S2A_MSIL2A_20241115T160511_N0511_R054_T17RNH_20241115T205649,2024-11-15 16:05:11.024,4.75,1.0,-0.0965071428571428,14,-0.0432357142857142,14,-0.0502785714285714,14
FLAB04,2024-12-11,0.017,0.307,7.78,0.03,8.1,0.002,26.7,2.9,0.348,0.6,22.1,25.221731,-80.388319,S2A_MSIL2A_20241115T160511_N0511_R054_T17RNH_20241115T205649,2024-11-15 16:05:11.024,4.75,25.0,-0.0965071428571428,14,-0.0432357142857142,14,-0.0502785714285714,14
FLAB04,2025-01-27,0.026,0.232,8.13,0.017,8.1,0.003,29.9,2.8,0.322,1.0,19.2,25.221731,-80.388319,S2B_MSIL2A_20250119T160509_N0511_R054_T17RNH_20250119T211653,2025-01-19 16:05:09.024,1.34,7.0,-0.13995,14,-0.0649928571428571,14,-0.0424928571428571,14
FLAB04,2025-02-11,0.021,0.323,9.06,0.011,8.2,0.002,,2.8,0.332,0.8,,25.221731,-80.388319,S2B_MSIL2A_20250228T160509_N0511_R054_T17RNH_20250228T194642,2025-02-28 16:05:09.024,0.47,17.0,-0.1389214285714285,14,-0.0619571428571428,14,-0.0359714285714285,14
FLAB04,2025-03-10,0.017,0.344,7.61,0.01,8.1,0.004,31.9,2.5,0.348,1.2,24.8,25.221731,-80.388319,S2B_MSIL2A_20250228T160509_N0511_R054_T17RNH_20250228T194642,2025-02-28 16:05:09.024,0.47,9.0,-0.1389214285714285,14,-0.0619571428571428,14,-0.0359714285714285,14
FLAB04,2025-04-28,0.022,0.352,7.31,0.005,8.2,0.002,36.9,1.9,0.344,0.8,26.9,25.221731,-80.388319,S2A_MSIL2A_20250416T160521_N0511_R054_T17RNH_20250417T013913,2025-04-16 16:05:21.024,4.846258,11.0,-0.0379071428571428,14,-0.0191285714285714,14,-0.0062071428571428,14
FLAB04,2025-05-27,0.027,0.669,6.66,0.008,8.2,0.003,36.8,3.0,0.426,0.7,31.1,25.221731,-80.388319,S2A_MSIL2A_20250526T160531_N0511_R054_T17RNH_20250526T203213,2025-05-26 16:05:31.024,2.662065,0.0,-0.08045,14,-0.0488785714285714,14,-0.0348214285714285,14
FLAB04,2025-06-09,0.052,0.459,6.68,0.019,8.0,0.005,34.7,3.0,0.51,0.5,30.2,25.221731,-80.388319,S2A_MSIL2A_20250615T160521_N0511_R054_T17RNH_20250615T222322,2025-06-15 16:05:21.024,8.885614,6.0,-0.0869071428571428,14,-0.0560214285714285,14,-0.0476428571428571,14
FLAB04,2025-07-17,0.039,0.739,6.23,0.008,8.0,0.003,35.9,2.5,0.508,0.5,29.8,25.221731,-80.388319,S2C_MSIL2A_20250802T160531_N0511_R054_T17RNH_20250802T202613,2025-08-02 16:05:31.025,4.725419,16.0,-0.0703714285714285,14,-0.04035,14,-0.0358428571428571,14
FLAB04,2025-09-15,0.057,0.635,6.27,0.02,7.9,0.002,32.3,2.8,0.605,0.5,30.1,25.221731,-80.388319,S2C_MSIL2A_20251001T160531_N0511_R054_T17RNH_20251001T205018,2025-10-01 16:05:31.025,1.61,16.0,-0.0177285714285714,14,-0.0074,14,-0.0183428571428571,14
FLAB04,2025-10-06,0.041,0.436,6.52,0.067,7.9,0.004,30.2,3.5,0.48,0.3,29.7,25.221731,-80.388319,S2C_MSIL2A_20251001T160531_N0511_R054_T17RNH_20251001T205018,2025-10-01 16:05:31.025,1.61,4.0,-0.0177285714285714,14,-0.0074,14,-0.0183428571428571,14
FLAB04,2025-11-17,0.027,0.364,7.85,0.044,8.0,0.005,27.5,2.7,0.432,0.4,23.4,25.221731,-80.388319,S2A_MSIL2A_20251122T160531_N0511_R054_T17RNH_20251122T183708,2025-11-22 16:05:31.024,5.56,5.0,-0.0470857142857142,14,-0.0200642857142857,14,-0.0255142857142857,14
FLAB04,2025-12-11,0.032,0.416,7.59,0.019,8.0,0.003,28.4,3.1,0.418,0.7,24.1,25.221731,-80.388319,S2C_MSIL2A_20251220T160521_N0511_R054_T17RNH_20251220T191014,2025-12-20 16:05:21.025,10.66,9.0,-0.064,14,-0.0282642857142857,14,-0.0268071428571428,14
FLAB05,2016-01-25,0.115,0.503,8.42,0.101,8.0,0.005,24.3,1.7,0.689,2.3,16.2,25.17405,-80.423081,S2A_MSIL2A_20160102T155642_N0500_R054_T17RNH_20231010T064726,2016-01-02 15:56:42.030,8.37,22.0,-0.1204,9,-0.0539444444444444,9,-0.0680444444444444,9
FLAB05,2016-02-22,0.08,0.274,7.73,0.094,7.6,0.004,24.0,2.4,0.636,1.6,21.0,25.17405,-80.423081,,,,,,0,,0,,0
FLAB05,2016-04-05,0.046,0.322,6.52,0.018,8.1,0.004,26.3,2.4,0.536,1.3,25.2,25.17405,-80.423081,S2A_MSIL2A_20160401T154922_N0500_R054_T17RNH_20231021T232321,2016-04-01 15:49:22.030,10.03,3.0,-0.1275111111111111,9,-0.0752333333333333,9,-0.0665333333333333,9
FLAB05,2016-06-20,0.062,0.702,6.3,0.026,8.0,0.006,32.6,2.5,0.657,1.6,29.6,25.17405,-80.423081,S2A_MSIL2A_20160630T160512_N0500_R054_T17RNH_20231015T211056,2016-06-30 16:05:12.027,18.46,10.0,-0.0871222222222222,9,-0.0868111111111111,9,-0.0316777777777777,9
FLAB05,2016-09-13,0.077,0.496,5.94,0.028,7.9,0.003,30.7,2.5,0.616,1.0,29.8,25.17405,-80.423081,S2A_MSIL2A_20160918T160512_N0500_R054_T17RNH_20230930T023451,2016-09-18 16:05:12.026,14.25,5.0,-0.1392666666666666,9,-0.0656777777777777,9,-0.0680777777777777,9
FLAB05,2016-10-26,0.053,0.38,7.4,0.035,8.0,0.004,29.3,2.1,0.488,1.8,24.1,25.17405,-80.423081,,,,,,0,,0,,0
FLAB05,2016-12-13,0.071,0.62,7.01,0.042,8.0,0.004,29.3,4.0,0.468,1.1,24.9,25.17405,-80.423081,S2A_MSIL2A_20161127T160512_N0500_R054_T17RNH_20230927T160903,2016-11-27 16:05:12.026,11.47,15.0,-0.1162111111111111,9,-0.0522888888888888,9,-0.0631,9
FLAB05,2017-02-08,0.052,0.254,7.23,0.049,7.9,0.002,30.6,4.6,0.51,1.3,24.2,25.17405,-80.423081,S2A_MSIL2A_20170215T160511_N0500_R054_T17RNH_20230917T075421,2017-02-15 16:05:11.026,3.45,7.0,-0.1930333333333333,9,-0.0935111111111111,9,-0.0877666666666666,9
FLAB05,2017-04-06,0.022,0.392,6.53,0.022,8.0,0.005,33.9,2.3,0.446,1.4,26.7,25.17405,-80.423081,,,,,,0,,0,,0
FLAB05,2017-08-21,0.048,0.35,5.72,0.01,7.0,0.003,38.1,2.4,0.617,0.9,30.1,25.17405,-80.423081,S2A_MSIL2A_20170804T160511_N0500_R054_T17RNH_20230826T141136,2017-08-04 16:05:11.026,7.87,16.0,-0.0637666666666666,9,-0.0398555555555555,9,-0.042,9
FLAB05,2017-10-04,0.103,7.05,6.18,0.005,7.9,0.024,25.2,0.5,1.27,9.3,27.6,25.17405,-80.423081,S2A_MSIL2A_20171003T160511_N0500_R054_T17RNH_20230817T084655,2017-10-03 16:05:11.026,13.94,0.0,-0.1057333333333333,9,-0.0530666666666666,9,-0.0799666666666666,9
FLAB05,2017-12-18,0.008,1.26,9.08,0.005,8.2,0.006,22.7,4.3,0.765,1.2,20.4,25.17405,-80.423081,S2B_MSIL2A_20171227T160459_N0500_R054_T17RNH_20230720T070737,2017-12-27 16:04:59.027,6.53,9.0,-0.1129222222222222,9,-0.0737777777777777,9,-0.0660111111111111,9
FLAB05,2018-02-12,0.021,0.893,6.8,0.005,8.1,0.006,26.3,1.4,0.553,1.1,25.5,25.17405,-80.423081,S2B_MSIL2A_20180205T160509_N0500_R054_T17RNH_20230804T115018,2018-02-05 16:05:09.027,6.15,6.0,-0.1269666666666666,9,-0.0543111111111111,9,-0.0689555555555555,9
FLAB05,2018-04-11,0.038,0.552,6.09,0.005,8.1,0.007,33.0,1.5,0.604,3.2,27.9,25.17405,-80.423081,S2A_MSIL2A_20180421T160511_N0500_R054_T17RNH_20230630T222736,2018-04-21 16:05:11.026,19.08,10.0,-0.1590888888888889,9,-0.0915,9,-0.0783333333333333,9
FLAB05,2018-06-11,0.089,0.608,5.24,0.008,8.1,0.005,32.0,2.4,0.67,1.1,29.7,25.17405,-80.423081,S2B_MSIL2A_20180605T160509_N0500_R054_T17RNH_20230715T182439,2018-06-05 16:05:09.024,13.59,5.0,-0.1226111111111111,9,-0.0775666666666666,9,-0.0685333333333333,9
FLAB05,2018-08-08,0.062,0.297,5.51,0.011,7.8,0.004,32.3,2.3,0.778,1.5,29.6,25.17405,-80.423081,S2A_MSIL2A_20180809T160511_N0500_R054_T17RNH_20230711T022345,2018-08-09 16:05:11.024,8.3,1.0,-0.0802777777777777,9,-0.0488555555555555,9,-0.0559111111111111,9
FLAB05,2018-10-23,0.022,0.948,6.67,0.006,7.9,0.004,31.0,2.5,0.67,1.0,27.5,25.17405,-80.423081,S2A_MSIL2A_20181018T160511_N0500_R054_T17RNH_20230706T010334,2018-10-18 16:05:11.024,8.03,4.0,-0.0739111111111111,9,-0.0329555555555555,9,-0.0551777777777777,9
FLAB05,2018-12-05,0.047,0.295,4.75,0.01,7.8,0.003,32.1,2.5,0.654,0.5,24.5,25.17405,-80.423081,S2B_MSIL2A_20181202T160509_N0500_R054_T17RNH_20230623T141113,2018-12-02 16:05:09.024,10.75,2.0,-0.1580777777777778,9,-0.0789333333333333,9,-0.0702888888888888,9
FLAB05,2019-02-19,0.035,0.263,7.05,0.017,8.0,0.003,34.1,2.0,0.648,1.4,25.7,25.17405,-80.423081,S2B_MSIL2A_20190302T160509_N0500_R054_T17RNH_20221114T204209,2019-03-02 16:05:09.024,3.51,11.0,0.0193555555555555,9,0.0074888888888888,9,0.0160666666666666,9
FLAB05,2019-04-02,0.028,0.103,6.03,0.005,7.7,0.006,37.4,2.8,0.529,1.4,25.3,25.17405,-80.423081,S2B_MSIL2A_20190411T160519_N0500_R054_T17RNH_20221023T185626,2019-04-11 16:05:19.024,3.66,9.0,-0.2291555555555555,9,-0.1113333333333333,9,-0.0830666666666666,9
FLAB05,2019-06-13,0.036,0.332,5.94,0.005,7.9,0.005,40.5,2.5,0.602,1.3,31.2,25.17405,-80.423081,S2A_MSIL2A_20190625T160521_N0500_R054_T17RNH_20230508T164541,2019-06-25 16:05:21.024,2.13,12.0,-0.1735,9,-0.0878444444444444,9,-0.0750888888888888,9
FLAB05,2019-08-13,0.077,0.377,5.86,0.005,8.0,0.003,41.5,3.0,0.841,1.4,32.5,25.17405,-80.423081,S2B_MSIL2A_20190819T160519_N0500_R054_T17RNH_20230505T071445,2019-08-19 16:05:19.024,12.15,6.0,-0.1289333333333333,9,-0.0727555555555555,9,-0.033,9
FLAB05,2019-10-10,0.099,0.357,5.71,0.016,7.8,0.004,37.3,2.7,0.782,0.9,28.9,25.17405,-80.423081,S2A_MSIL2A_20191013T160511_N0500_R054_T17RNH_20230614T052238,2019-10-13 16:05:11.024,9.57,3.0,-0.0589666666666666,9,-0.0269111111111111,9,-0.0462,9
FLAB05,2019-12-09,0.034,0.302,7.26,0.005,7.9,0.004,36.9,4.5,0.55,0.6,22.7,25.17405,-80.423081,S2B_MSIL2A_20191207T160509_N0500_R054_T17RNH_20230525T143258,2019-12-07 16:05:09.024,9.01,1.0,-0.1048333333333333,9,-0.0452777777777777,9,-0.0532444444444444,9
FLAB05,2020-02-06,0.024,0.27,7.52,0.013,8.1,0.002,35.9,2.3,0.585,1.0,23.3,25.17405,-80.423081,S2B_MSIL2A_20200126T160509_N0500_R054_T17RNH_20230424T055929,2020-01-26 16:05:09.024,0.01,10.0,-0.1439333333333333,9,-0.0653222222222222,9,-0.0611111111111111,9
FLAB05,2020-04-06,0.022,0.356,6.7,0.005,8.2,0.011,39.2,2.2,0.589,0.8,26.8,25.17405,-80.423081,S2B_MSIL2A_20200326T160509_N0500_R054_T17RNH_20230409T144543,2020-03-26 16:05:09.024,3.76,10.0,-0.1791555555555555,9,-0.0848666666666666,9,-0.0652777777777777,9
FLAB05,2020-06-02,0.022,0.5,6.83,0.005,8.0,0.005,36.3,2.3,0.594,0.7,30.1,25.17405,-80.423081,S2A_MSIL2A_20200609T160521_N0500_R054_T17RNH_20230412T130437,2020-06-09 16:05:21.024,11.27,7.0,-0.1136555555555555,9,-0.0698111111111111,9,-0.058,9
FLAB05,2020-08-17,0.032,0.628,6.43,0.005,8.1,0.004,34.7,2.2,0.936,0.6,31.7,25.17405,-80.423081,S2B_MSIL2A_20200813T160519_N0500_R054_T17RNH_20230317T064934,2020-08-13 16:05:19.024,8.8,3.0,-0.124,9,-0.0945666666666666,9,0.0222555555555555,9
FLAB05,2020-10-14,0.093,0.466,6.52,0.007,7.9,0.005,30.6,2.3,0.659,0.6,29.8,25.17405,-80.423081,S2B_MSIL2A_20201012T160519_N0500_R054_T17RNH_20230307T135614,2020-10-12 16:05:19.024,7.31,1.0,-0.0976444444444444,9,-0.0430222222222222,9,-0.0460555555555555,9
FLAB05,2020-12-14,0.074,0.261,8.56,0.057,8.2,0.004,20.3,2.3,0.527,0.4,20.7,25.17405,-80.423081,S2A_MSIL2A_20201126T160511_N0500_R054_T17RNH_20230304T135940,2020-11-26 16:05:11.024,7.4,17.0,-0.0516444444444444,9,-0.0225111111111111,9,-0.0449444444444444,9
FLAB05,2021-01-12,0.025,0.313,8.09,0.012,8.2,0.005,23.0,2.2,0.449,0.5,20.5,25.17405,-80.423081,S2A_MSIL2A_20210105T160511_N0500_R054_T17RNH_20230224T230042,2021-01-05 16:05:11.024,0.15,6.0,-0.0831444444444444,9,-0.0378444444444444,9,-0.0419,9
FLAB05,2021-03-25,0.02,0.338,6.96,0.005,8.2,0.004,27.8,2.2,0.445,0.5,24.2,25.17405,-80.423081,S2B_MSIL2A_20210331T160509_N0500_R054_T17RNH_20230519T193433,2021-03-31 16:05:09.024,4.3,6.0,-0.1072222222222222,9,-0.0574555555555555,9,-0.0497444444444444,9
FLAB05,2021-05-06,0.03,0.297,7.1,0.005,8.1,0.005,31.4,2.1,0.578,0.6,28.7,25.17405,-80.423081,S2B_MSIL2A_20210510T160509_N0500_R054_T17RNH_20230208T043056,2021-05-10 16:05:09.024,3.55,4.0,-0.0886333333333333,9,-0.0520111111111111,9,-0.0468666666666666,9
FLAB05,2021-07-22,0.05,0.551,5.97,0.013,8.0,0.004,35.0,2.2,0.535,0.5,31.1,25.17405,-80.423081,S2A_MSIL2A_20210704T160511_N0500_R054_T17RNH_20230129T022912,2021-07-04 16:05:11.024,4.55,17.0,-0.0829444444444444,9,-0.0484222222222222,9,-0.0443888888888888,9
FLAB05,2021-10-21,0.055,0.315,6.51,0.017,8.0,0.006,33.7,2.3,0.651,0.9,26.5,25.17405,-80.423081,S2B_MSIL2A_20211017T160509_N0500_R054_T17RNH_20230105T060942,2021-10-17 16:05:09.024,1.5,3.0,-0.0870777777777777,9,-0.0379111111111111,9,-0.0407555555555555,9
FLAB05,2021-12-16,0.065,0.251,7.14,0.04,7.9,0.005,28.7,2.2,0.572,0.8,24.9,25.17405,-80.423081,S2A_MSIL2A_20211201T160511_N0500_R054_T17RNH_20221224T161347,2021-12-01 16:05:11.024,2.02,14.0,-0.0690555555555555,9,-0.0299888888888888,9,-0.0397111111111111,9
FLAB05,2022-02-01,0.038,0.373,8.14,0.018,8.0,0.005,29.5,2.4,0.538,1.8,16.5,25.17405,-80.423081,S2A_MSIL2A_20220130T160511_N0510_R054_T17RNH_20240508T134151,2022-01-30 16:05:11.024,4.314916,1.0,-0.1142555555555555,9,-0.0527,9,-0.0510777777777777,9
FLAB05,2022-04-11,0.021,0.204,6.95,0.005,8.1,0.005,34.2,2.1,0.511,0.8,23.2,25.17405,-80.423081,S2B_MSIL2A_20220425T160509_N0510_R054_T17RNH_20240605T092546,2022-04-25 16:05:09.024,11.56,14.0,-0.0870111111111111,9,-0.0883666666666666,9,-0.0079555555555555,9
FLAB05,2022-06-23,0.037,0.706,6.74,0.01,8.1,0.005,29.7,2.5,0.603,0.6,29.4,25.17405,-80.423081,S2A_MSIL2A_20220629T160521_N0510_R054_T17RNH_20240628T194938,2022-06-29 16:05:21.024,4.056241,6.0,-0.0861555555555555,9,-0.0400777777777777,9,-0.0482222222222222,9
FLAB05,2022-08-24,0.031,0.514,6.22,0.005,8.1,0.002,35.5,2.6,0.556,0.3,31.9,25.17405,-80.423081,S2A_MSIL2A_20220818T160521_N0510_R054_T17RNH_20240629T103659,2022-08-18 16:05:21.024,4.266037,5.0,-0.0548777777777777,9,-0.0279666666666666,9,-0.0290222222222222,9
FLAB05,2022-10-24,0.071,0.428,6.98,0.018,7.9,0.002,30.0,2.5,0.619,0.7,25.2,25.17405,-80.423081,S2B_MSIL2A_20221022T160509_N0510_R054_T17RNH_20240729T211221,2022-10-22 16:05:09.024,18.645181,1.0,-0.0350111111111111,9,-0.0154333333333333,9,-0.0111111111111111,9
FLAB05,2022-12-05,0.047,0.263,7.21,0.018,8.1,0.003,29.5,2.4,0.503,0.5,24.4,25.17405,-80.423081,S2B_MSIL2A_20221211T160509_N0510_R054_T17RNH_20240806T114151,2022-12-11 16:05:09.024,0.090929,6.0,-0.0829,9,-0.0364333333333333,9,-0.0284111111111111,9
FLAB05,2023-01-18,0.031,0.22,8.07,0.016,8.1,0.002,29.3,2.3,0.39,0.5,19.5,25.17405,-80.423081,S2A_MSIL2A_20230115T160511_N0510_R054_T17RNH_20240726T230934,2023-01-15 16:05:11.024,0.01,2.0,-0.0905555555555555,9,-0.0391888888888888,9,-0.0439111111111111,9
FLAB05,2023-03-02,0.017,0.291,6.91,0.005,8.2,0.002,29.4,2.4,0.45,0.4,25.6,25.17405,-80.423081,S2B_MSIL2A_20230301T160509_N0510_R054_T17RNH_20240817T102704,2023-03-01 16:05:09.025,0.13,0.0,-0.1106666666666666,9,-0.0472222222222222,9,-0.0415777777777777,9
FLAB05,2023-05-02,0.028,0.219,6.22,0.005,8.0,0.008,33.7,2.5,0.491,0.5,27.1,25.17405,-80.423081,S2A_MSIL2A_20230515T160511_N0510_R054_T17RNH_20240810T080114,2023-05-15 16:05:11.024,9.75,13.0,-0.0793222222222222,9,-0.0482888888888888,9,-0.0489666666666666,9
FLAB05,2023-07-12,0.025,0.222,7.26,0.005,8.2,0.006,32.4,2.8,0.626,0.6,33.8,25.17405,-80.423081,S2B_MSIL2A_20230709T160519_N0510_R054_T17RNH_20241014T004835,2023-07-09 16:05:19.024,3.25,2.0,-0.0679555555555555,9,-0.0379222222222222,9,-0.0330888888888888,9
FLAB05,2023-09-12,0.029,0.414,5.7,0.005,8.1,0.005,32.2,2.5,0.693,0.6,31.0,25.17405,-80.423081,S2B_MSIL2A_20230828T160519_N0510_R054_T17RNH_20240912T061739,2023-08-28 16:05:19.024,3.33,14.0,-0.0876333333333333,9,-0.047,9,-0.0341333333333333,9
FLAB05,2023-11-08,0.06,0.346,7.2,0.014,7.8,0.004,30.3,3.0,0.541,0.4,25.2,25.17405,-80.423081,S2A_MSIL2A_20231101T160511_N0510_R054_T17RNH_20240831T085923,2023-11-01 16:05:11.024,0.26,6.0,-0.0132,9,-0.0055222222222222,9,-0.0199666666666666,9
FLAB05,2024-01-22,0.026,0.477,7.91,0.038,8.1,0.005,23.0,1.6,0.441,3.2,20.4,25.17405,-80.423081,S2A_MSIL2A_20240130T160511_N0510_R054_T17RNH_20240130T210100,2024-01-30 16:05:11.024,3.12,8.0,-0.0936444444444444,9,-0.0414555555555555,9,-0.0430777777777777,9
FLAB05,2024-03-18,0.008,0.18,7.69,0.005,8.3,0.0035,24.9,2.4,0.4185,0.5,28.0,25.17405,-80.423081,S2B_MSIL2A_20240315T160509_N0510_R054_T17RNH_20240315T200115,2024-03-15 16:05:09.024,8.77,2.0,-0.0966444444444444,9,-0.0459777777777777,9,-0.0337444444444444,9
FLAB05,2024-05-20,0.01,0.407,6.42,0.005,8.2,0.002,30.5,2.2,0.47,0.6,30.3,25.17405,-80.423081,S2A_MSIL2A_20240529T160511_N0510_R054_T17RNH_20240529T221346,2024-05-29 16:05:11.024,4.6,9.0,-0.0948222222222222,9,-0.0450555555555555,9,-0.0426555555555555,9
FLAB05,2024-07-17,0.005,0.472,7.04,0.005,8.2,0.002,27.8,2.6,0.479,0.3,31.3,25.17405,-80.423081,S2A_MSIL2A_20240628T160511_N0510_R054_T17RNH_20240628T223450,2024-06-28 16:05:11.024,3.75,18.0,-0.0307,9,-0.0160222222222222,9,-0.0291555555555555,9
FLAB05,2024-09-16,0.029,0.691,5.74,0.008,7.9,0.002,28.3,3.2,0.527,0.4,31.9,25.17405,-80.423081,S2B_MSIL2A_20241001T160509_N0511_R054_T17RNH_20241001T210909,2024-10-01 16:05:09.024,5.16,15.0,-0.0517,9,-0.0229222222222222,9,-0.0181888888888888,9
FLAB05,2024-12-11,0.014,0.211,7.84,0.044,8.1,0.002,25.2,2.6,0.425,0.5,22.5,25.17405,-80.423081,S2A_MSIL2A_20241115T160511_N0511_R054_T17RNH_20241115T205649,2024-11-15 16:05:11.024,4.75,25.0,-0.0654444444444444,9,-0.0285777777777777,9,-0.0400666666666666,9
FLAB05,2025-02-11,0.017,0.195,8.9,0.03,8.2,0.004,,2.4,0.401,1.2,,25.17405,-80.423081,S2B_MSIL2A_20250228T160509_N0511_R054_T17RNH_20250228T194642,2025-02-28 16:05:09.024,0.47,17.0,-0.1044555555555555,9,-0.0454666666666666,9,-0.0391333333333333,9
FLAB05,2025-06-09,0.023,0.296,6.86,0.012,8.1,0.004,33.4,2.7,0.485,0.2,30.7,25.17405,-80.423081,S2A_MSIL2A_20250615T160521_N0511_R054_T17RNH_20250615T222322,2025-06-15 16:05:21.024,8.885614,6.0,-0.0556444444444444,9,-0.0349888888888888,9,-0.0441222222222222,9
FLAB05,2025-10-06,0.033,0.476,6.12,0.02,7.9,0.003,30.2,3.0,0.552,0.6,28.9,25.17405,-80.423081,S2C_MSIL2A_20251001T160531_N0511_R054_T17RNH_20251001T205018,2025-10-01 16:05:31.025,1.61,4.0,-0.0105333333333333,9,-0.0043888888888888,9,-0.0181444444444444,9
FLAB05,2025-11-17,0.031,0.32,7.83,0.023,8.0,0.005,28.9,2.3,0.428,0.3,23.7,25.17405,-80.423081,S2A_MSIL2A_20251122T160531_N0511_R054_T17RNH_20251122T183708,2025-11-22 16:05:31.024,5.56,5.0,-0.0565777777777777,9,-0.0248111111111111,9,-0.0328777777777777,9
FLAB06,2016-01-25,0.066,0.201,8.82,0.037,8.1,0.002,18.3,1.7,0.621,2.5,16.0,25.206681,-80.4404,S2A_MSIL2A_20160102T155642_N0500_R054_T17RNH_20231010T064726,2016-01-02 15:56:42.030,8.37,22.0,-0.25075,12,-0.1265166666666666,12,-0.1758,12
FLAB06,2016-02-22,0.05,0.249,8.11,0.022,8.1,0.004,16.0,1.0,0.619,5.6,21.3,25.206681,-80.4404,,,,,,0,,0,,0
FLAB06,2016-04-05,0.015,0.224,6.77,0.005,8.2,0.004,21.4,1.6,0.537,0.6,24.8,25.206681,-80.4404,S2A_MSIL2A_20160401T154922_N0500_R054_T17RNH_20231021T232321,2016-04-01 15:49:22.030,10.03,3.0,-0.1180083333333333,12,-0.08215,12,-0.04705,12
FLAB06,2016-05-31,0.027,0.192,5.88,0.005,8.1,0.003,27.3,1.6,0.666,1.3,29.1,25.206681,-80.4404,S2A_MSIL2A_20160521T160522_N0500_R054_T17RNH_20231008T223616,2016-05-21 16:05:22.027,9.63,9.0,-0.1619916666666666,12,-0.0911583333333333,12,-0.12795,12
FLAB06,2016-06-20,0.016,0.414,6.31,0.005,8.1,0.005,29.5,1.5,0.711,1.8,29.1,25.206681,-80.4404,S2A_MSIL2A_20160630T160512_N0500_R054_T17RNH_20231015T211056,2016-06-30 16:05:12.027,18.46,10.0,-0.0908416666666666,12,-0.04615,12,-0.0781333333333333,12
FLAB06,2016-07-12,0.04,0.317,5.18,0.005,7.9,0.005,29.8,1.5,0.761,2.3,31.2,25.206681,-80.4404,S2A_MSIL2A_20160630T160512_N0500_R054_T17RNH_20231015T211056,2016-06-30 16:05:12.027,18.46,11.0,-0.0908416666666666,12,-0.04615,12,-0.0781333333333333,12
FLAB06,2016-09-08,0.059,0.455,6.56,0.007,8.0,0.004,23.3,1.8,0.684,0.4,29.3,25.206681,-80.4404,S2A_MSIL2A_20160918T160512_N0500_R054_T17RNH_20230930T023451,2016-09-18 16:05:12.026,14.25,10.0,-0.13315,12,-0.0595916666666666,12,-0.1400916666666666,12
FLAB06,2016-09-13,0.058,0.441,6.32,0.006,8.1,0.004,21.6,2.0,0.771,0.8,29.5,25.206681,-80.4404,S2A_MSIL2A_20160918T160512_N0500_R054_T17RNH_20230930T023451,2016-09-18 16:05:12.026,14.25,5.0,-0.13315,12,-0.0595916666666666,12,-0.1400916666666666,12
FLAB06,2016-10-26,0.02,0.409,7.86,0.005,8.0,0.004,26.4,2.0,0.53,1.6,23.7,25.206681,-80.4404,,,,,,0,,0,,0
FLAB06,2016-11-14,0.048,0.357,7.34,0.006,8.0,0.005,26.9,1.9,0.518,0.6,25.0,25.206681,-80.4404,S2A_MSIL2A_20161127T160512_N0500_R054_T17RNH_20230927T160903,2016-11-27 16:05:12.026,11.47,13.0,-0.133575,12,-0.0608,12,-0.1208,12
FLAB06,2016-12-13,0.07,0.372,7.25,0.016,8.0,0.004,23.3,1.6,0.551,2.0,24.9,25.206681,-80.4404,S2A_MSIL2A_20161127T160512_N0500_R054_T17RNH_20230927T160903,2016-11-27 16:05:12.026,11.47,15.0,-0.133575,12,-0.0608,12,-0.1208,12
FLAB06,2017-01-25,0.051,0.336,7.09,0.017,8.1,0.005,29.0,0.7,0.504,6.2,21.0,25.206681,-80.4404,S2A_MSIL2A_20170215T160511_N0500_R054_T17RNH_20230917T075421,2017-02-15 16:05:11.026,3.45,21.0,-0.2024416666666667,12,-0.0968916666666666,12,-0.1528416666666666,12
FLAB06,2017-02-08,0.059,0.251,6.94,0.015,7.9,0.003,27.9,3.1,0.547,2.6,24.6,25.206681,-80.4404,S2A_MSIL2A_20170215T160511_N0500_R054_T17RNH_20230917T075421,2017-02-15 16:05:11.026,3.45,7.0,-0.2024416666666667,12,-0.0968916666666666,12,-0.1528416666666666,12
FLAB06,2017-03-21,0.053,0.331,7.13,0.021,8.1,0.004,32.0,1.6,0.601,3.1,20.5,25.206681,-80.4404,S2A_MSIL2A_20170225T160511_N0500_R054_T17RNH_20230927T065507,2017-02-25 16:05:11.026,2.02,23.0,-0.2007,12,-0.0929916666666666,12,-0.1388833333333333,12
FLAB06,2017-04-06,0.04,0.234,6.56,0.005,8.0,0.005,33.3,1.6,0.536,1.5,27.2,25.206681,-80.4404,,,,,,0,,0,,0
FLAB06,2017-05-08,0.023,0.274,6.89,0.005,8.0,0.004,37.3,3.7,0.672,2.1,24.8,25.206681,-80.4404,,,,,,0,,0,,0
FLAB06,2017-06-27,0.061,0.258,5.58,0.005,8.0,0.005,37.8,1.7,0.732,1.8,30.5,25.206681,-80.4404,S2A_MSIL2A_20170715T160511_N0500_R054_T17RNH_20230901T104819,2017-07-15 16:05:11.026,6.66,18.0,-0.1391,12,-0.1038583333333333,12,-0.07835,12
FLAB06,2017-07-24,0.114,0.464,6.01,0.006,8.0,0.005,32.9,1.6,0.817,1.7,30.7,25.206681,-80.4404,S2A_MSIL2A_20170715T160511_N0500_R054_T17RNH_20230901T104819,2017-07-15 16:05:11.026,6.66,8.0,-0.1391,12,-0.1038583333333333,12,-0.07835,12
FLAB06,2017-08-21,0.12,0.54,5.68,0.005,7.5,0.004,33.8,1.6,0.875,1.6,29.7,25.206681,-80.4404,S2A_MSIL2A_20170804T160511_N0500_R054_T17RNH_20230826T141136,2017-08-04 16:05:11.026,7.87,16.0,-0.0968,12,-0.0592166666666666,12,-0.084425,12
FLAB06,2017-09-18,0.122,2.16,6.71,0.016,7.7,0.008,13.3,1.5,0.839,3.3,30.3,25.206681,-80.4404,S2A_MSIL2A_20170913T160511_N0500_R054_T17RNH_20230825T160223,2017-09-13 16:05:11.026,18.56,4.0,-0.2181916666666666,12,-0.1230083333333333,12,-0.1987666666666666,12
FLAB06,2017-10-04,0.049,18.0,6.66,0.007,7.9,0.027,16.7,0.3,1.35,12.3,27.3,25.206681,-80.4404,S2A_MSIL2A_20171003T160511_N0500_R054_T17RNH_20230817T084655,2017-10-03 16:05:11.026,13.94,0.0,-0.1769083333333333,12,-0.0994083333333333,12,-0.211325,12
FLAB06,2017-11-16,0.043,,7.66,0.01,8.1,0.007,13.7,1.9,0.747,3.9,24.1,25.206681,-80.4404,S2B_MSIL2A_20171107T160459_N0500_R054_T17RNH_20230721T141830,2017-11-07 16:04:59.027,7.26,8.0,-0.156275,12,-0.0730666666666666,12,-0.164025,12
FLAB06,2017-12-18,0.094,1.14,8.63,0.023,8.2,0.006,16.7,3.0,0.78,3.2,20.7,25.206681,-80.4404,S2B_MSIL2A_20171227T160459_N0500_R054_T17RNH_20230720T070737,2017-12-27 16:04:59.027,6.53,9.0,-0.0460833333333333,12,-0.0201166666666666,12,-0.028275,12
FLAB06,2018-01-16,0.013,1.97,8.33,0.006,8.2,0.009,20.0,1.3,0.79,6.3,18.3,25.206681,-80.4404,S2B_MSIL2A_20171227T160459_N0500_R054_T17RNH_20230720T070737,2017-12-27 16:04:59.027,6.53,19.0,-0.0460833333333333,12,-0.0201166666666666,12,-0.028275,12
FLAB06,2018-02-12,0.027,0.805,7.11,0.006,8.1,0.005,24.7,1.0,0.576,3.9,25.2,25.206681,-80.4404,S2B_MSIL2A_20180205T160509_N0500_R054_T17RNH_20230804T115018,2018-02-05 16:05:09.027,6.15,6.0,-0.2752333333333333,12,-0.1345833333333333,12,-0.1948,12
FLAB06,2018-03-01,0.03,0.804,7.04,0.005,8.1,0.006,26.3,1.5,0.652,1.3,25.0,25.206681,-80.4404,S2B_MSIL2A_20180317T160509_N0500_R054_T17RNH_20230710T201059,2018-03-17 16:05:09.027,3.5,16.0,-0.286475,12,-0.1460583333333333,12,-0.1778416666666666,12
FLAB06,2018-04-11,0.03,0.232,6.32,0.005,8.1,0.005,32.1,1.7,0.615,2.2,28.1,25.206681,-80.4404,S2A_MSIL2A_20180421T160511_N0500_R054_T17RNH_20230630T222736,2018-04-21 16:05:11.026,19.08,10.0,-0.27975,12,-0.1668833333333333,12,-0.15275,12
FLAB06,2018-05-22,0.043,0.276,5.51,0.005,7.9,0.005,31.8,1.5,0.655,3.4,24.8,25.206681,-80.4404,S2B_MSIL2A_20180605T160509_N0500_R054_T17RNH_20230715T182439,2018-06-05 16:05:09.024,13.59,14.0,-0.1965416666666666,12,-0.127275,12,-0.1306666666666666,12
FLAB06,2018-06-11,0.112,0.24,6.56,0.01,8.2,0.004,28.7,1.6,0.761,1.2,28.9,25.206681,-80.4404,S2B_MSIL2A_20180605T160509_N0500_R054_T17RNH_20230715T182439,2018-06-05 16:05:09.024,13.59,5.0,-0.1965416666666666,12,-0.127275,12,-0.1306666666666666,12
FLAB06,2018-07-10,0.087,0.329,6.75,0.018,8.1,0.003,19.6,1.6,0.815,2.8,30.4,25.206681,-80.4404,,,,,,0,,0,,0
FLAB06,2018-08-08,0.051,0.251,6.39,0.005,8.0,0.003,27.5,1.5,0.81,1.3,29.1,25.206681,-80.4404,S2A_MSIL2A_20180809T160511_N0500_R054_T17RNH_20230711T022345,2018-08-09 16:05:11.024,8.3,1.0,-0.1163166666666666,12,-0.0636583333333333,12,-0.0736083333333333,12
FLAB06,2018-09-06,0.076,0.393,6.9,0.008,8.0,0.004,20.4,1.7,0.877,1.2,28.4,25.206681,-80.4404,S2A_MSIL2A_20180928T160511_N0510_R054_T17RNH_20250531T034550,2018-09-28 16:05:11.024,3.004363,22.0,-0.17035,12,-0.0825333333333333,12,-0.1718416666666666,12
FLAB06,2018-10-23,0.044,0.432,6.89,0.005,7.9,0.004,24.9,1.7,0.874,2.1,27.4,25.206681,-80.4404,S2A_MSIL2A_20181018T160511_N0500_R054_T17RNH_20230706T010334,2018-10-18 16:05:11.024,8.03,4.0,-0.0937333333333333,12,-0.0815166666666666,12,-0.0823333333333333,12
FLAB06,2018-11-05,0.027,0.364,7.21,0.005,8.1,0.004,24.9,1.3,0.755,2.7,27.3,25.206681,-80.4404,S2A_MSIL2A_20181018T160511_N0500_R054_T17RNH_20230706T010334,2018-10-18 16:05:11.024,8.03,17.0,-0.0937333333333333,12,-0.0815166666666666,12,-0.0823333333333333,12
FLAB06,2018-12-05,0.048,0.364,4.75,0.005,7.9,0.004,29.1,1.7,0.758,1.0,24.9,25.206681,-80.4404,S2B_MSIL2A_20181202T160509_N0500_R054_T17RNH_20230623T141113,2018-12-02 16:05:09.024,10.75,2.0,-0.0561583333333333,12,-0.048525,12,-0.0595583333333333,12
FLAB06,2019-01-29,0.024,0.181,7.63,0.005,7.8,0.003,30.7,1.6,0.661,1.9,17.7,25.206681,-80.4404,S2B_MSIL2A_20190131T160509_N0500_R054_T17RNH_20221203T130314,2019-01-31 16:05:09.024,10.99,2.0,-0.3177583333333333,12,-0.1634083333333333,12,-0.1778666666666666,12
FLAB06,2019-02-19,0.031,0.249,7.32,0.005,8.0,0.003,32.4,1.5,0.69,1.7,26.4,25.206681,-80.4404,S2B_MSIL2A_20190302T160509_N0500_R054_T17RNH_20221114T204209,2019-03-02 16:05:09.024,3.51,11.0,-0.1341166666666666,12,-0.1342083333333333,12,0.0039833333333333,12
FLAB06,2019-03-05,0.05,0.212,6.0,0.005,7.7,0.003,33.4,1.6,0.727,1.3,26.8,25.206681,-80.4404,S2B_MSIL2A_20190302T160509_N0500_R054_T17RNH_20221114T204209,2019-03-02 16:05:09.024,3.51,2.0,-0.1341166666666666,12,-0.1342083333333333,12,0.0039833333333333,12
FLAB06,2019-04-02,0.026,0.11,6.51,0.005,7.9,0.003,36.1,2.0,0.649,1.8,25.7,25.206681,-80.4404,S2B_MSIL2A_20190411T160519_N0500_R054_T17RNH_20221023T185626,2019-04-11 16:05:19.024,3.66,9.0,-0.316,12,-0.1643666666666666,12,-0.1812083333333333,12
FLAB06,2019-05-14,0.045,0.242,6.37,0.005,8.0,0.004,39.3,1.6,0.716,1.2,29.8,25.206681,-80.4404,S2A_MSIL2A_20190526T160511_N0500_R054_T17RNH_20221211T081521,2019-05-26 16:05:11.024,5.48,12.0,-0.2184166666666666,12,-0.1519,12,-0.1151166666666666,12
FLAB06,2019-06-13,0.064,0.254,6.1,0.005,7.9,0.003,40.8,1.7,0.749,1.3,31.4,25.206681,-80.4404,S2A_MSIL2A_20190625T160521_N0500_R054_T17RNH_20230508T164541,2019-06-25 16:05:21.024,2.13,12.0,-0.2466416666666666,12,-0.13455,12,-0.1483333333333333,12
FLAB06,2019-07-29,0.046,0.553,8.85,0.005,7.9,0.006,38.5,1.8,0.958,1.0,32.0,25.206681,-80.4404,S2B_MSIL2A_20190819T160519_N0500_R054_T17RNH_20230505T071445,2019-08-19 16:05:19.024,12.15,21.0,-0.1842333333333333,12,-0.1137083333333333,12,-0.1240416666666666,12
FLAB06,2019-08-13,0.062,0.624,5.72,0.007,8.0,0.006,37.1,1.9,1.0,1.0,32.4,25.206681,-80.4404,S2B_MSIL2A_20190819T160519_N0500_R054_T17RNH_20230505T071445,2019-08-19 16:05:19.024,12.15,6.0,-0.1842333333333333,12,-0.1137083333333333,12,-0.1240416666666666,12
FLAB06,2019-09-10,0.053,0.478,5.65,0.005,7.7,0.004,33.5,1.5,0.892,0.9,30.0,25.206681,-80.4404,S2B_MSIL2A_20190918T160509_N0500_R054_T17RNH_20230501T120457,2019-09-18 16:05:09.024,8.33,8.0,-0.11005,12,-0.0524916666666666,12,-0.1018583333333333,12
FLAB06,2019-10-10,0.11,0.37,5.98,0.005,7.9,0.004,36.2,1.9,0.781,1.3,29.1,25.206681,-80.4404,S2A_MSIL2A_20191013T160511_N0500_R054_T17RNH_20230614T052238,2019-10-13 16:05:11.024,9.57,3.0,-0.1481,12,-0.07415,12,-0.10865,12
FLAB06,2019-11-07,0.077,0.34,6.8,0.006,8.0,0.004,32.8,1.8,0.751,1.7,27.7,25.206681,-80.4404,S2A_MSIL2A_20191013T160511_N0500_R054_T17RNH_20230614T052238,2019-10-13 16:05:11.024,9.57,24.0,-0.1481,12,-0.07415,12,-0.10865,12
FLAB06,2019-12-09,0.023,0.212,7.62,0.005,8.0,0.003,34.2,2.8,0.625,1.0,22.6,25.206681,-80.4404,S2B_MSIL2A_20191207T160509_N0500_R054_T17RNH_20230525T143258,2019-12-07 16:05:09.024,9.01,1.0,-0.1842916666666667,12,-0.0842333333333333,12,-0.14355,12
FLAB06,2020-01-23,0.028,0.132,8.17,0.006,7.7,0.003,33.4,2.6,0.619,1.7,15.5,25.206681,-80.4404,S2B_MSIL2A_20200126T160509_N0500_R054_T17RNH_20230424T055929,2020-01-26 16:05:09.024,0.01,3.0,-0.2413166666666666,12,-0.1177916666666666,12,-0.1499,12
FLAB06,2020-02-06,0.029,0.222,7.55,0.005,8.1,0.002,34.2,1.5,0.633,1.6,23.9,25.206681,-80.4404,S2B_MSIL2A_20200126T160509_N0500_R054_T17RNH_20230424T055929,2020-01-26 16:05:09.024,0.01,10.0,-0.2413166666666666,12,-0.1177916666666666,12,-0.1499,12
FLAB06,2020-03-05,0.026,0.192,7.39,0.005,8.2,0.004,35.3,1.3,0.574,1.8,25.3,25.206681,-80.4404,S2B_MSIL2A_20200326T160509_N0500_R054_T17RNH_20230409T144543,2020-03-26 16:05:09.024,3.76,21.0,-0.291425,12,-0.1478333333333333,12,-0.1879416666666666,12
FLAB06,2020-04-06,0.012,0.219,6.49,0.005,8.2,0.005,39.3,1.4,0.582,1.2,26.8,25.206681,-80.4404,S2B_MSIL2A_20200326T160509_N0500_R054_T17RNH_20230409T144543,2020-03-26 16:05:09.024,3.76,10.0,-0.291425,12,-0.1478333333333333,12,-0.1879416666666666,12
FLAB06,2020-05-05,0.019,0.439,3.36,0.005,8.1,0.003,40.9,1.3,0.668,1.1,27.2,25.206681,-80.4404,S2B_MSIL2A_20200505T160509_N0500_R054_T17RNH_20230331T132201,2020-05-05 16:05:09.024,13.21,0.0,-0.0187916666666666,12,-0.0221333333333333,12,0.0172916666666666,12
FLAB06,2020-06-02,0.017,0.304,6.32,0.005,8.1,0.003,35.8,1.5,0.66,1.1,30.0,25.206681,-80.4404,S2A_MSIL2A_20200609T160521_N0500_R054_T17RNH_20230412T130437,2020-06-09 16:05:21.024,11.27,7.0,-0.1900416666666666,12,-0.1144,12,-0.1245666666666666,12
FLAB06,2020-07-16,0.024,1.26,7.36,0.005,8.3,0.005,31.1,1.2,0.867,1.1,30.9,25.206681,-80.4404,S2A_MSIL2A_20200719T160521_N0500_R054_T17RNH_20230323T200138,2020-07-19 16:05:21.024,15.5,3.0,-0.15185,12,-0.0878083333333333,12,-0.120475,12
FLAB06,2020-08-17,0.047,0.722,8.38,0.005,8.3,0.005,28.7,1.4,1.05,0.8,32.3,25.206681,-80.4404,S2B_MSIL2A_20200813T160519_N0500_R054_T17RNH_20230317T064934,2020-08-13 16:05:19.024,8.8,3.0,-0.1519166666666666,12,-0.084025,12,-0.1149666666666666,12
FLAB06,2020-09-01,,0.567,6.27,,8.2,0.008,29.8,1.5,1.02,1.0,32.0,25.206681,-80.4404,S2B_MSIL2A_20200813T160519_N0500_R054_T17RNH_20230317T064934,2020-08-13 16:05:19.024,8.8,18.0,-0.1519166666666666,12,-0.084025,12,-0.1149666666666666,12
FLAB06,2020-10-14,0.065,0.892,6.88,0.005,8.1,0.005,16.6,1.6,0.777,1.9,29.3,25.206681,-80.4404,S2B_MSIL2A_20201012T160519_N0500_R054_T17RNH_20230307T135614,2020-10-12 16:05:19.024,7.31,1.0,-0.1220416666666666,12,-0.0541416666666666,12,-0.1171,12
FLAB06,2020-11-12,0.187,0.473,6.88,0.021,8.1,0.004,19.0,1.7,0.65,2.1,26.4,25.206681,-80.4404,S2A_MSIL2A_20201126T160511_N0500_R054_T17RNH_20230304T135940,2020-11-26 16:05:11.024,7.4,14.0,-0.1856,12,-0.089375,12,-0.1605166666666666,12
FLAB06,2020-12-14,0.144,0.361,8.41,0.055,8.3,0.004,13.8,1.5,0.658,2.5,20.4,25.206681,-80.4404,S2A_MSIL2A_20201126T160511_N0500_R054_T17RNH_20230304T135940,2020-11-26 16:05:11.024,7.4,17.0,-0.1856,12,-0.089375,12,-0.1605166666666666,12
FLAB06,2021-01-12,0.073,0.233,8.29,0.019,8.2,0.005,17.3,1.4,0.6,1.8,20.4,25.206681,-80.4404,S2A_MSIL2A_20210105T160511_N0500_R054_T17RNH_20230224T230042,2021-01-05 16:05:11.024,0.15,6.0,-0.2372166666666666,12,-0.1191666666666666,12,-0.1686916666666666,12
FLAB06,2021-02-08,0.04,0.183,8.34,0.005,8.2,0.003,20.4,1.4,0.544,0.8,22.1,25.206681,-80.4404,S2B_MSIL2A_20210301T160509_N0500_R054_T17RNH_20230513T142932,2021-03-01 16:05:09.024,5.26,21.0,-0.2314416666666666,12,-0.1231416666666666,12,-0.1418583333333333,12
FLAB06,2021-03-25,0.036,0.261,7.23,0.005,8.2,0.004,25.3,1.4,0.513,1.0,24.7,25.206681,-80.4404,S2B_MSIL2A_20210331T160509_N0500_R054_T17RNH_20230519T193433,2021-03-31 16:05:09.024,4.3,6.0,-0.20665,12,-0.1482333333333333,12,-0.0846583333333333,12
FLAB06,2021-04-06,0.019,0.306,7.36,0.005,8.2,0.004,25.2,1.3,0.602,1.2,21.1,25.206681,-80.4404,S2B_MSIL2A_20210331T160509_N0500_R054_T17RNH_20230519T193433,2021-03-31 16:05:09.024,4.3,5.0,-0.20665,12,-0.1482333333333333,12,-0.0846583333333333,12
FLAB06,2021-05-06,0.052,0.16,6.62,0.005,8.1,0.003,29.8,1.3,0.634,0.7,29.1,25.206681,-80.4404,S2B_MSIL2A_20210510T160509_N0500_R054_T17RNH_20230208T043056,2021-05-10 16:05:09.024,3.55,4.0,-0.2391416666666666,12,-0.1522,12,-0.1451166666666666,12
FLAB06,2021-06-21,0.095,0.222,5.83,0.005,7.9,0.004,34.5,1.3,0.654,2.1,29.9,25.206681,-80.4404,S2B_MSIL2A_20210609T160509_N0500_R054_T17RNH_20230128T121728,2021-06-09 16:05:09.024,11.23,11.0,-0.2261083333333333,12,-0.163075,12,-0.1261,12
FLAB06,2021-07-22,0.102,0.343,5.28,0.008,7.9,0.003,34.2,1.4,0.78,2.2,31.2,25.206681,-80.4404,S2A_MSIL2A_20210704T160511_N0500_R054_T17RNH_20230129T022912,2021-07-04 16:05:11.024,4.55,17.0,-0.303025,12,-0.198,12,-0.1603083333333333,12
FLAB06,2021-08-19,0.11,0.868,6.1,0.012,7.9,0.006,33.4,2.4,0.836,1.4,30.6,25.206681,-80.4404,S2B_MSIL2A_20210818T160509_N0500_R054_T17RNH_20230117T162001,2021-08-18 16:05:09.024,6.15,0.0,-0.0808583333333333,12,-0.08855,12,-0.028225,12
FLAB06,2021-09-21,0.117,0.444,6.24,0.009,7.9,0.004,26.0,,0.839,0.6,29.4,25.206681,-80.4404,S2B_MSIL2A_20210927T160509_N0500_R054_T17RNH_20230115T060558,2021-09-27 16:05:09.024,2.58,6.0,-0.1409333333333333,12,-0.06555,12,-0.1496833333333333,12
FLAB06,2021-10-21,0.065,0.372,6.84,0.005,8.0,0.005,27.8,1.5,0.757,2.0,26.3,25.206681,-80.4404,S2B_MSIL2A_20211017T160509_N0500_R054_T17RNH_20230105T060942,2021-10-17 16:05:09.024,1.5,3.0,-0.205425,12,-0.0978833333333333,12,-0.1488833333333333,12
FLAB06,2021-11-15,0.058,0.412,6.9,0.01,7.9,0.004,22.9,1.6,0.743,1.2,22.8,25.206681,-80.4404,S2B_MSIL2A_20211126T160509_N0500_R054_T17RNH_20221231T133627,2021-11-26 16:05:09.024,7.91,11.0,-0.1599166666666666,12,-0.0735583333333333,12,-0.135025,12
FLAB06,2021-12-16,0.078,0.334,7.2,0.013,7.9,0.006,25.1,1.5,0.596,1.7,24.8,25.206681,-80.4404,S2A_MSIL2A_20211201T160511_N0500_R054_T17RNH_20221224T161347,2021-12-01 16:05:11.024,2.02,14.0,-0.1765666666666666,12,-0.0829083333333333,12,-0.145325,12
FLAB06,2022-01-18,0.049,0.231,7.78,0.015,8.0,0.004,26.3,1.5,0.592,1.7,19.9,25.206681,-80.4404,S2A_MSIL2A_20220130T160511_N0510_R054_T17RNH_20240508T134151,2022-01-30 16:05:11.024,4.314916,12.0,-0.2673916666666666,12,-0.1392416666666666,12,-0.165125,12
FLAB06,2022-02-01,0.041,0.196,8.56,0.009,8.1,0.004,24.9,1.5,0.609,1.4,16.0,25.206681,-80.4404,S2A_MSIL2A_20220130T160511_N0510_R054_T17RNH_20240508T134151,2022-01-30 16:05:11.024,4.314916,1.0,-0.2673916666666666,12,-0.1392416666666666,12,-0.165125,12
FLAB06,2022-03-28,0.055,0.163,7.57,0.011,8.2,0.003,29.6,1.5,0.653,1.6,24.0,25.206681,-80.4404,S2A_MSIL2A_20220301T160521_N0510_R054_T17RNH_20240517T125255,2022-03-01 16:05:21.024,6.624457,26.0,-0.3324666666666666,12,-0.1839833333333333,12,-0.1915333333333333,12
FLAB06,2022-04-11,0.056,0.167,7.04,0.012,8.1,0.003,30.7,1.4,0.622,2.0,22.2,25.206681,-80.4404,S2B_MSIL2A_20220425T160509_N0510_R054_T17RNH_20240605T092546,2022-04-25 16:05:09.024,11.56,14.0,-0.0747833333333333,12,-0.0783416666666666,12,-0.01355,12
FLAB06,2022-05-25,0.064,0.236,6.71,0.009,8.0,0.005,34.9,1.5,0.692,2.0,28.7,25.206681,-80.4404,S2B_MSIL2A_20220515T160509_N0510_R054_T17RNH_20240627T105215,2022-05-15 16:05:09.024,5.97,9.0,-0.2178916666666666,12,-0.1380583333333333,12,-0.0613333333333333,12
FLAB06,2022-06-23,0.068,0.26,6.79,0.01,8.1,0.003,24.5,1.7,0.751,0.9,28.9,25.206681,-80.4404,S2A_MSIL2A_20220629T160521_N0510_R054_T17RNH_20240628T194938,2022-06-29 16:05:21.024,4.056241,6.0,-0.2110916666666666,12,-0.1042916666666666,12,-0.1692333333333333,12
FLAB06,2022-07-07,0.046,0.306,6.63,0.006,8.0,0.005,28.1,1.6,0.714,1.6,31.2,25.206681,-80.4404,S2A_MSIL2A_20220629T160521_N0510_R054_T17RNH_20240628T194938,2022-06-29 16:05:21.024,4.056241,7.0,-0.2110916666666666,12,-0.1042916666666666,12,-0.1692333333333333,12
FLAB06,2022-08-24,0.049,0.389,6.34,0.008,8.1,0.003,32.7,1.9,0.746,1.6,31.9,25.206681,-80.4404,S2A_MSIL2A_20220818T160521_N0510_R054_T17RNH_20240629T103659,2022-08-18 16:05:21.024,4.266037,5.0,-0.226575,12,-0.1169916666666666,12,-0.1480916666666666,12
FLAB06,2022-09-08,0.055,0.496,5.89,0.005,7.9,0.004,33.1,1.6,0.73,1.0,31.3,25.206681,-80.4404,S2B_MSIL2A_20220902T160509_N0510_R054_T17RNH_20240719T005650,2022-09-02 16:05:09.024,4.340765,5.0,-0.1865083333333333,12,-0.105275,12,-0.116425,12
FLAB06,2022-10-24,0.072,0.306,7.19,0.011,8.0,0.004,23.7,1.7,0.682,0.6,25.3,25.206681,-80.4404,S2B_MSIL2A_20221022T160509_N0510_R054_T17RNH_20240729T211221,2022-10-22 16:05:09.024,18.645181,1.0,-0.10325,12,-0.0467166666666666,12,-0.1142083333333333,12
FLAB06,2022-11-22,0.039,0.213,6.85,0.011,8.0,0.008,25.8,1.7,0.559,0.5,25.5,25.206681,-80.4404,S2B_MSIL2A_20221211T160509_N0510_R054_T17RNH_20240806T114151,2022-12-11 16:05:09.024,0.090929,19.0,-0.180725,12,-0.0848166666666666,12,-0.1234833333333333,12
FLAB06,2022-12-05,0.048,0.244,7.31,0.014,8.0,0.002,25.0,1.6,0.515,0.8,24.2,25.206681,-80.4404,S2B_MSIL2A_20221211T160509_N0510_R054_T17RNH_20240806T114151,2022-12-11 16:05:09.024,0.090929,6.0,-0.180725,12,-0.0848166666666666,12,-0.1234833333333333,12
FLAB06,2023-01-18,0.014,0.098,8.32,0.005,8.2,0.002,25.9,1.6,0.473,0.7,19.7,25.206681,-80.4404,S2A_MSIL2A_20230115T160511_N0510_R054_T17RNH_20240726T230934,2023-01-15 16:05:11.024,0.01,2.0,-0.22065,12,-0.1058333333333333,12,-0.1488916666666666,12
FLAB06,2023-02-16,0.014,0.121,8.01,0.005,8.2,0.002,23.9,1.7,0.508,1.8,23.7,25.206681,-80.4404,S2B_MSIL2A_20230301T160509_N0510_R054_T17RNH_20240817T102704,2023-03-01 16:05:09.025,0.13,13.0,-0.2832583333333333,12,-0.1385,12,-0.1816,12
FLAB06,2023-03-02,0.016,0.21,7.38,0.005,8.2,0.002,26.8,1.7,0.506,1.8,25.6,25.206681,-80.4404,S2B_MSIL2A_20230301T160509_N0510_R054_T17RNH_20240817T102704,2023-03-01 16:05:09.025,0.13,0.0,-0.2832583333333333,12,-0.1385,12,-0.1816,12
FLAB06,2023-04-13,0.007,0.182,7.17,0.005,8.1,0.005,28.4,1.9,0.558,1.8,25.5,25.206681,-80.4404,S2A_MSIL2A_20230415T160511_N0510_R054_T17RNH_20240830T092006,2023-04-15 16:05:11.024,6.0,2.0,-0.2116833333333333,12,-0.1193666666666666,12,-0.133575,12
FLAB06,2023-05-02,0.022,0.174,6.33,0.005,8.0,0.006,31.6,1.6,0.551,2.7,26.7,25.206681,-80.4404,S2A_MSIL2A_20230515T160511_N0510_R054_T17RNH_20240810T080114,2023-05-15 16:05:11.024,9.75,13.0,-0.2032,12,-0.1318666666666667,12,-0.11315,12
FLAB06,2023-06-12,0.034,0.955,6.58,0.006,8.0,0.007,30.3,1.8,0.718,1.6,30.9,25.206681,-80.4404,S2A_MSIL2A_20230614T160511_N0510_R054_T17RNH_20240910T072424,2023-06-14 16:05:11.024,11.47,2.0,-0.1656166666666666,12,-0.1010416666666666,12,-0.1125583333333333,12
FLAB06,2023-07-12,0.148,4.15,6.65,0.008,8.1,0.014,24.6,1.8,0.985,1.1,34.1,25.206681,-80.4404,S2B_MSIL2A_20230709T160519_N0510_R054_T17RNH_20241014T004835,2023-07-09 16:05:19.024,3.25,2.0,-0.1089083333333333,12,-0.0570833333333333,12,-0.101825,12
FLAB06,2023-08-09,0.034,1.66,7.24,0.005,8.3,0.008,25.6,1.8,0.879,1.0,33.8,25.206681,-80.4404,S2A_MSIL2A_20230724T160511_N0510_R054_T17RNH_20240820T071355,2023-07-24 16:05:11.024,5.24,15.0,-0.0968,12,-0.0513416666666666,12,-0.08965,12
FLAB06,2023-09-12,0.121,0.384,6.43,0.005,8.2,0.005,23.0,2.0,0.879,0.6,31.1,25.206681,-80.4404,S2B_MSIL2A_20230828T160519_N0510_R054_T17RNH_20240912T061739,2023-08-28 16:05:19.024,3.33,14.0,-0.1053583333333333,12,-0.05525,12,-0.065425,12
FLAB06,2023-10-11,0.07,0.613,6.71,0.006,8.0,0.004,24.6,1.7,0.763,0.5,30.2,25.206681,-80.4404,S2B_MSIL2A_20231007T160509_N0510_R054_T17RNH_20241022T112823,2023-10-07 16:05:09.024,1.06,3.0,-0.1385,12,-0.061725,12,-0.1215416666666666,12
FLAB06,2023-11-08,0.097,0.582,6.97,0.007,7.9,0.004,27.8,1.0,0.696,3.4,25.4,25.206681,-80.4404,S2A_MSIL2A_20231101T160511_N0510_R054_T17RNH_20240831T085923,2023-11-01 16:05:11.024,0.26,6.0,-0.2003666666666666,12,-0.0987666666666666,12,-0.15775,12
FLAB06,2023-12-12,0.174,0.39,8.52,0.017,8.2,0.005,18.3,1.9,0.666,1.0,21.0,25.206681,-80.4404,S2A_MSIL2A_20231231T160511_N0510_R054_T17RNH_20231231T210949,2023-12-31 16:05:11.024,0.01,19.0,-0.18915,12,-0.089775,12,-0.1549,12
FLAB06,2024-01-22,0.232,0.325,8.43,0.034,8.1,0.005,10.4,1.8,0.698,3.5,19.9,25.206681,-80.4404,S2A_MSIL2A_20240130T160511_N0510_R054_T17RNH_20240130T210100,2024-01-30 16:05:11.024,3.12,8.0,-0.279575,12,-0.1417166666666666,12,-0.1858083333333333,12
FLAB06,2024-02-08,0.077,0.208,8.74,0.032,8.2,0.004,19.6,1.9,0.518,1.1,19.3,25.206681,-80.4404,S2A_MSIL2A_20240130T160511_N0510_R054_T17RNH_20240130T210100,2024-01-30 16:05:11.024,3.12,8.0,-0.279575,12,-0.1417166666666666,12,-0.1858083333333333,12
FLAB06,2024-03-18,0.04,0.228,7.73,0.007,8.3,0.0045,22.3,1.6,0.5335000000000001,1.1,28.5,25.206681,-80.4404,S2B_MSIL2A_20240315T160509_N0510_R054_T17RNH_20240315T200115,2024-03-15 16:05:09.024,8.77,2.0,-0.1575833333333333,12,-0.075775,12,-0.0792666666666666,12
FLAB06,2024-04-04,0.038,0.339,6.97,0.008,8.1,0.004,21.3,2.1,0.573,3.0,25.9,25.206681,-80.4404,S2A_MSIL2A_20240409T160511_N0510_R054_T17RNH_20240409T221856,2024-04-09 16:05:11.024,8.95,5.0,-0.2514083333333333,12,-0.1562583333333333,12,-0.142525,12
FLAB06,2024-05-20,0.032,0.484,6.31,0.006,8.2,0.003,28.8,1.4,0.566,1.5,30.2,25.206681,-80.4404,S2A_MSIL2A_20240529T160511_N0510_R054_T17RNH_20240529T221346,2024-05-29 16:05:11.024,4.6,9.0,-0.2440166666666666,12,-0.129125,12,-0.1514916666666666,12
FLAB06,2024-06-04,0.04,0.992,7.02,0.007,8.2,0.006,26.9,1.8,0.661,1.4,29.0,25.206681,-80.4404,S2A_MSIL2A_20240529T160511_N0510_R054_T17RNH_20240529T221346,2024-05-29 16:05:11.024,4.6,5.0,-0.2440166666666666,12,-0.129125,12,-0.1514916666666666,12
FLAB06,2024-07-17,0.026,1.0,7.19,0.005,8.2,0.005,18.6,1.7,0.697,1.3,31.4,25.206681,-80.4404,S2A_MSIL2A_20240628T160511_N0510_R054_T17RNH_20240628T223450,2024-06-28 16:05:11.024,3.75,18.0,-0.1502,12,-0.0786583333333333,12,-0.14,12
FLAB06,2024-08-15,0.044,0.55,6.46,0.005,8.3,0.006,23.2,1.6,0.763,1.2,33.5,25.206681,-80.4404,S2B_MSIL2A_20240812T160519_N0511_R054_T17RNH_20240812T194800,2024-08-12 16:05:19.024,6.99,2.0,-0.187225,12,-0.111325,12,-0.1452833333333333,12
FLAB06,2024-09-16,0.116,0.613,5.93,0.008,7.9,0.003,20.0,2.2,0.801,1.1,31.8,25.206681,-80.4404,S2B_MSIL2A_20241001T160509_N0511_R054_T17RNH_20241001T210909,2024-10-01 16:05:09.024,5.16,15.0,-0.13625,12,-0.0623666666666666,12,-0.1281666666666666,12
FLAB06,2024-10-14,0.101,1.88,7.26,0.01,8.0,0.011,11.9,2.0,0.707,1.6,27.8,25.206681,-80.4404,S2B_MSIL2A_20241001T160509_N0511_R054_T17RNH_20241001T210909,2024-10-01 16:05:09.024,5.16,12.0,-0.13625,12,-0.0623666666666666,12,-0.1281666666666666,12
FLAB06,2024-11-14,0.076,0.474,7.27,0.028,8.1,0.005,18.3,1.9,0.578,1.8,25.9,25.206681,-80.4404,S2A_MSIL2A_20241115T160511_N0511_R054_T17RNH_20241115T205649,2024-11-15 16:05:11.024,4.75,1.0,-0.1473083333333333,12,-0.0682083333333333,12,-0.1214166666666666,12
FLAB06,2024-12-11,0.023,0.411,7.96,0.005,8.2,0.006,21.8,1.7,0.477,1.8,23.1,25.206681,-80.4404,S2A_MSIL2A_20241115T160511_N0511_R054_T17RNH_20241115T205649,2024-11-15 16:05:11.024,4.75,25.0,-0.1473083333333333,12,-0.0682083333333333,12,-0.1214166666666666,12
FLAB06,2025-01-27,0.01,0.299,9.0,0.005,8.2,0.003,24.9,1.5,0.443,0.7,19.2,25.206681,-80.4404,S2B_MSIL2A_20250119T160509_N0511_R054_T17RNH_20250119T211653,2025-01-19 16:05:09.024,1.34,7.0,-0.2344416666666666,12,-0.1157333333333333,12,-0.1436416666666666,12
FLAB06,2025-02-11,0.013,0.224,9.26,0.005,8.2,0.004,,1.6,0.477,1.4,,25.206681,-80.4404,S2B_MSIL2A_20250228T160509_N0511_R054_T17RNH_20250228T194642,2025-02-28 16:05:09.024,0.47,17.0,-0.2979333333333333,12,-0.1503666666666666,12,-0.171175,12
FLAB06,2025-03-10,0.015,0.203,7.94,0.005,8.2,0.004,29.5,1.8,0.459,1.4,25.9,25.206681,-80.4404,S2B_MSIL2A_20250228T160509_N0511_R054_T17RNH_20250228T194642,2025-02-28 16:05:09.024,0.47,9.0,-0.2979333333333333,12,-0.1503666666666666,12,-0.171175,12
FLAB06,2025-04-28,0.02,0.176,7.13,0.005,8.2,0.002,33.9,1.3,0.541,1.6,27.4,25.206681,-80.4404,S2A_MSIL2A_20250416T160521_N0511_R054_T17RNH_20250417T013913,2025-04-16 16:05:21.024,4.846258,11.0,-0.3341833333333333,12,-0.20445,12,-0.1813666666666666,12
FLAB06,2025-05-27,0.042,0.243,6.48,0.005,8.1,0.002,35.5,1.7,0.511,1.5,31.4,25.206681,-80.4404,S2A_MSIL2A_20250526T160531_N0511_R054_T17RNH_20250526T203213,2025-05-26 16:05:31.024,2.662065,0.0,-0.210175,12,-0.1356833333333333,12,-0.12475,12
FLAB06,2025-06-09,0.042,0.179,6.77,0.005,8.3,0.006,32.5,1.8,0.584,1.1,30.8,25.206681,-80.4404,S2A_MSIL2A_20250615T160521_N0511_R054_T17RNH_20250615T222322,2025-06-15 16:05:21.024,8.885614,6.0,-0.103925,12,-0.0690333333333333,12,0.0737666666666666,12
FLAB06,2025-07-17,0.056,0.366,5.89,0.006,8.0,0.003,34.7,1.4,0.594,1.8,29.7,25.206681,-80.4404,S2C_MSIL2A_20250802T160531_N0511_R054_T17RNH_20250802T202613,2025-08-02 16:05:31.025,4.725419,16.0,-0.284525,12,-0.1756916666666666,12,-0.1677833333333333,12
FLAB06,2025-09-15,0.066,0.749,6.4,0.011,7.9,0.002,23.4,1.6,0.778,0.4,29.2,25.206681,-80.4404,S2C_MSIL2A_20251001T160531_N0511_R054_T17RNH_20251001T205018,2025-10-01 16:05:31.025,1.61,16.0,-0.076775,12,-0.0329333333333333,12,-0.1109083333333333,12
FLAB06,2025-10-06,0.032,0.268,6.81,0.005,8.0,0.004,22.2,2.2,0.64,0.3,29.4,25.206681,-80.4404,S2C_MSIL2A_20251001T160531_N0511_R054_T17RNH_20251001T205018,2025-10-01 16:05:31.025,1.61,4.0,-0.076775,12,-0.0329333333333333,12,-0.1109083333333333,12
FLAB06,2025-11-17,0.029,0.284,7.96,0.005,8.1,0.006,23.7,1.4,0.521,0.9,23.4,25.206681,-80.4404,S2A_MSIL2A_20251122T160531_N0511_R054_T17RNH_20251122T183708,2025-11-22 16:05:31.024,5.56,5.0,-0.1569583333333333,12,-0.07315,12,-0.1376833333333333,12
FLAB06,2025-12-11,0.018,0.253,7.67,0.011,8.1,0.003,26.8,1.8,0.499,1.7,23.6,25.206681,-80.4404,S2C_MSIL2A_20251220T160521_N0511_R054_T17RNH_20251220T191014,2025-12-20 16:05:21.025,10.66,9.0,-0.161375,12,-0.076125,12,-0.1242833333333333,12
FLAB08,2016-01-25,0.193,0.32,8.9,0.039,8.1,0.004,14.7,1.2,0.782,3.4,15.8,25.227369,-80.461669,S2A_MSIL2A_20160102T155642_N0500_R054_T17RNH_20231010T064726,2016-01-02 15:56:42.030,8.37,22.0,-0.1619454545454545,11,-0.0762545454545454,11,-0.1652636363636363,11
FLAB08,2016-02-22,0.094,0.32,8.15,0.04,8.1,0.005,14.3,1.0,0.691,4.6,21.8,25.227369,-80.461669,,,,,,0,,0,,0
FLAB08,2016-04-05,0.029,0.38,6.89,0.01,8.1,0.004,19.7,1.3,0.582,1.2,24.9,25.227369,-80.461669,S2A_MSIL2A_20160401T154922_N0500_R054_T17RNH_20231021T232321,2016-04-01 15:49:22.030,10.03,3.0,-0.1961727272727272,11,-0.1172818181818181,11,-0.1309636363636363,11
FLAB08,2016-05-31,0.044,0.261,6.43,0.007,8.1,0.004,22.5,1.4,0.684,1.8,29.2,25.227369,-80.461669,S2A_MSIL2A_20160521T160522_N0500_R054_T17RNH_20231008T223616,2016-05-21 16:05:22.027,9.63,9.0,-0.1131545454545454,11,-0.0768818181818181,11,-0.065490909090909,11
FLAB08,2016-06-20,0.021,0.645,6.3,0.005,8.1,0.005,25.2,1.4,0.791,2.8,28.9,25.227369,-80.461669,S2A_MSIL2A_20160630T160512_N0500_R054_T17RNH_20231015T211056,2016-06-30 16:05:12.027,18.46,10.0,,0,,0,,0
FLAB08,2016-07-12,0.065,0.453,5.5,0.005,8.0,0.006,21.4,1.3,0.843,3.1,30.5,25.227369,-80.461669,S2A_MSIL2A_20160630T160512_N0500_R054_T17RNH_20231015T211056,2016-06-30 16:05:12.027,18.46,11.0,,0,,0,,0
FLAB08,2016-09-08,0.133,0.779,6.43,0.011,8.0,0.006,16.4,1.5,0.817,1.4,29.8,25.227369,-80.461669,S2A_MSIL2A_20160918T160512_N0500_R054_T17RNH_20230930T023451,2016-09-18 16:05:12.026,14.25,10.0,-0.0834545454545454,11,-0.0372090909090909,11,-0.1409909090909091,11
FLAB08,2016-09-13,0.114,0.544,6.17,0.013,8.0,0.004,15.6,1.8,0.849,3.2,29.4,25.227369,-80.461669,S2A_MSIL2A_20160918T160512_N0500_R054_T17RNH_20230930T023451,2016-09-18 16:05:12.026,14.25,5.0,-0.0834545454545454,11,-0.0372090909090909,11,-0.1409909090909091,11
FLAB08,2016-10-26,0.036,0.722,7.48,0.008,7.9,0.005,25.1,1.1,0.56,4.3,23.5,25.227369,-80.461669,,,,,,0,,0,,0
FLAB08,2016-11-14,0.064,0.443,6.78,0.016,7.9,0.004,25.6,1.7,0.552,2.6,25.0,25.227369,-80.461669,S2A_MSIL2A_20161127T160512_N0500_R054_T17RNH_20230927T160903,2016-11-27 16:05:12.026,11.47,13.0,-0.1804,11,-0.0865909090909091,11,-0.1561090909090909,11
FLAB08,2016-12-13,0.071,0.204,7.4,0.021,8.0,0.004,22.2,1.4,0.578,1.8,24.6,25.227369,-80.461669,S2A_MSIL2A_20161127T160512_N0500_R054_T17RNH_20230927T160903,2016-11-27 16:05:12.026,11.47,15.0,-0.1804,11,-0.0865909090909091,11,-0.1561090909090909,11
FLAB08,2017-01-25,0.06,0.45,7.03,0.021,8.1,0.005,27.6,1.5,0.543,3.4,20.8,25.227369,-80.461669,S2A_MSIL2A_20170215T160511_N0500_R054_T17RNH_20230917T075421,2017-02-15 16:05:11.026,3.45,21.0,-0.2588090909090909,11,-0.1324363636363636,11,-0.1763545454545454,11
FLAB08,2017-02-08,0.078,0.3,6.81,0.022,7.9,0.004,26.8,2.6,0.588,4.9,24.4,25.227369,-80.461669,S2A_MSIL2A_20170215T160511_N0500_R054_T17RNH_20230917T075421,2017-02-15 16:05:11.026,3.45,7.0,-0.2588090909090909,11,-0.1324363636363636,11,-0.1763545454545454,11
FLAB08,2017-03-21,0.071,0.242,6.9,0.019,8.0,0.004,32.4,1.3,0.624,4.1,20.5,25.227369,-80.461669,S2A_MSIL2A_20170225T160511_N0500_R054_T17RNH_20230927T065507,2017-02-25 16:05:11.026,2.02,23.0,-0.2605909090909091,11,-0.1288909090909091,11,-0.1666,11
FLAB08,2017-04-06,0.164,0.264,6.28,0.036,8.0,0.005,33.0,1.3,0.687,3.2,27.1,25.227369,-80.461669,,,,,,0,,0,,0
FLAB08,2017-05-08,0.133,0.196,6.73,0.034,8.0,0.006,37.7,3.0,0.754,2.5,24.7,25.227369,-80.461669,,,,,,0,,0,,0
FLAB08,2017-06-27,0.161,0.347,6.4,0.021,8.1,0.008,24.8,1.3,0.931,2.1,30.2,25.227369,-80.461669,S2A_MSIL2A_20170715T160511_N0500_R054_T17RNH_20230901T104819,2017-07-15 16:05:11.026,6.66,18.0,-0.1179545454545454,11,-0.0641545454545454,11,-0.1332909090909091,11
FLAB08,2017-07-24,0.215,0.469,5.33,0.017,8.0,0.005,25.1,1.3,0.964,2.8,30.5,25.227369,-80.461669,S2A_MSIL2A_20170715T160511_N0500_R054_T17RNH_20230901T104819,2017-07-15 16:05:11.026,6.66,8.0,-0.1179545454545454,11,-0.0641545454545454,11,-0.1332909090909091,11
FLAB08,2017-08-21,0.248,0.247,6.17,0.021,7.7,0.008,25.9,1.4,1.1,3.2,29.4,25.227369,-80.461669,S2A_MSIL2A_20170804T160511_N0500_R054_T17RNH_20230826T141136,2017-08-04 16:05:11.026,7.87,16.0,-0.0477363636363636,11,-0.0288818181818181,11,-0.0831181818181818,11
FLAB08,2017-09-18,0.099,2.06,6.78,0.014,7.8,0.008,10.2,1.4,0.825,3.2,30.6,25.227369,-80.461669,S2A_MSIL2A_20170913T160511_N0500_R054_T17RNH_20230825T160223,2017-09-13 16:05:11.026,18.56,4.0,-0.1219363636363636,11,-0.0634363636363636,11,-0.1315454545454545,11
FLAB08,2017-10-04,0.17,3.9,7.16,0.03,7.9,0.009,9.78,0.3,0.869,9.0,27.3,25.227369,-80.461669,S2A_MSIL2A_20171003T160511_N0500_R054_T17RNH_20230817T084655,2017-10-03 16:05:11.026,13.94,0.0,-0.1533727272727272,11,-0.0853454545454545,11,-0.2142272727272727,11
FLAB08,2017-11-16,0.068,1.81,7.57,0.02,8.0,0.006,15.5,1.0,0.735,9.5,24.0,25.227369,-80.461669,S2B_MSIL2A_20171107T160459_N0500_R054_T17RNH_20230721T141830,2017-11-07 16:04:59.027,7.26,8.0,-0.0224818181818181,11,-0.0134181818181818,11,-0.0399363636363636,11
FLAB08,2017-12-18,0.107,0.455,8.32,0.035,8.2,0.006,14.1,2.4,0.816,2.9,21.5,25.227369,-80.461669,S2B_MSIL2A_20171227T160459_N0500_R054_T17RNH_20230720T070737,2017-12-27 16:04:59.027,6.53,9.0,-0.1456818181818181,11,-0.0665545454545454,11,-0.1222818181818181,11
FLAB08,2018-01-16,0.032,0.436,8.35,0.013,8.2,0.008,18.7,1.3,0.674,3.6,18.3,25.227369,-80.461669,S2B_MSIL2A_20171227T160459_N0500_R054_T17RNH_20230720T070737,2017-12-27 16:04:59.027,6.53,19.0,-0.1456818181818181,11,-0.0665545454545454,11,-0.1222818181818181,11
FLAB08,2018-02-12,0.016,0.821,7.12,0.005,8.1,0.007,24.8,1.0,0.573,5.4,25.2,25.227369,-80.461669,S2B_MSIL2A_20180205T160509_N0500_R054_T17RNH_20230804T115018,2018-02-05 16:05:09.027,6.15,6.0,-0.1396636363636363,11,-0.1376545454545454,11,0.0155090909090909,11
FLAB08,2018-03-01,0.008,1.17,7.13,0.005,8.1,0.007,26.7,2.9,0.636,2.8,25.2,25.227369,-80.461669,S2B_MSIL2A_20180317T160509_N0500_R054_T17RNH_20230710T201059,2018-03-17 16:05:09.027,3.5,16.0,-0.2154545454545454,11,-0.104,11,-0.1633090909090909,11
FLAB08,2018-04-11,0.015,0.188,6.6,0.005,8.1,0.005,31.6,1.3,0.58,1.7,27.9,25.227369,-80.461669,S2A_MSIL2A_20180421T160511_N0500_R054_T17RNH_20230630T222736,2018-04-21 16:05:11.026,19.08,10.0,-0.1967727272727272,11,-0.1185909090909091,11,-0.1212818181818181,11
FLAB08,2018-05-22,0.035,0.379,5.77,0.005,8.0,0.005,31.2,1.3,0.622,3.1,24.8,25.227369,-80.461669,S2B_MSIL2A_20180605T160509_N0500_R054_T17RNH_20230715T182439,2018-06-05 16:05:09.024,13.59,14.0,-0.1385181818181818,11,-0.0856272727272727,11,-0.1134363636363636,11
FLAB08,2018-06-11,0.149,0.358,6.62,0.018,8.2,0.004,22.4,1.3,0.842,0.7,29.1,25.227369,-80.461669,S2B_MSIL2A_20180605T160509_N0500_R054_T17RNH_20230715T182439,2018-06-05 16:05:09.024,13.59,5.0,-0.1385181818181818,11,-0.0856272727272727,11,-0.1134363636363636,11
FLAB08,2018-07-10,0.079,0.32,6.93,0.017,8.1,0.004,14.7,1.4,0.836,2.8,31.1,25.227369,-80.461669,,,,,,0,,0,,0
FLAB08,2018-08-08,0.05,0.505,6.02,0.007,8.0,0.004,19.2,1.3,0.844,2.7,29.4,25.227369,-80.461669,S2A_MSIL2A_20180809T160511_N0500_R054_T17RNH_20230711T022345,2018-08-09 16:05:11.024,8.3,1.0,-0.0177090909090909,11,-0.0152363636363636,11,-0.0653272727272727,11
FLAB08,2018-09-06,0.069,0.409,6.58,0.018,8.1,0.005,12.1,1.6,0.802,1.7,29.0,25.227369,-80.461669,S2A_MSIL2A_20180928T160511_N0510_R054_T17RNH_20250531T034550,2018-09-28 16:05:11.024,3.004363,22.0,-0.0783272727272727,11,-0.035490909090909,11,-0.1310363636363636,11
FLAB08,2018-10-23,0.062,0.405,6.73,0.007,8.0,0.005,21.5,1.4,0.792,1.4,27.0,25.227369,-80.461669,S2A_MSIL2A_20181018T160511_N0500_R054_T17RNH_20230706T010334,2018-10-18 16:05:11.024,8.03,4.0,-0.0778545454545454,11,-0.0346727272727272,11,-0.1355545454545454,11
FLAB08,2018-11-05,0.029,0.485,7.45,0.005,8.1,0.004,22.8,1.4,0.717,1.6,27.2,25.227369,-80.461669,S2A_MSIL2A_20181018T160511_N0500_R054_T17RNH_20230706T010334,2018-10-18 16:05:11.024,8.03,17.0,-0.0778545454545454,11,-0.0346727272727272,11,-0.1355545454545454,11
FLAB08,2018-12-05,0.025,0.526,5.93,0.005,8.0,0.005,26.7,1.5,0.718,0.8,25.1,25.227369,-80.461669,S2B_MSIL2A_20181202T160509_N0500_R054_T17RNH_20230623T141113,2018-12-02 16:05:09.024,10.75,2.0,-0.1348181818181818,11,-0.0621727272727272,11,-0.0968363636363636,11
FLAB08,2019-01-29,0.012,0.128,7.67,0.005,8.0,0.002,29.7,1.5,0.628,1.1,17.7,25.227369,-80.461669,S2B_MSIL2A_20190131T160509_N0500_R054_T17RNH_20221203T130314,2019-01-31 16:05:09.024,10.99,2.0,-0.1527,11,-0.0682636363636363,11,-0.1194272727272727,11
FLAB08,2019-02-19,0.015,0.162,7.42,0.005,8.0,0.004,30.9,1.5,0.626,0.8,26.4,25.227369,-80.461669,S2B_MSIL2A_20190302T160509_N0500_R054_T17RNH_20221114T204209,2019-03-02 16:05:09.024,3.51,11.0,-0.2011090909090909,11,-0.0913818181818181,11,-0.1489,11
FLAB08,2019-03-05,0.064,0.583,6.13,0.008,7.8,0.003,31.6,1.3,0.775,2.5,26.7,25.227369,-80.461669,S2B_MSIL2A_20190302T160509_N0500_R054_T17RNH_20221114T204209,2019-03-02 16:05:09.024,3.51,2.0,-0.2011090909090909,11,-0.0913818181818181,11,-0.1489,11
FLAB08,2019-04-02,0.019,0.169,6.68,0.005,7.9,0.004,36.7,1.8,0.593,0.9,25.7,25.227369,-80.461669,S2B_MSIL2A_20190411T160519_N0500_R054_T17RNH_20221023T185626,2019-04-11 16:05:19.024,3.66,9.0,-0.2101090909090909,11,-0.0985272727272727,11,-0.1429090909090909,11
FLAB08,2019-05-14,0.025,0.217,6.68,0.005,8.0,0.004,39.9,1.5,0.679,0.9,29.9,25.227369,-80.461669,S2A_MSIL2A_20190526T160511_N0500_R054_T17RNH_20221211T081521,2019-05-26 16:05:11.024,5.48,12.0,-0.0589090909090909,11,-0.0368727272727272,11,-0.0862272727272727,11
FLAB08,2019-06-13,0.034,0.265,6.03,0.005,7.9,0.004,40.3,1.6,0.74,1.0,30.6,25.227369,-80.461669,S2A_MSIL2A_20190625T160521_N0500_R054_T17RNH_20230508T164541,2019-06-25 16:05:21.024,2.13,12.0,-0.1049909090909091,11,-0.0540181818181818,11,-0.1051727272727272,11
FLAB08,2019-07-29,0.036,0.537,9.5,0.005,7.9,0.005,34.2,1.3,0.977,0.9,32.3,25.227369,-80.461669,S2B_MSIL2A_20190819T160519_N0500_R054_T17RNH_20230505T071445,2019-08-19 16:05:19.024,12.15,21.0,-0.0933909090909091,11,-0.0517636363636363,11,-0.0879,11
FLAB08,2019-08-13,0.042,0.741,6.01,0.009,8.0,0.006,28.9,1.4,1.05,1.2,32.5,25.227369,-80.461669,S2B_MSIL2A_20190819T160519_N0500_R054_T17RNH_20230505T071445,2019-08-19 16:05:19.024,12.15,6.0,-0.0933909090909091,11,-0.0517636363636363,11,-0.0879,11
FLAB08,2019-09-10,0.046,0.508,5.66,0.005,7.8,0.005,23.4,1.2,0.899,1.4,29.7,25.227369,-80.461669,S2B_MSIL2A_20190918T160509_N0500_R054_T17RNH_20230501T120457,2019-09-18 16:05:09.024,8.33,8.0,-0.0947363636363636,11,-0.0448272727272727,11,-0.0939,11
FLAB08,2019-10-10,0.053,0.411,5.71,0.005,7.8,0.005,34.3,1.6,0.7,1.1,28.7,25.227369,-80.461669,S2A_MSIL2A_20191013T160511_N0500_R054_T17RNH_20230614T052238,2019-10-13 16:05:11.024,9.57,3.0,-0.0352545454545454,11,-0.0157545454545454,11,-0.0705,11
FLAB08,2019-11-07,0.056,0.379,6.93,0.007,8.1,0.003,26.2,1.6,0.741,1.3,27.8,25.227369,-80.461669,S2A_MSIL2A_20191013T160511_N0500_R054_T17RNH_20230614T052238,2019-10-13 16:05:11.024,9.57,24.0,-0.0352545454545454,11,-0.0157545454545454,11,-0.0705,11
FLAB08,2019-12-09,0.012,0.242,7.25,0.005,8.0,0.003,32.1,2.3,0.625,0.8,22.4,25.227369,-80.461669,S2B_MSIL2A_20191207T160509_N0500_R054_T17RNH_20230525T143258,2019-12-07 16:05:09.024,9.01,1.0,-0.1073636363636363,11,-0.0458636363636363,11,-0.1164545454545454,11
FLAB08,2020-01-23,0.046,0.108,8.22,0.014,7.7,0.005,33.7,2.5,0.582,0.8,15.7,25.227369,-80.461669,S2B_MSIL2A_20200126T160509_N0500_R054_T17RNH_20230424T055929,2020-01-26 16:05:09.024,0.01,3.0,-0.1537636363636363,11,-0.0692818181818181,11,-0.1199,11
FLAB08,2020-02-06,0.029,0.22,7.53,0.005,8.1,0.005,32.1,1.3,0.622,1.0,23.7,25.227369,-80.461669,S2B_MSIL2A_20200126T160509_N0500_R054_T17RNH_20230424T055929,2020-01-26 16:05:09.024,0.01,10.0,-0.1537636363636363,11,-0.0692818181818181,11,-0.1199,11
FLAB08,2020-03-05,0.02,0.185,7.12,0.005,8.1,0.005,33.3,1.1,0.563,0.9,25.3,25.227369,-80.461669,S2B_MSIL2A_20200326T160509_N0500_R054_T17RNH_20230409T144543,2020-03-26 16:05:09.024,3.76,21.0,-0.2096090909090909,11,-0.1004727272727272,11,-0.1568636363636363,11
FLAB08,2020-04-06,0.02,0.219,6.26,0.005,8.2,0.004,38.5,1.3,0.653,1.2,26.3,25.227369,-80.461669,S2B_MSIL2A_20200326T160509_N0500_R054_T17RNH_20230409T144543,2020-03-26 16:05:09.024,3.76,10.0,-0.2096090909090909,11,-0.1004727272727272,11,-0.1568636363636363,11
FLAB08,2020-05-05,0.015,0.377,3.59,0.005,8.0,0.006,41.5,1.1,0.7,0.9,27.0,25.227369,-80.461669,S2B_MSIL2A_20200505T160509_N0500_R054_T17RNH_20230331T132201,2020-05-05 16:05:09.024,13.21,0.0,-0.0827545454545454,11,-0.0463363636363636,11,-0.0979727272727272,11
FLAB08,2020-06-02,0.085,0.549,6.1,0.007,8.0,0.004,26.2,1.2,0.809,0.6,29.8,25.227369,-80.461669,S2A_MSIL2A_20200609T160521_N0500_R054_T17RNH_20230412T130437,2020-06-09 16:05:21.024,11.27,7.0,-0.0754454545454545,11,-0.044390909090909,11,-0.0831909090909091,11
FLAB08,2020-07-16,0.011,3.78,6.26,0.005,8.2,0.007,26.6,1.1,0.961,1.9,30.6,25.227369,-80.461669,S2A_MSIL2A_20200719T160521_N0500_R054_T17RNH_20230323T200138,2020-07-19 16:05:21.024,15.5,3.0,-0.0480545454545454,11,-0.0257,11,-0.0931454545454545,11
FLAB08,2020-08-17,0.078,1.43,6.94,0.005,8.3,0.006,17.9,1.2,1.1,1.4,31.6,25.227369,-80.461669,S2B_MSIL2A_20200813T160519_N0500_R054_T17RNH_20230317T064934,2020-08-13 16:05:19.024,8.8,3.0,-0.0923090909090909,11,-0.0493090909090909,11,-0.1144636363636363,11
FLAB08,2020-09-01,0.099,,6.17,0.005,8.2,0.007,22.6,1.1,1.13,1.3,32.1,25.227369,-80.461669,S2B_MSIL2A_20200813T160519_N0500_R054_T17RNH_20230317T064934,2020-08-13 16:05:19.024,8.8,18.0,-0.0923090909090909,11,-0.0493090909090909,11,-0.1144636363636363,11
FLAB08,2020-10-14,0.09,1.17,7.02,0.008,8.2,0.005,13.0,1.4,0.785,1.6,29.2,25.227369,-80.461669,S2B_MSIL2A_20201012T160519_N0500_R054_T17RNH_20230307T135614,2020-10-12 16:05:19.024,7.31,1.0,-0.1056,11,-0.0475272727272727,11,-0.1221909090909091,11
FLAB08,2020-11-12,0.169,0.601,6.88,0.019,8.0,0.004,16.2,1.3,0.666,3.6,26.8,25.227369,-80.461669,S2A_MSIL2A_20201126T160511_N0500_R054_T17RNH_20230304T135940,2020-11-26 16:05:11.024,7.4,14.0,-0.0935545454545454,11,-0.0413363636363636,11,-0.1147181818181818,11
FLAB08,2020-12-14,0.124,0.27,8.64,0.055,8.2,0.005,12.4,1.2,0.631,0.8,21.2,25.227369,-80.461669,S2A_MSIL2A_20201126T160511_N0500_R054_T17RNH_20230304T135940,2020-11-26 16:05:11.024,7.4,17.0,-0.0935545454545454,11,-0.0413363636363636,11,-0.1147181818181818,11
FLAB08,2021-01-12,0.048,0.254,8.5,0.01,8.2,0.005,15.0,1.1,0.507,1.2,20.4,25.227369,-80.461669,S2A_MSIL2A_20210105T160511_N0500_R054_T17RNH_20230224T230042,2021-01-05 16:05:11.024,0.15,6.0,-0.1072909090909091,11,-0.0486363636363636,11,-0.1059545454545454,11
FLAB08,2021-02-08,0.042,0.379,8.51,0.005,8.2,0.005,18.2,1.2,0.575,0.6,22.6,25.227369,-80.461669,S2B_MSIL2A_20210301T160509_N0500_R054_T17RNH_20230513T142932,2021-03-01 16:05:09.024,5.26,21.0,-0.1158909090909091,11,-0.054990909090909,11,-0.1148909090909091,11
FLAB08,2021-03-25,0.017,0.764,7.26,0.005,8.2,0.003,23.2,1.2,0.557,0.9,25.1,25.227369,-80.461669,S2B_MSIL2A_20210331T160509_N0500_R054_T17RNH_20230519T193433,2021-03-31 16:05:09.024,4.3,6.0,-0.1510727272727272,11,-0.0825090909090909,11,-0.1154454545454545,11
FLAB08,2021-04-06,0.014,0.432,7.37,0.005,8.2,0.005,25.7,1.1,0.584,0.7,21.4,25.227369,-80.461669,S2B_MSIL2A_20210331T160509_N0500_R054_T17RNH_20230519T193433,2021-03-31 16:05:09.024,4.3,5.0,-0.1510727272727272,11,-0.0825090909090909,11,-0.1154454545454545,11
FLAB08,2021-05-06,0.016,0.366,6.38,0.005,8.2,0.004,27.5,1.1,0.714,0.5,29.5,25.227369,-80.461669,S2B_MSIL2A_20210510T160509_N0500_R054_T17RNH_20230208T043056,2021-05-10 16:05:09.024,3.55,4.0,-0.1446363636363636,11,-0.0899636363636363,11,-0.1064545454545454,11
FLAB08,2021-06-21,0.039,0.167,5.85,0.005,8.0,0.003,34.4,1.1,0.676,0.8,30.2,25.227369,-80.461669,S2B_MSIL2A_20210609T160509_N0500_R054_T17RNH_20230128T121728,2021-06-09 16:05:09.024,11.23,11.0,-0.1299545454545454,11,-0.0842454545454545,11,-0.091490909090909,11
FLAB08,2021-07-22,0.056,0.309,5.86,0.005,8.0,0.003,33.5,1.2,0.741,0.7,31.6,25.227369,-80.461669,S2A_MSIL2A_20210704T160511_N0500_R054_T17RNH_20230129T022912,2021-07-04 16:05:11.024,4.55,17.0,-0.121,11,-0.0707818181818181,11,-0.1152545454545454,11
FLAB08,2021-08-19,0.05,0.528,6.67,0.005,8.1,0.005,21.6,2.3,0.861,1.0,30.7,25.227369,-80.461669,S2B_MSIL2A_20210818T160509_N0500_R054_T17RNH_20230117T162001,2021-08-18 16:05:09.024,6.15,0.0,-0.0543363636363636,11,-0.0318454545454545,11,-0.0425090909090909,11
FLAB08,2021-09-21,0.059,0.562,6.36,0.005,8.0,0.002,21.1,,0.794,0.8,29.5,25.227369,-80.461669,S2B_MSIL2A_20210927T160509_N0500_R054_T17RNH_20230115T060558,2021-09-27 16:05:09.024,2.58,6.0,-0.067890909090909,11,-0.0298636363636363,11,-0.0969272727272727,11
FLAB08,2021-10-21,0.036,0.453,6.51,0.005,8.0,0.008,26.1,1.3,0.698,2.2,26.0,25.227369,-80.461669,S2B_MSIL2A_20211017T160509_N0500_R054_T17RNH_20230105T060942,2021-10-17 16:05:09.024,1.5,3.0,-0.0907818181818181,11,-0.0868090909090909,11,0.0260090909090909,11
FLAB08,2021-11-15,0.036,0.336,7.39,0.006,8.0,0.003,18.7,1.4,0.752,0.6,22.3,25.227369,-80.461669,S2B_MSIL2A_20211126T160509_N0500_R054_T17RNH_20221231T133627,2021-11-26 16:05:09.024,7.91,11.0,-0.1056,11,-0.0466545454545454,11,-0.101,11
FLAB08,2021-12-16,0.088,0.347,7.14,0.017,7.9,0.003,20.0,1.2,0.644,2.0,24.7,25.227369,-80.461669,S2A_MSIL2A_20211201T160511_N0500_R054_T17RNH_20221224T161347,2021-12-01 16:05:11.024,2.02,14.0,-0.1011454545454545,11,-0.0449363636363636,11,-0.1085090909090909,11
FLAB08,2022-01-18,0.044,0.219,7.95,0.018,8.0,0.004,22.6,1.4,0.621,1.1,19.6,25.227369,-80.461669,S2A_MSIL2A_20220130T160511_N0510_R054_T17RNH_20240508T134151,2022-01-30 16:05:11.024,4.314916,12.0,-0.1282,11,-0.0583363636363636,11,-0.1153090909090909,11
FLAB08,2022-02-01,0.03,0.213,8.66,0.012,8.1,0.002,23.0,1.4,0.597,1.0,16.6,25.227369,-80.461669,S2A_MSIL2A_20220130T160511_N0510_R054_T17RNH_20240508T134151,2022-01-30 16:05:11.024,4.314916,1.0,-0.1282,11,-0.0583363636363636,11,-0.1153090909090909,11
FLAB08,2022-03-28,0.029,0.168,8.05,0.005,8.2,0.003,30.3,1.2,0.613,0.8,24.2,25.227369,-80.461669,S2A_MSIL2A_20220301T160521_N0510_R054_T17RNH_20240517T125255,2022-03-01 16:05:21.024,6.624457,26.0,-0.1437272727272727,11,-0.0665272727272727,11,-0.1303636363636363,11
FLAB08,2022-04-11,0.028,0.174,7.18,0.006,8.1,0.004,30.0,1.2,0.626,1.0,22.6,25.227369,-80.461669,S2B_MSIL2A_20220425T160509_N0510_R054_T17RNH_20240605T092546,2022-04-25 16:05:09.024,11.56,14.0,-0.1086,11,-0.0634454545454545,11,-0.0951,11
FLAB08,2022-05-25,0.018,0.155,6.88,0.005,8.1,0.005,35.1,1.3,0.617,0.9,28.7,25.227369,-80.461669,S2B_MSIL2A_20220515T160509_N0510_R054_T17RNH_20240627T105215,2022-05-15 16:05:09.024,5.97,9.0,-0.1772909090909091,11,-0.0847545454545454,11,-0.1216363636363636,11
FLAB08,2022-06-23,0.057,1.68,7.24,0.008,8.1,0.006,18.0,1.7,0.783,1.2,28.7,25.227369,-80.461669,S2A_MSIL2A_20220629T160521_N0510_R054_T17RNH_20240628T194938,2022-06-29 16:05:21.024,4.056241,6.0,-0.0970545454545454,11,-0.0465181818181818,11,-0.1289727272727272,11
FLAB08,2022-07-07,0.021,0.327,7.62,0.005,8.2,0.004,19.5,1.4,0.782,1.0,31.2,25.227369,-80.461669,S2A_MSIL2A_20220629T160521_N0510_R054_T17RNH_20240628T194938,2022-06-29 16:05:21.024,4.056241,7.0,-0.0970545454545454,11,-0.0465181818181818,11,-0.1289727272727272,11
FLAB08,2022-08-24,0.05,0.389,6.32,0.005,8.1,0.004,28.8,1.4,0.903,1.8,32.1,25.227369,-80.461669,S2A_MSIL2A_20220818T160521_N0510_R054_T17RNH_20240629T103659,2022-08-18 16:05:21.024,4.266037,5.0,-0.1495909090909091,11,-0.0708181818181818,11,-0.1260909090909091,11
FLAB08,2022-09-08,0.069,0.592,6.2,0.005,7.9,0.004,28.8,1.4,0.897,0.8,31.3,25.227369,-80.461669,S2B_MSIL2A_20220902T160509_N0510_R054_T17RNH_20240719T005650,2022-09-02 16:05:09.024,4.340765,5.0,-0.0995363636363636,11,-0.0534181818181818,11,-0.0798454545454545,11
FLAB08,2022-10-24,0.087,0.395,7.42,0.01,8.0,0.004,20.7,1.5,0.696,1.3,25.1,25.227369,-80.461669,S2B_MSIL2A_20221022T160509_N0510_R054_T17RNH_20240729T211221,2022-10-22 16:05:09.024,18.645181,1.0,-0.043290909090909,11,-0.0188090909090909,11,-0.0748818181818181,11
FLAB08,2022-11-22,0.08,0.185,6.32,0.017,7.9,0.004,24.4,1.5,0.565,0.6,25.4,25.227369,-80.461669,S2B_MSIL2A_20221211T160509_N0510_R054_T17RNH_20240806T114151,2022-12-11 16:05:09.024,0.090929,19.0,-0.1124363636363636,11,-0.0502272727272727,11,-0.0939272727272727,11
FLAB08,2022-12-05,0.059,0.27,7.71,0.018,8.0,0.002,24.1,1.4,0.525,1.2,23.8,25.227369,-80.461669,S2B_MSIL2A_20221211T160509_N0510_R054_T17RNH_20240806T114151,2022-12-11 16:05:09.024,0.090929,6.0,-0.1124363636363636,11,-0.0502272727272727,11,-0.0939272727272727,11
FLAB08,2023-01-18,0.023,0.123,8.38,0.007,8.1,0.002,24.4,1.3,0.497,0.6,19.6,25.227369,-80.461669,S2A_MSIL2A_20230115T160511_N0510_R054_T17RNH_20240726T230934,2023-01-15 16:05:11.024,0.01,2.0,-0.1278727272727272,11,-0.056390909090909,11,-0.1160181818181818,11
FLAB08,2023-02-16,0.013,0.098,8.44,0.005,8.2,0.002,20.6,1.5,0.471,1.3,23.9,25.227369,-80.461669,S2B_MSIL2A_20230301T160509_N0510_R054_T17RNH_20240817T102704,2023-03-01 16:05:09.025,0.13,13.0,-0.1912545454545454,11,-0.0858818181818181,11,-0.1553727272727272,11
FLAB08,2023-03-02,0.013,0.214,7.61,0.005,8.3,0.005,22.1,1.4,0.533,1.9,25.3,25.227369,-80.461669,S2B_MSIL2A_20230301T160509_N0510_R054_T17RNH_20240817T102704,2023-03-01 16:05:09.025,0.13,0.0,-0.1912545454545454,11,-0.0858818181818181,11,-0.1553727272727272,11
FLAB08,2023-04-13,0.036,0.245,6.89,0.008,8.0,0.006,28.7,1.7,0.525,1.1,25.8,25.227369,-80.461669,S2A_MSIL2A_20230415T160511_N0510_R054_T17RNH_20240830T092006,2023-04-15 16:05:11.024,6.0,2.0,-0.1381181818181818,11,-0.0707727272727272,11,-0.1043363636363636,11
FLAB08,2023-05-02,0.052,0.259,6.47,0.009,7.9,0.006,29.1,1.4,0.631,1.4,27.7,25.227369,-80.461669,S2A_MSIL2A_20230515T160511_N0510_R054_T17RNH_20240810T080114,2023-05-15 16:05:11.024,9.75,13.0,-0.1083363636363636,11,-0.0673181818181818,11,-0.0884272727272727,11
FLAB08,2023-06-12,0.049,0.859,6.77,0.008,7.9,0.008,25.5,1.6,0.781,1.1,31.2,25.227369,-80.461669,S2A_MSIL2A_20230614T160511_N0510_R054_T17RNH_20240910T072424,2023-06-14 16:05:11.024,11.47,2.0,-0.0731181818181818,11,-0.0422818181818181,11,-0.0794,11
FLAB08,2023-07-12,0.262,5.25,6.91,0.006,8.1,0.017,17.5,1.6,1.19,2.5,33.1,25.227369,-80.461669,S2B_MSIL2A_20230709T160519_N0510_R054_T17RNH_20241014T004835,2023-07-09 16:05:19.024,3.25,2.0,-0.0629727272727272,11,-0.0329181818181818,11,-0.0772090909090909,11
FLAB08,2023-08-09,0.045,1.38,6.61,0.005,8.2,0.006,15.3,1.5,0.868,2.1,33.5,25.227369,-80.461669,S2A_MSIL2A_20230724T160511_N0510_R054_T17RNH_20240820T071355,2023-07-24 16:05:11.024,5.24,15.0,-0.0343090909090909,11,-0.0201636363636363,11,-0.0415727272727272,11
FLAB08,2023-09-12,0.145,1.23,6.32,0.005,8.1,0.008,16.6,2.0,0.942,2.3,31.4,25.227369,-80.461669,S2B_MSIL2A_20230828T160519_N0510_R054_T17RNH_20240912T061739,2023-08-28 16:05:19.024,3.33,14.0,-0.0863454545454545,11,-0.0439818181818181,11,-0.0490090909090909,11
FLAB08,2023-10-11,0.121,0.536,6.42,0.005,8.0,0.004,22.1,1.5,0.779,0.7,30.0,25.227369,-80.461669,S2B_MSIL2A_20231007T160509_N0510_R054_T17RNH_20241022T112823,2023-10-07 16:05:09.024,1.06,3.0,-0.0779727272727272,11,-0.0330818181818181,11,-0.0766,11
FLAB08,2023-11-08,0.077,2.04,7.17,0.012,7.9,0.005,29.4,0.6,0.588,7.3,25.4,25.227369,-80.461669,S2A_MSIL2A_20231101T160511_N0510_R054_T17RNH_20240831T085923,2023-11-01 16:05:11.024,0.26,6.0,-0.0338636363636363,11,-0.014390909090909,11,-0.0558727272727272,11
FLAB08,2023-12-12,0.315,0.784,8.07,0.022,8.1,0.005,17.1,1.6,0.815,2.7,21.0,25.227369,-80.461669,S2A_MSIL2A_20231231T160511_N0510_R054_T17RNH_20231231T210949,2023-12-31 16:05:11.024,0.01,19.0,-0.1057545454545454,11,-0.0471545454545454,11,-0.1031,11
FLAB08,2024-01-22,0.293,0.488,8.85,0.027,8.1,0.006,13.0,1.6,0.803,3.2,20.0,25.227369,-80.461669,S2A_MSIL2A_20240130T160511_N0510_R054_T17RNH_20240130T210100,2024-01-30 16:05:11.024,3.12,8.0,-0.1663727272727272,11,-0.0769181818181818,11,-0.1317454545454545,11
FLAB08,2024-02-08,0.096,0.324,8.66,0.026,8.2,0.004,18.6,1.1,0.57,2.5,19.4,25.227369,-80.461669,S2A_MSIL2A_20240130T160511_N0510_R054_T17RNH_20240130T210100,2024-01-30 16:05:11.024,3.12,8.0,-0.1663727272727272,11,-0.0769181818181818,11,-0.1317454545454545,11
FLAB08,2024-03-18,0.083,0.364,7.21,0.015,8.2,0.006,18.3,1.4,0.668,2.2,28.3,25.227369,-80.461669,S2B_MSIL2A_20240315T160509_N0510_R054_T17RNH_20240315T200115,2024-03-15 16:05:09.024,8.77,2.0,-0.0831454545454545,11,-0.0637545454545454,11,-0.0316090909090909,11
FLAB08,2024-04-04,0.083,0.682,7.15,0.018,8.2,0.005,14.8,1.9,0.773,2.0,25.9,25.227369,-80.461669,S2A_MSIL2A_20240409T160511_N0510_R054_T17RNH_20240409T221856,2024-04-09 16:05:11.024,8.95,5.0,-0.0837272727272727,11,-0.0450363636363636,11,-0.0864,11
FLAB08,2024-05-20,0.07,1.44,6.1,0.01,8.1,0.005,23.8,0.9,0.765,1.6,30.1,25.227369,-80.461669,S2A_MSIL2A_20240529T160511_N0510_R054_T17RNH_20240529T221346,2024-05-29 16:05:11.024,4.6,9.0,-0.1010545454545454,11,-0.0494363636363636,11,-0.0781636363636363,11
FLAB08,2024-06-04,0.061,2.6,7.97,0.011,8.2,0.008,24.2,1.5,0.717,2.1,29.1,25.227369,-80.461669,S2A_MSIL2A_20240529T160511_N0510_R054_T17RNH_20240529T221346,2024-05-29 16:05:11.024,4.6,5.0,-0.1010545454545454,11,-0.0494363636363636,11,-0.0781636363636363,11
FLAB08,2024-07-17,0.019,1.6,6.51,0.005,8.3,0.005,11.9,1.5,0.735,1.3,31.4,25.227369,-80.461669,S2A_MSIL2A_20240628T160511_N0510_R054_T17RNH_20240628T223450,2024-06-28 16:05:11.024,3.75,18.0,-0.0418454545454545,11,-0.0205727272727272,11,-0.0738818181818181,11
FLAB08,2024-08-15,0.041,1.37,7.28,0.005,8.3,0.005,17.9,1.4,0.849,1.4,34.3,25.227369,-80.461669,S2B_MSIL2A_20240812T160519_N0511_R054_T17RNH_20240812T194800,2024-08-12 16:05:19.024,6.99,2.0,-0.0638,11,-0.0360272727272727,11,-0.0680363636363636,11
FLAB08,2024-09-16,0.135,2.09,5.29,0.005,7.8,0.007,11.8,1.1,0.899,4.4,31.5,25.227369,-80.461669,S2B_MSIL2A_20241001T160509_N0511_R054_T17RNH_20241001T210909,2024-10-01 16:05:09.024,5.16,15.0,-0.0471090909090909,11,-0.0203545454545454,11,-0.0661,11
FLAB08,2024-10-14,0.051,1.91,7.33,0.01,8.0,0.005,8.46,1.8,0.657,1.8,28.1,25.227369,-80.461669,S2B_MSIL2A_20241001T160509_N0511_R054_T17RNH_20241001T210909,2024-10-01 16:05:09.024,5.16,12.0,-0.0471090909090909,11,-0.0203545454545454,11,-0.0661,11
FLAB08,2024-11-14,0.086,0.472,7.62,0.057,8.0,0.005,20.0,1.7,0.598,1.3,25.9,25.227369,-80.461669,S2A_MSIL2A_20241115T160511_N0511_R054_T17RNH_20241115T205649,2024-11-15 16:05:11.024,4.75,1.0,-0.0272545454545454,11,-0.0135363636363636,11,-0.0505818181818181,11
FLAB08,2024-12-11,0.017,0.309,8.4,0.005,8.2,0.004,21.6,1.5,0.473,1.0,23.1,25.227369,-80.461669,S2A_MSIL2A_20241115T160511_N0511_R054_T17RNH_20241115T205649,2024-11-15 16:05:11.024,4.75,25.0,-0.0272545454545454,11,-0.0135363636363636,11,-0.0505818181818181,11
FLAB08,2025-01-27,0.028,0.384,9.75,0.005,8.2,0.004,25.5,1.4,0.448,0.6,19.3,25.227369,-80.461669,S2B_MSIL2A_20250119T160509_N0511_R054_T17RNH_20250119T211653,2025-01-19 16:05:09.024,1.34,7.0,-0.1114636363636363,11,-0.0492727272727272,11,-0.0826818181818181,11
FLAB08,2025-02-11,0.005,0.461,9.45,0.005,8.3,0.004,,1.3,0.492,0.7,,25.227369,-80.461669,S2B_MSIL2A_20250228T160509_N0511_R054_T17RNH_20250228T194642,2025-02-28 16:05:09.024,0.47,17.0,-0.1068909090909091,11,-0.0456636363636363,11,-0.0917636363636363,11
FLAB08,2025-03-10,0.008,0.459,8.76,0.005,8.4,0.005,27.6,1.8,0.548,0.6,26.4,25.227369,-80.461669,S2B_MSIL2A_20250228T160509_N0511_R054_T17RNH_20250228T194642,2025-02-28 16:05:09.024,0.47,9.0,-0.1068909090909091,11,-0.0456636363636363,11,-0.0917636363636363,11
FLAB08,2025-04-28,0.01,0.211,8.41,0.005,8.4,0.002,35.5,1.0,0.446,0.7,27.8,25.227369,-80.461669,S2A_MSIL2A_20250416T160521_N0511_R054_T17RNH_20250417T013913,2025-04-16 16:05:21.024,4.846258,11.0,-0.0531727272727272,11,-0.0577090909090909,11,0.0014454545454545,11
FLAB08,2025-05-27,0.016,0.248,7.76,0.005,8.5,0.003,35.0,1.5,0.575,0.6,31.4,25.227369,-80.461669,S2A_MSIL2A_20250526T160531_N0511_R054_T17RNH_20250526T203213,2025-05-26 16:05:31.024,2.662065,0.0,-0.0543363636363636,11,-0.0317363636363636,11,-0.0587363636363636,11
FLAB08,2025-06-09,0.015,0.213,7.77,0.005,8.4,0.005,31.3,1.6,0.647,0.5,30.6,25.227369,-80.461669,S2A_MSIL2A_20250615T160521_N0511_R054_T17RNH_20250615T222322,2025-06-15 16:05:21.024,8.885614,6.0,-0.0495727272727272,11,-0.0287818181818181,11,-0.0686181818181818,11
FLAB08,2025-07-17,0.018,0.349,7.11,0.005,8.2,0.002,33.2,1.2,0.669,0.6,29.6,25.227369,-80.461669,S2C_MSIL2A_20250802T160531_N0511_R054_T17RNH_20250802T202613,2025-08-02 16:05:31.025,4.725419,16.0,0.0388272727272727,11,0.0282090909090909,11,-0.1650454545454545,11
FLAB08,2025-09-15,0.058,0.92,6.33,0.006,8.0,0.004,18.3,1.4,0.815,0.9,29.8,25.227369,-80.461669,S2C_MSIL2A_20251001T160531_N0511_R054_T17RNH_20251001T205018,2025-10-01 16:05:31.025,1.61,16.0,-0.0063272727272727,11,-0.0025818181818181,11,-0.0339181818181818,11
FLAB08,2025-10-06,0.02,0.372,7.31,0.005,8.0,0.005,22.0,2.0,0.569,0.5,28.7,25.227369,-80.461669,S2C_MSIL2A_20251001T160531_N0511_R054_T17RNH_20251001T205018,2025-10-01 16:05:31.025,1.61,4.0,-0.0063272727272727,11,-0.0025818181818181,11,-0.0339181818181818,11
FLAB08,2025-11-17,0.019,0.405,8.6,0.005,8.2,0.006,22.4,1.2,0.588,0.5,23.7,25.227369,-80.461669,S2A_MSIL2A_20251122T160531_N0511_R054_T17RNH_20251122T183708,2025-11-22 16:05:31.024,5.56,5.0,-0.0524090909090909,11,-0.0222636363636363,11,-0.0619,11
FLAB08,2025-12-11,0.013,0.266,8.83,0.005,8.2,0.004,24.0,1.6,0.62,0.4,23.7,25.227369,-80.461669,S2C_MSIL2A_20251220T160521_N0511_R054_T17RNH_20251220T191014,2025-12-20 16:05:21.025,10.66,9.0,-0.0425636363636363,11,-0.0182727272727272,11,-0.0517363636363636,11
FLAB10,2016-01-25,0.109,0.54,9.36,0.067,8.2,0.004,5.49,1.1,0.766,3.2,15.1,25.224469,-80.536581,S2A_MSIL2A_20160102T155642_N0500_R054_T17RNH_20231010T064726,2016-01-02 15:56:42.030,8.37,22.0,-0.0973333333333333,9,-0.0415888888888888,9,-0.1461333333333333,9
FLAB10,2016-02-22,0.146,0.788,8.44,0.048,8.3,0.005,2.47,1.4,0.832,2.3,22.1,25.224469,-80.536581,,,,,,0,,0,,0
FLAB10,2016-04-05,0.159,2.27,6.87,0.098,8.1,0.008,8.76,0.9,1.08,4.0,24.1,25.224469,-80.536581,S2A_MSIL2A_20160401T154922_N0500_R054_T17RNH_20231021T232321,2016-04-01 15:49:22.030,10.03,3.0,-0.1427777777777777,9,-0.0794666666666666,9,-0.1208777777777777,9
FLAB10,2016-05-31,0.121,0.957,6.4,0.048,8.2,0.006,14.4,1.3,1.05,2.6,28.6,25.224469,-80.536581,S2A_MSIL2A_20160521T160522_N0500_R054_T17RNH_20231008T223616,2016-05-21 16:05:22.027,9.63,9.0,-0.1117666666666666,9,-0.0590333333333333,9,-0.1332555555555555,9
FLAB10,2016-06-20,0.129,0.996,6.5,0.041,8.2,0.006,12.7,0.7,1.16,2.8,29.2,25.224469,-80.536581,S2A_MSIL2A_20160630T160512_N0500_R054_T17RNH_20231015T211056,2016-06-30 16:05:12.027,18.46,10.0,-0.1420222222222222,9,-0.0721333333333333,9,-0.1572666666666666,9
FLAB10,2016-07-12,0.092,1.39,6.42,0.06,8.1,0.006,9.36,1.2,1.07,2.3,31.0,25.224469,-80.536581,S2A_MSIL2A_20160630T160512_N0500_R054_T17RNH_20231015T211056,2016-06-30 16:05:12.027,18.46,11.0,-0.1420222222222222,9,-0.0721333333333333,9,-0.1572666666666666,9
FLAB10,2016-09-08,0.088,1.22,7.01,0.027,8.2,0.005,4.44,1.5,0.958,2.2,29.6,25.224469,-80.536581,S2A_MSIL2A_20160918T160512_N0500_R054_T17RNH_20230930T023451,2016-09-18 16:05:12.026,14.25,10.0,-0.0498888888888888,9,-0.0197333333333333,9,-0.1478888888888889,9
FLAB10,2016-09-13,0.09,1.2,6.12,0.025,8.1,0.005,6.11,0.7,0.952,3.7,29.9,25.224469,-80.536581,S2A_MSIL2A_20160918T160512_N0500_R054_T17RNH_20230930T023451,2016-09-18 16:05:12.026,14.25,5.0,-0.0498888888888888,9,-0.0197333333333333,9,-0.1478888888888889,9
FLAB10,2016-10-26,0.037,0.608,8.79,0.014,8.0,0.004,23.3,1.9,0.7,1.7,11.5,25.224469,-80.536581,,,,,,0,,0,,0
FLAB10,2016-11-14,0.029,0.793,7.49,0.011,8.0,0.005,10.7,1.5,0.641,1.2,24.6,25.224469,-80.536581,S2A_MSIL2A_20161127T160512_N0500_R054_T17RNH_20230927T160903,2016-11-27 16:05:12.026,11.47,13.0,-0.0935,9,-0.0411555555555555,9,-0.1437333333333333,9
FLAB10,2016-12-13,0.055,0.844,7.7,0.023,8.2,0.005,5.36,1.4,0.775,1.6,24.4,25.224469,-80.536581,S2A_MSIL2A_20161127T160512_N0500_R054_T17RNH_20230927T160903,2016-11-27 16:05:12.026,11.47,15.0,-0.0935,9,-0.0411555555555555,9,-0.1437333333333333,9
FLAB10,2017-01-25,0.04,0.743,6.97,0.029,8.1,0.006,20.9,1.5,0.626,3.2,20.3,25.224469,-80.536581,S2A_MSIL2A_20170215T160511_N0500_R054_T17RNH_20230917T075421,2017-02-15 16:05:11.026,3.45,21.0,-0.1697444444444444,9,-0.0779444444444444,9,-0.1602,9
FLAB10,2017-02-08,0.051,0.647,7.45,0.021,8.0,0.004,15.4,2.3,0.74,3.1,24.3,25.224469,-80.536581,S2A_MSIL2A_20170215T160511_N0500_R054_T17RNH_20230917T075421,2017-02-15 16:05:11.026,3.45,7.0,-0.1697444444444444,9,-0.0779444444444444,9,-0.1602,9
FLAB10,2017-03-21,0.089,0.331,7.11,0.036,8.1,0.005,24.8,1.1,0.884,2.0,20.7,25.224469,-80.536581,S2A_MSIL2A_20170225T160511_N0500_R054_T17RNH_20230927T065507,2017-02-25 16:05:11.026,2.02,23.0,-0.1990666666666666,9,-0.0906222222222222,9,-0.1556888888888889,9
FLAB10,2017-04-06,0.085,0.31,6.18,0.017,8.0,0.005,31.6,1.4,0.629,2.0,27.0,25.224469,-80.536581,,,,,,0,,0,,0
FLAB10,2017-05-08,0.044,0.217,7.25,0.012,8.0,0.005,35.0,2.7,0.716,1.7,25.0,25.224469,-80.536581,,,,,,0,,0,,0
FLAB10,2017-06-27,0.166,0.642,5.95,0.02,8.0,0.007,21.0,1.4,1.01,3.6,31.0,25.224469,-80.536581,S2A_MSIL2A_20170715T160511_N0500_R054_T17RNH_20230901T104819,2017-07-15 16:05:11.026,6.66,18.0,-0.0840555555555555,9,-0.046,9,-0.1167555555555555,9
FLAB10,2017-07-24,0.207,1.32,6.3,0.045,8.1,0.005,14.8,1.3,1.11,2.0,31.2,25.224469,-80.536581,S2A_MSIL2A_20170715T160511_N0500_R054_T17RNH_20230901T104819,2017-07-15 16:05:11.026,6.66,8.0,-0.0840555555555555,9,-0.046,9,-0.1167555555555555,9
FLAB10,2017-08-21,0.17,1.22,7.26,0.036,8.0,0.004,10.9,1.3,1.13,2.4,29.8,25.224469,-80.536581,S2A_MSIL2A_20170804T160511_N0500_R054_T17RNH_20230826T141136,2017-08-04 16:05:11.026,7.87,16.0,-0.0870888888888889,9,-0.0547888888888888,9,-0.1194555555555555,9
FLAB10,2017-09-18,0.056,0.668,6.54,0.008,8.0,0.005,2.55,1.39,0.718,2.4,29.9,25.224469,-80.536581,S2A_MSIL2A_20170913T160511_N0500_R054_T17RNH_20230825T160223,2017-09-13 16:05:11.026,18.56,4.0,-0.0659444444444444,9,-0.0667222222222222,9,-0.0564333333333333,9
FLAB10,2017-10-04,0.046,2.13,7.29,0.012,8.1,0.007,2.44,1.2,0.753,3.7,27.7,25.224469,-80.536581,S2A_MSIL2A_20171003T160511_N0500_R054_T17RNH_20230817T084655,2017-10-03 16:05:11.026,13.94,0.0,-0.0657888888888889,9,-0.0329666666666666,9,-0.0853,9
FLAB10,2017-11-16,0.083,4.22,8.23,0.033,8.2,0.009,3.67,1.2,0.995,5.5,24.0,25.224469,-80.536581,S2B_MSIL2A_20171107T160459_N0500_R054_T17RNH_20230721T141830,2017-11-07 16:04:59.027,7.26,8.0,-0.0729111111111111,9,-0.0692444444444444,9,0.0207,9
FLAB10,2017-12-18,0.028,1.98,8.92,0.017,8.4,0.005,3.28,1.3,0.874,1.6,22.0,25.224469,-80.536581,S2B_MSIL2A_20171227T160459_N0500_R054_T17RNH_20230720T070737,2017-12-27 16:04:59.027,6.53,9.0,-0.1322666666666666,9,-0.0555,9,-0.1895,9
FLAB10,2018-01-16,0.018,2.24,9.16,0.01,8.4,0.008,4.71,1.3,0.935,3.5,18.1,25.224469,-80.536581,S2B_MSIL2A_20171227T160459_N0500_R054_T17RNH_20230720T070737,2017-12-27 16:04:59.027,6.53,19.0,-0.1322666666666666,9,-0.0555,9,-0.1895,9
FLAB10,2018-02-12,0.01,2.73,7.33,0.007,8.2,0.01,12.8,1.0,0.888,4.4,24.8,25.224469,-80.536581,S2B_MSIL2A_20180205T160509_N0500_R054_T17RNH_20230804T115018,2018-02-05 16:05:09.027,6.15,6.0,-0.1250444444444444,9,-0.0788888888888889,9,-0.1377888888888889,9
FLAB10,2018-03-01,0.027,2.58,6.48,0.005,8.0,0.01,19.2,1.3,0.907,5.3,25.5,25.224469,-80.536581,S2B_MSIL2A_20180317T160509_N0500_R054_T17RNH_20230710T201059,2018-03-17 16:05:09.027,3.5,16.0,-0.1391777777777778,9,-0.0608,9,-0.1635222222222222,9
FLAB10,2018-04-11,0.034,0.704,6.2,0.018,8.1,0.007,29.0,1.2,0.737,3.3,27.9,25.224469,-80.536581,S2A_MSIL2A_20180421T160511_N0500_R054_T17RNH_20230630T222736,2018-04-21 16:05:11.026,19.08,10.0,-0.1357333333333333,9,-0.0733333333333333,9,-0.1308888888888889,9
FLAB10,2018-05-22,0.069,0.91,5.36,0.012,7.9,0.007,27.9,2.0,0.798,2.0,25.0,25.224469,-80.536581,S2B_MSIL2A_20180605T160509_N0500_R054_T17RNH_20230715T182439,2018-06-05 16:05:09.024,13.59,14.0,0.0029555555555555,9,0.0028555555555555,9,0.0486555555555555,9
FLAB10,2018-06-11,0.152,0.666,6.47,0.022,8.2,0.006,9.68,1.2,1.12,1.7,29.2,25.224469,-80.536581,S2B_MSIL2A_20180605T160509_N0500_R054_T17RNH_20230715T182439,2018-06-05 16:05:09.024,13.59,5.0,0.0029555555555555,9,0.0028555555555555,9,0.0486555555555555,9
FLAB10,2018-07-10,0.132,1.05,6.56,0.036,8.1,0.005,4.26,1.3,1.08,1.9,31.6,25.224469,-80.536581,,,,,,0,,0,,0
FLAB10,2018-08-08,0.019,1.8,6.93,0.011,8.3,0.005,5.64,1.1,0.947,4.0,30.0,25.224469,-80.536581,S2A_MSIL2A_20180809T160511_N0500_R054_T17RNH_20230711T022345,2018-08-09 16:05:11.024,8.3,1.0,-0.0324111111111111,9,-0.0154777777777777,9,-0.1147222222222222,9
FLAB10,2018-09-06,0.018,2.4,6.92,0.009,8.2,0.006,4.3,1.3,0.868,2.2,29.0,25.224469,-80.536581,S2A_MSIL2A_20180928T160511_N0510_R054_T17RNH_20250531T034550,2018-09-28 16:05:11.024,3.004363,22.0,-0.0799444444444444,9,-0.0357222222222222,9,-0.1636111111111111,9
FLAB10,2018-10-23,0.025,2.29,7.19,0.006,8.2,0.006,5.95,1.3,0.993,2.6,27.0,25.224469,-80.536581,S2A_MSIL2A_20181018T160511_N0500_R054_T17RNH_20230706T010334,2018-10-18 16:05:11.024,8.03,4.0,-0.0477111111111111,9,-0.0203555555555555,9,-0.1382888888888888,9
FLAB10,2018-11-05,0.013,1.74,7.29,0.005,8.2,0.007,11.1,1.2,0.865,2.2,27.4,25.224469,-80.536581,S2A_MSIL2A_20181018T160511_N0500_R054_T17RNH_20230706T010334,2018-10-18 16:05:11.024,8.03,17.0,-0.0477111111111111,9,-0.0203555555555555,9,-0.1382888888888888,9
FLAB10,2018-12-05,0.009,1.68,5.84,0.005,8.0,0.006,18.2,1.6,0.842,1.7,24.8,25.224469,-80.536581,S2B_MSIL2A_20181202T160509_N0500_R054_T17RNH_20230623T141113,2018-12-02 16:05:09.024,10.75,2.0,-0.1728333333333333,9,-0.0805222222222222,9,-0.1309666666666666,9
FLAB10,2019-01-29,0.06,0.587,8.31,0.018,8.1,0.004,16.9,1.3,0.891,2.0,17.5,25.224469,-80.536581,S2B_MSIL2A_20190131T160509_N0500_R054_T17RNH_20221203T130314,2019-01-31 16:05:09.024,10.99,2.0,-0.1585222222222222,9,-0.0698444444444444,9,-0.1560111111111111,9
FLAB10,2019-02-19,0.08,0.489,6.54,0.009,8.0,0.007,30.0,1.2,0.827,2.0,27.1,25.224469,-80.536581,S2B_MSIL2A_20190302T160509_N0500_R054_T17RNH_20221114T204209,2019-03-02 16:05:09.024,3.51,11.0,-0.1644222222222222,9,-0.0759555555555555,9,-0.1537666666666666,9
FLAB10,2019-03-05,0.091,0.807,6.45,0.024,7.9,0.005,20.8,1.3,0.954,2.1,26.6,25.224469,-80.536581,S2B_MSIL2A_20190302T160509_N0500_R054_T17RNH_20221114T204209,2019-03-02 16:05:09.024,3.51,2.0,-0.1644222222222222,9,-0.0759555555555555,9,-0.1537666666666666,9
FLAB10,2019-04-02,0.057,0.311,6.67,0.013,7.8,0.004,29.7,1.7,0.924,0.8,26.1,25.224469,-80.536581,S2B_MSIL2A_20190411T160519_N0500_R054_T17RNH_20221023T185626,2019-04-11 16:05:19.024,3.66,9.0,-0.1559555555555555,9,-0.0670555555555555,9,-0.1462888888888888,9
FLAB10,2019-05-14,0.052,0.359,6.38,0.005,8.0,0.005,38.2,1.6,0.849,2.5,30.3,25.224469,-80.536581,S2A_MSIL2A_20190526T160511_N0500_R054_T17RNH_20221211T081521,2019-05-26 16:05:11.024,5.48,12.0,-0.0833222222222222,9,-0.0523333333333333,9,-0.1172333333333333,9
FLAB10,2019-06-13,0.045,0.368,5.9,0.005,7.9,0.005,39.3,1.4,0.82,1.5,30.8,25.224469,-80.536581,S2A_MSIL2A_20190625T160521_N0500_R054_T17RNH_20230508T164541,2019-06-25 16:05:21.024,2.13,12.0,-0.0889555555555555,9,-0.0455111111111111,9,-0.1123666666666666,9
FLAB10,2019-07-29,0.071,0.809,11.1,0.017,8.0,0.006,18.7,1.2,1.09,1.6,31.0,25.224469,-80.536581,S2B_MSIL2A_20190819T160519_N0500_R054_T17RNH_20230505T071445,2019-08-19 16:05:19.024,12.15,21.0,-0.0925333333333333,9,-0.0535333333333333,9,-0.0906333333333333,9
FLAB10,2019-08-13,0.083,1.31,6.14,0.006,8.1,0.005,13.7,1.4,1.03,2.0,31.9,25.224469,-80.536581,S2B_MSIL2A_20190819T160519_N0500_R054_T17RNH_20230505T071445,2019-08-19 16:05:19.024,12.15,6.0,-0.0925333333333333,9,-0.0535333333333333,9,-0.0906333333333333,9
FLAB10,2019-09-10,0.064,1.3,6.47,0.007,8.1,0.006,8.05,1.4,0.821,2.8,29.8,25.224469,-80.536581,S2B_MSIL2A_20190918T160509_N0500_R054_T17RNH_20230501T120457,2019-09-18 16:05:09.024,8.33,8.0,-0.0697222222222222,9,-0.0739666666666666,9,-0.0108,9
FLAB10,2019-10-10,0.06,1.03,6.78,0.03,8.0,0.005,16.2,1.5,0.833,1.7,28.2,25.224469,-80.536581,S2A_MSIL2A_20191013T160511_N0500_R054_T17RNH_20230614T052238,2019-10-13 16:05:11.024,9.57,3.0,-0.0274888888888888,9,-0.0121666666666666,9,-0.0917666666666666,9
FLAB10,2019-11-07,0.163,1.45,6.87,0.016,8.0,0.005,11.8,1.4,0.976,3.0,27.6,25.224469,-80.536581,S2A_MSIL2A_20191013T160511_N0500_R054_T17RNH_20230614T052238,2019-10-13 16:05:11.024,9.57,24.0,-0.0274888888888888,9,-0.0121666666666666,9,-0.0917666666666666,9
FLAB10,2019-12-09,0.043,0.804,7.68,0.005,8.0,0.006,16.3,2.5,0.847,2.4,22.1,25.224469,-80.536581,S2B_MSIL2A_20191207T160509_N0500_R054_T17RNH_20230525T143258,2019-12-07 16:05:09.024,9.01,1.0,-0.0991555555555555,9,-0.0423,9,-0.1337777777777777,9
FLAB10,2020-01-23,0.096,0.462,9.47,0.02,8.0,0.006,16.0,2.1,0.904,2.4,14.7,25.224469,-80.536581,S2B_MSIL2A_20200126T160509_N0500_R054_T17RNH_20230424T055929,2020-01-26 16:05:09.024,0.01,3.0,-0.1478111111111111,9,-0.0648888888888888,9,-0.1394555555555555,9
FLAB10,2020-02-06,0.064,0.386,7.47,0.022,8.1,0.006,19.9,1.2,0.814,2.0,23.8,25.224469,-80.536581,S2B_MSIL2A_20200126T160509_N0500_R054_T17RNH_20230424T055929,2020-01-26 16:05:09.024,0.01,10.0,-0.1478111111111111,9,-0.0648888888888888,9,-0.1394555555555555,9
FLAB10,2020-03-05,0.073,0.459,7.02,0.012,8.1,0.006,27.6,1.1,0.751,1.0,25.8,25.224469,-80.536581,S2B_MSIL2A_20200326T160509_N0500_R054_T17RNH_20230409T144543,2020-03-26 16:05:09.024,3.76,21.0,-0.0667222222222222,9,-0.0610666666666666,9,0.0034555555555555,9
FLAB10,2020-04-06,0.076,0.321,6.01,0.012,8.0,0.005,37.3,1.1,0.771,1.6,25.9,25.224469,-80.536581,S2B_MSIL2A_20200326T160509_N0500_R054_T17RNH_20230409T144543,2020-03-26 16:05:09.024,3.76,10.0,-0.0667222222222222,9,-0.0610666666666666,9,0.0034555555555555,9
FLAB10,2020-05-05,0.063,0.581,3.24,0.007,8.0,0.006,42.4,1.0,0.826,3.6,27.4,25.224469,-80.536581,S2B_MSIL2A_20200505T160509_N0500_R054_T17RNH_20230331T132201,2020-05-05 16:05:09.024,13.21,0.0,-0.1541444444444444,9,-0.0952,9,-0.1058444444444444,9
FLAB10,2020-06-02,0.156,0.802,4.76,0.013,7.9,0.006,28.0,1.2,0.949,2.2,30.4,25.224469,-80.536581,S2A_MSIL2A_20200609T160521_N0500_R054_T17RNH_20230412T130437,2020-06-09 16:05:21.024,11.27,7.0,-0.0894666666666666,9,-0.0473888888888888,9,-0.1033444444444444,9
FLAB10,2020-07-16,0.028,4.42,6.78,0.005,8.2,0.01,16.6,1.2,1.06,9.4,30.3,25.224469,-80.536581,S2A_MSIL2A_20200719T160521_N0500_R054_T17RNH_20230323T200138,2020-07-19 16:05:21.024,15.5,3.0,-0.0996,9,-0.0583777777777777,9,-0.1381777777777778,9
FLAB10,2020-08-17,0.063,2.2,7.03,0.011,8.2,0.006,9.27,1.1,0.984,1.7,31.2,25.224469,-80.536581,S2B_MSIL2A_20200813T160519_N0500_R054_T17RNH_20230317T064934,2020-08-13 16:05:19.024,8.8,3.0,-0.1091111111111111,9,-0.1261666666666666,9,-0.0431555555555555,9
FLAB10,2020-09-01,0.034,2.48,6.52,0.013,8.2,0.007,12.6,1.3,1.02,4.1,32.4,25.224469,-80.536581,S2B_MSIL2A_20200813T160519_N0500_R054_T17RNH_20230317T064934,2020-08-13 16:05:19.024,8.8,18.0,-0.1091111111111111,9,-0.1261666666666666,9,-0.0431555555555555,9
FLAB10,2020-10-14,0.062,0.919,6.65,0.012,8.1,0.005,2.14,1.0,0.746,2.4,29.2,25.224469,-80.536581,S2B_MSIL2A_20201012T160519_N0500_R054_T17RNH_20230307T135614,2020-10-12 16:05:19.024,7.31,1.0,-0.1444666666666667,9,-0.0646,9,-0.1557555555555555,9
FLAB10,2020-11-12,0.042,0.429,7.76,0.019,8.2,0.007,0.82,0.4,0.578,16.2,26.4,25.224469,-80.536581,S2A_MSIL2A_20201126T160511_N0500_R054_T17RNH_20230304T135940,2020-11-26 16:05:11.024,7.4,14.0,-0.0644888888888888,9,-0.0276111111111111,9,-0.1291444444444444,9
FLAB10,2020-12-14,0.041,0.702,8.79,0.03,8.6,0.004,1.4,1.0,0.626,1.8,21.8,25.224469,-80.536581,S2A_MSIL2A_20201126T160511_N0500_R054_T17RNH_20230304T135940,2020-11-26 16:05:11.024,7.4,17.0,-0.0644888888888888,9,-0.0276111111111111,9,-0.1291444444444444,9
FLAB10,2021-01-12,0.045,1.18,8.9,0.017,8.4,0.005,2.18,1.0,0.801,1.4,19.8,25.224469,-80.536581,S2A_MSIL2A_20210105T160511_N0500_R054_T17RNH_20230224T230042,2021-01-05 16:05:11.024,0.15,6.0,-0.1337,9,-0.0617666666666666,9,-0.1576777777777777,9
FLAB10,2021-02-08,0.036,0.841,8.32,0.012,8.3,0.004,8.56,1.2,0.676,1.9,23.4,25.224469,-80.536581,S2B_MSIL2A_20210301T160509_N0500_R054_T17RNH_20230513T142932,2021-03-01 16:05:09.024,5.26,21.0,-0.1894777777777777,9,-0.1022111111111111,9,-0.1952555555555555,9
FLAB10,2021-03-25,0.019,1.88,7.36,0.005,8.2,0.006,16.3,1.1,0.695,3.3,25.9,25.224469,-80.536581,S2B_MSIL2A_20210331T160509_N0500_R054_T17RNH_20230519T193433,2021-03-31 16:05:09.024,4.3,6.0,-0.181,9,-0.1021222222222222,9,-0.1635444444444444,9
FLAB10,2021-04-06,0.047,2.84,7.62,0.006,8.3,0.008,13.0,1.0,0.994,2.6,21.9,25.224469,-80.536581,S2B_MSIL2A_20210331T160509_N0500_R054_T17RNH_20230519T193433,2021-03-31 16:05:09.024,4.3,5.0,-0.181,9,-0.1021222222222222,9,-0.1635444444444444,9
FLAB10,2021-05-06,0.012,3.98,6.61,0.005,8.1,0.007,22.2,1.0,0.845,2.9,30.1,25.224469,-80.536581,S2B_MSIL2A_20210510T160509_N0500_R054_T17RNH_20230208T043056,2021-05-10 16:05:09.024,3.55,4.0,-0.1447666666666666,9,-0.0877222222222222,9,-0.1236333333333333,9
FLAB10,2021-06-21,0.069,0.437,6.08,0.005,8.0,0.005,29.7,1.1,0.814,2.0,30.4,25.224469,-80.536581,S2B_MSIL2A_20210609T160509_N0500_R054_T17RNH_20230128T121728,2021-06-09 16:05:09.024,11.23,11.0,-0.1483222222222222,9,-0.0990444444444444,9,-0.1046333333333333,9
FLAB10,2021-07-22,0.072,0.404,6.58,0.006,8.1,0.005,23.3,1.1,1.01,1.6,31.4,25.224469,-80.536581,S2A_MSIL2A_20210704T160511_N0500_R054_T17RNH_20230129T022912,2021-07-04 16:05:11.024,4.55,17.0,-0.0838222222222222,9,-0.0424222222222222,9,-0.1227111111111111,9
FLAB10,2021-08-19,0.037,0.485,6.56,0.005,8.0,0.004,13.4,1.4,0.933,1.9,30.7,25.224469,-80.536581,S2B_MSIL2A_20210818T160509_N0500_R054_T17RNH_20230117T162001,2021-08-18 16:05:09.024,6.15,0.0,-0.0352666666666666,9,-0.0206777777777777,9,0.0164777777777777,9
FLAB10,2021-09-21,0.056,1.37,6.76,0.012,8.1,0.004,3.38,,0.821,1.9,28.7,25.224469,-80.536581,S2B_MSIL2A_20210927T160509_N0500_R054_T17RNH_20230115T060558,2021-09-27 16:05:09.024,2.58,6.0,-0.0632222222222222,9,-0.0267777777777777,9,-0.0982444444444444,9
FLAB10,2021-10-21,0.035,1.18,7.19,0.019,8.2,0.005,4.13,1.2,0.874,3.3,26.0,25.224469,-80.536581,S2B_MSIL2A_20211017T160509_N0500_R054_T17RNH_20230105T060942,2021-10-17 16:05:09.024,1.5,3.0,-0.1193666666666666,9,-0.0512888888888888,9,-0.1283,9
FLAB10,2021-11-15,0.016,0.776,7.78,0.007,8.2,0.004,4.93,1.2,0.745,1.1,22.5,25.224469,-80.536581,S2B_MSIL2A_20211126T160509_N0500_R054_T17RNH_20221231T133627,2021-11-26 16:05:09.024,7.91,11.0,-0.0709222222222222,9,-0.0301777777777777,9,-0.0955444444444444,9
FLAB10,2021-12-16,0.034,1.02,7.5,0.013,8.1,0.004,4.28,1.0,0.654,3.2,24.4,25.224469,-80.536581,S2A_MSIL2A_20211201T160511_N0500_R054_T17RNH_20221224T161347,2021-12-01 16:05:11.024,2.02,14.0,-0.0549888888888888,9,-0.0232444444444444,9,-0.0982555555555555,9
FLAB10,2022-01-18,0.02,0.446,8.21,0.009,8.1,0.003,14.2,1.3,0.6,1.6,18.9,25.224469,-80.536581,S2A_MSIL2A_20220130T160511_N0510_R054_T17RNH_20240508T134151,2022-01-30 16:05:11.024,4.314916,12.0,-0.1102111111111111,9,-0.0494333333333333,9,-0.1283888888888888,9
FLAB10,2022-02-01,0.036,0.304,9.33,0.013,8.3,0.004,8.7,1.1,0.711,1.2,16.2,25.224469,-80.536581,S2A_MSIL2A_20220130T160511_N0510_R054_T17RNH_20240508T134151,2022-01-30 16:05:11.024,4.314916,1.0,-0.1102111111111111,9,-0.0494333333333333,9,-0.1283888888888888,9
FLAB10,2022-03-28,0.084,0.323,7.11,0.029,8.1,0.004,19.9,1.0,0.877,1.5,23.2,25.224469,-80.536581,S2A_MSIL2A_20220301T160521_N0510_R054_T17RNH_20240517T125255,2022-03-01 16:05:21.024,6.624457,26.0,-0.1316444444444444,9,-0.0592333333333333,9,-0.1536222222222222,9
FLAB10,2022-04-11,0.077,0.542,7.57,0.04,8.1,0.006,18.3,1.0,0.907,3.3,23.1,25.224469,-80.536581,S2B_MSIL2A_20220425T160509_N0510_R054_T17RNH_20240605T092546,2022-04-25 16:05:09.024,11.56,14.0,-0.1192111111111111,9,-0.0689888888888888,9,-0.1343111111111111,9
FLAB10,2022-05-25,0.027,0.66,6.52,0.005,8.0,0.006,31.3,1.1,0.851,3.1,28.7,25.224469,-80.536581,S2B_MSIL2A_20220515T160509_N0510_R054_T17RNH_20240627T105215,2022-05-15 16:05:09.024,5.97,9.0,-0.1138,9,-0.0482,9,-0.175,9
FLAB10,2022-06-23,0.106,2.17,6.39,0.012,8.0,0.005,6.28,1.1,1.01,3.6,29.3,25.224469,-80.536581,S2A_MSIL2A_20220629T160521_N0510_R054_T17RNH_20240628T194938,2022-06-29 16:05:21.024,4.056241,6.0,-0.0842333333333333,9,-0.0391222222222222,9,-0.1221555555555555,9
FLAB10,2022-07-07,0.05,1.37,7.16,0.015,8.3,0.004,5.38,1.3,1.0,2.0,30.9,25.224469,-80.536581,S2A_MSIL2A_20220629T160521_N0510_R054_T17RNH_20240628T194938,2022-06-29 16:05:21.024,4.056241,7.0,-0.0842333333333333,9,-0.0391222222222222,9,-0.1221555555555555,9
FLAB10,2022-08-24,0.011,1.57,6.7,0.005,8.1,0.005,20.7,1.5,0.941,1.7,31.6,25.224469,-80.536581,S2A_MSIL2A_20220818T160521_N0510_R054_T17RNH_20240629T103659,2022-08-18 16:05:21.024,4.266037,5.0,-0.1316666666666666,9,-0.0656111111111111,9,-0.1264555555555555,9
FLAB10,2022-09-08,0.005,1.47,6.49,0.005,8.0,0.005,22.0,1.2,0.88,1.3,31.3,25.224469,-80.536581,S2B_MSIL2A_20220902T160509_N0510_R054_T17RNH_20240719T005650,2022-09-02 16:05:09.024,4.340765,5.0,-0.0730777777777777,9,-0.0381111111111111,9,-0.0767555555555555,9
FLAB10,2022-10-24,0.041,1.07,7.63,0.009,8.2,0.003,4.13,1.4,0.742,2.0,24.6,25.224469,-80.536581,S2B_MSIL2A_20221022T160509_N0510_R054_T17RNH_20240729T211221,2022-10-22 16:05:09.024,18.645181,1.0,-0.0590444444444444,9,-0.0258777777777777,9,-0.1077555555555555,9
FLAB10,2022-11-22,0.038,0.466,6.74,0.01,8.0,0.004,12.0,1.2,0.729,0.7,25.2,25.224469,-80.536581,S2B_MSIL2A_20221211T160509_N0510_R054_T17RNH_20240806T114151,2022-12-11 16:05:09.024,0.090929,19.0,-0.1248222222222222,9,-0.0551777777777777,9,-0.1355555555555555,9
FLAB10,2022-12-05,0.051,0.389,7.02,0.008,7.9,0.004,9.27,1.2,0.701,2.2,23.3,25.224469,-80.536581,S2B_MSIL2A_20221211T160509_N0510_R054_T17RNH_20240806T114151,2022-12-11 16:05:09.024,0.090929,6.0,-0.1248222222222222,9,-0.0551777777777777,9,-0.1355555555555555,9
FLAB10,2023-01-18,0.071,0.542,8.76,0.017,8.1,0.004,11.6,1.1,0.798,1.2,18.9,25.224469,-80.536581,S2A_MSIL2A_20230115T160511_N0510_R054_T17RNH_20240726T230934,2023-01-15 16:05:11.024,0.01,2.0,-0.1470777777777777,9,-0.0662555555555555,9,-0.1810555555555555,9
FLAB10,2023-02-16,0.128,0.613,7.68,0.03,8.1,0.004,13.0,1.2,0.807,3.6,23.6,25.224469,-80.536581,S2B_MSIL2A_20230301T160509_N0510_R054_T17RNH_20240817T102704,2023-03-01 16:05:09.025,0.13,13.0,-0.2165222222222222,9,-0.0970444444444444,9,-0.2033444444444444,9
FLAB10,2023-03-02,0.138,0.906,6.97,0.034,8.1,0.005,17.7,1.0,0.855,2.9,25.8,25.224469,-80.536581,S2B_MSIL2A_20230301T160509_N0510_R054_T17RNH_20240817T102704,2023-03-01 16:05:09.025,0.13,0.0,-0.2165222222222222,9,-0.0970444444444444,9,-0.2033444444444444,9
FLAB10,2023-04-13,0.109,0.562,6.93,0.034,8.0,0.006,21.4,1.5,0.812,2.5,25.5,25.224469,-80.536581,S2A_MSIL2A_20230415T160511_N0510_R054_T17RNH_20240830T092006,2023-04-15 16:05:11.024,6.0,2.0,-0.1235777777777777,9,-0.0661777777777777,9,-0.1382333333333333,9
FLAB10,2023-05-15,0.038,0.402,6.81,0.005,8.0,0.008,23.2,1.4,0.769,1.2,28.0,25.224469,-80.536581,S2A_MSIL2A_20230515T160511_N0510_R054_T17RNH_20240810T080114,2023-05-15 16:05:11.024,9.75,0.0,-0.0992333333333333,9,-0.0591888888888888,9,-0.1048222222222222,9
FLAB10,2023-07-12,0.1,1.65,6.11,0.011,8.2,0.007,2.19,1.4,0.801,4.3,32.9,25.224469,-80.536581,S2B_MSIL2A_20230709T160519_N0510_R054_T17RNH_20241014T004835,2023-07-09 16:05:19.024,3.25,2.0,-0.1080666666666666,9,-0.0560777777777777,9,-0.1265444444444444,9
FLAB10,2023-09-12,0.014,2.31,6.96,0.005,8.2,0.005,6.72,0.5,0.809,2.3,31.6,25.224469,-80.536581,S2B_MSIL2A_20230828T160519_N0510_R054_T17RNH_20240912T061739,2023-08-28 16:05:19.024,3.33,14.0,-0.0967,9,-0.0525444444444444,9,-0.0777666666666666,9
FLAB10,2023-10-11,0.009,1.28,7.03,0.005,8.1,0.004,6.51,1.4,0.756,1.7,30.1,25.224469,-80.536581,S2B_MSIL2A_20231007T160509_N0510_R054_T17RNH_20241022T112823,2023-10-07 16:05:09.024,1.06,3.0,-0.0835,9,-0.0346888888888888,9,-0.1115444444444444,9
FLAB10,2023-11-08,0.008,0.856,7.45,0.005,7.9,0.003,16.5,1.7,0.722,2.0,24.6,25.224469,-80.536581,S2A_MSIL2A_20231101T160511_N0510_R054_T17RNH_20240831T085923,2023-11-01 16:05:11.024,0.26,6.0,-0.0553111111111111,9,-0.0230111111111111,9,-0.1114777777777777,9
FLAB10,2023-12-12,0.048,1.04,8.51,0.013,8.2,0.005,3.73,1.4,0.656,3.0,20.5,25.224469,-80.536581,S2A_MSIL2A_20231231T160511_N0510_R054_T17RNH_20231231T210949,2023-12-31 16:05:11.024,0.01,19.0,-0.0811111111111111,9,-0.0347666666666666,9,-0.1242777777777777,9
FLAB10,2024-02-08,0.048,1.07,8.86,0.04,8.2,0.004,6.28,1.4,0.682,2.2,18.9,25.224469,-80.536581,S2A_MSIL2A_20240130T160511_N0510_R054_T17RNH_20240130T210100,2024-01-30 16:05:11.024,3.12,8.0,-0.1723555555555555,9,-0.0801555555555555,9,-0.1913666666666666,9
FLAB10,2024-03-18,0.022,1.5,7.41,0.009,8.3,0.0065,7.42,1.4,0.741,2.2,28.0,25.224469,-80.536581,S2B_MSIL2A_20240315T160509_N0510_R054_T17RNH_20240315T200115,2024-03-15 16:05:09.024,8.77,2.0,-0.1805777777777777,9,-0.0891777777777777,9,-0.1708666666666666,9
FLAB10,2024-04-04,0.034,2.5,7.71,0.019,8.2,0.008,5.09,1.0,0.693,5.2,25.8,25.224469,-80.536581,S2A_MSIL2A_20240409T160511_N0510_R054_T17RNH_20240409T221856,2024-04-09 16:05:11.024,8.95,5.0,-0.1529222222222222,9,-0.0936111111111111,9,-0.157,9
FLAB10,2024-05-20,0.079,2.36,6.07,0.011,8.1,0.027,21.2,0.8,1.2,2.6,30.1,25.224469,-80.536581,S2A_MSIL2A_20240529T160511_N0510_R054_T17RNH_20240529T221346,2024-05-29 16:05:11.024,4.6,9.0,-0.1513777777777777,9,-0.0836555555555555,9,-0.1218333333333333,9
FLAB10,2024-06-04,0.022,3.14,6.95,0.012,8.1,0.008,18.1,1.0,0.927,3.4,29.0,25.224469,-80.536581,S2A_MSIL2A_20240529T160511_N0510_R054_T17RNH_20240529T221346,2024-05-29 16:05:11.024,4.6,5.0,-0.1513777777777777,9,-0.0836555555555555,9,-0.1218333333333333,9
FLAB10,2024-07-17,0.069,2.74,6.8,0.014,8.1,0.006,4.81,1.3,0.94,3.1,30.8,25.224469,-80.536581,S2A_MSIL2A_20240628T160511_N0510_R054_T17RNH_20240628T223450,2024-06-28 16:05:11.024,3.75,18.0,-0.0888,9,-0.0436888888888888,9,-0.1270333333333333,9
FLAB10,2024-08-15,0.066,2.5,6.2,0.009,8.4,0.005,5.38,1.3,0.96,3.6,33.5,25.224469,-80.536581,S2B_MSIL2A_20240812T160519_N0511_R054_T17RNH_20240812T194800,2024-08-12 16:05:19.024,6.99,2.0,-0.0469888888888888,9,-0.0406888888888888,9,0.0026444444444444,9
FLAB10,2024-09-16,0.018,2.97,7.12,0.006,8.2,0.005,5.01,1.5,0.809,1.8,30.7,25.224469,-80.536581,S2B_MSIL2A_20241001T160509_N0511_R054_T17RNH_20241001T210909,2024-10-01 16:05:09.024,5.16,15.0,-0.0971888888888889,9,-0.0436888888888888,9,-0.1292333333333333,9
FLAB10,2024-10-14,0.016,0.89,7.06,0.008,8.0,0.003,2.96,1.7,0.639,1.1,27.6,25.224469,-80.536581,S2B_MSIL2A_20241001T160509_N0511_R054_T17RNH_20241001T210909,2024-10-01 16:05:09.024,5.16,12.0,-0.0971888888888889,9,-0.0436888888888888,9,-0.1292333333333333,9
FLAB10,2024-11-14,0.027,1.19,7.7,0.007,8.1,0.006,9.88,1.3,0.65,4.7,25.7,25.224469,-80.536581,S2A_MSIL2A_20241115T160511_N0511_R054_T17RNH_20241115T205649,2024-11-15 16:05:11.024,4.75,1.0,-0.0783666666666666,9,-0.0338222222222222,9,-0.1271444444444444,9
FLAB10,2024-12-11,0.031,0.813,8.08,0.01,8.2,0.005,10.9,1.4,0.69,2.8,23.0,25.224469,-80.536581,S2A_MSIL2A_20241115T160511_N0511_R054_T17RNH_20241115T205649,2024-11-15 16:05:11.024,4.75,25.0,-0.0783666666666666,9,-0.0338222222222222,9,-0.1271444444444444,9
FLAB10,2025-01-27,0.042,0.659,8.99,0.008,8.2,0.007,10.7,1.1,0.734,4.6,19.0,25.224469,-80.536581,S2B_MSIL2A_20250119T160509_N0511_R054_T17RNH_20250119T211653,2025-01-19 16:05:09.024,1.34,7.0,-0.2473666666666666,9,-0.1218888888888889,9,-0.1871111111111111,9
FLAB10,2025-02-11,0.034,0.973,8.12,0.005,8.2,0.007,,0.7,0.726,7.2,,25.224469,-80.536581,S2B_MSIL2A_20250228T160509_N0511_R054_T17RNH_20250228T194642,2025-02-28 16:05:09.024,0.47,17.0,-0.2052888888888888,9,-0.0936333333333333,9,-0.1660777777777778,9
FLAB10,2025-03-10,0.04,0.704,7.12,0.005,8.1,0.007,21.8,1.0,0.634,6.0,26.2,25.224469,-80.536581,S2B_MSIL2A_20250228T160509_N0511_R054_T17RNH_20250228T194642,2025-02-28 16:05:09.024,0.47,9.0,-0.2052888888888888,9,-0.0936333333333333,9,-0.1660777777777778,9
FLAB10,2025-05-27,0.032,0.349,6.61,0.005,8.2,0.003,35.0,1.4,0.665,1.2,31.0,25.224469,-80.536581,S2A_MSIL2A_20250526T160531_N0511_R054_T17RNH_20250526T203213,2025-05-26 16:05:31.024,2.662065,0.0,-0.1258,9,-0.0707333333333333,9,-0.1131555555555555,9
FLAB10,2025-06-09,0.042,0.413,6.83,0.005,8.2,0.004,26.8,1.5,0.795,1.0,30.5,25.224469,-80.536581,S2A_MSIL2A_20250615T160521_N0511_R054_T17RNH_20250615T222322,2025-06-15 16:05:21.024,8.885614,6.0,0.0391777777777777,9,0.0165333333333333,9,-0.0153888888888888,9
FLAB10,2025-07-17,0.024,0.61,6.46,0.005,8.1,0.004,31.8,1.0,0.771,0.8,29.2,25.224469,-80.536581,S2C_MSIL2A_20250802T160531_N0511_R054_T17RNH_20250802T202613,2025-08-02 16:05:31.025,4.725419,16.0,-0.1057,9,-0.0515,9,-0.1348333333333333,9
FLAB10,2025-09-15,0.079,1.2,6.56,0.016,8.0,0.004,7.52,1.3,0.768,1.6,29.5,25.224469,-80.536581,S2C_MSIL2A_20251001T160531_N0511_R054_T17RNH_20251001T205018,2025-10-01 16:05:31.025,1.61,16.0,-0.0697666666666666,9,-0.0293555555555555,9,-0.1377555555555555,9
FLAB10,2025-10-06,0.049,0.996,6.79,0.012,8.1,0.005,3.88,1.3,0.725,4.3,28.2,25.224469,-80.536581,S2C_MSIL2A_20251001T160531_N0511_R054_T17RNH_20251001T205018,2025-10-01 16:05:31.025,1.61,4.0,-0.0697666666666666,9,-0.0293555555555555,9,-0.1377555555555555,9
FLAB10,2025-11-17,0.019,1.07,8.47,0.018,8.3,0.005,3.96,0.9,0.625,2.2,22.5,25.224469,-80.536581,S2A_MSIL2A_20251122T160531_N0511_R054_T17RNH_20251122T183708,2025-11-22 16:05:31.024,5.56,5.0,-0.0995555555555555,9,-0.0429444444444444,9,-0.1340222222222222,9
FLAB10,2025-12-11,0.029,1.27,7.6,0.011,8.1,0.005,12.9,1.3,0.634,3.4,23.3,25.224469,-80.536581,S2C_MSIL2A_20251220T160521_N0511_R054_T17RNH_20251220T191014,2025-12-20 16:05:21.025,10.66,9.0,-0.1355333333333333,9,-0.0614555555555555,9,-0.1422666666666666,9
FLAB11,2016-01-25,0.217,0.628,8.26,0.022,8.0,0.004,19.5,0.6,0.963,6.7,16.0,25.175169,-80.626919,S2A_MSIL2A_20160102T155642_N0500_R054_T17RNH_20231010T064726,2016-01-02 15:56:42.030,8.37,22.0,-0.2520272727272727,11,-0.1290454545454545,11,-0.2089181818181818,11
FLAB11,2016-02-22,0.176,0.455,7.75,0.039,8.0,0.004,19.2,0.8,0.852,10.0,22.9,25.175169,-80.626919,,,,,,0,,0,,0
FLAB11,2016-04-05,0.067,0.398,7.03,0.029,8.2,0.004,17.4,1.5,0.746,2.6,24.1,25.175169,-80.626919,S2A_MSIL2A_20160401T154922_N0500_R054_T17RNH_20231021T232321,2016-04-01 15:49:22.030,10.03,3.0,-0.2461181818181818,11,-0.1625,11,-0.1302545454545454,11
FLAB11,2016-05-31,0.047,0.496,4.58,0.005,8.2,0.004,23.9,1.3,0.785,2.9,29.3,25.175169,-80.626919,S2A_MSIL2A_20160521T160522_N0500_R054_T17RNH_20231008T223616,2016-05-21 16:05:22.027,9.63,9.0,-0.2444363636363636,11,-0.1492272727272727,11,-0.1523454545454545,11
FLAB11,2016-06-20,0.066,0.396,6.1,0.005,8.3,0.003,27.8,1.5,0.963,3.0,29.8,25.175169,-80.626919,S2A_MSIL2A_20160630T160512_N0500_R054_T17RNH_20231015T211056,2016-06-30 16:05:12.027,18.46,10.0,-0.2766636363636363,11,-0.1704545454545454,11,-0.1535909090909091,11
FLAB11,2016-07-12,0.022,0.347,6.14,0.005,8.0,0.003,27.1,1.5,0.864,4.7,30.9,25.175169,-80.626919,S2A_MSIL2A_20160630T160512_N0500_R054_T17RNH_20231015T211056,2016-06-30 16:05:12.027,18.46,11.0,-0.2766636363636363,11,-0.1704545454545454,11,-0.1535909090909091,11
FLAB11,2016-09-08,0.093,1.03,5.43,0.005,8.0,0.005,24.2,1.5,0.989,3.7,30.4,25.175169,-80.626919,S2A_MSIL2A_20160918T160512_N0500_R054_T17RNH_20230930T023451,2016-09-18 16:05:12.026,14.25,10.0,-0.1201727272727272,11,-0.0545545454545454,11,-0.1704181818181818,11
FLAB11,2016-09-13,0.098,0.766,6.43,0.005,8.1,0.004,19.0,2.2,0.99,2.9,29.0,25.175169,-80.626919,S2A_MSIL2A_20160918T160512_N0500_R054_T17RNH_20230930T023451,2016-09-18 16:05:12.026,14.25,5.0,-0.1201727272727272,11,-0.0545545454545454,11,-0.1704181818181818,11
FLAB11,2016-10-26,0.042,0.716,7.43,0.005,8.1,0.004,23.1,0.6,0.931,9.7,23.4,25.175169,-80.626919,,,,,,0,,0,,0
FLAB11,2016-11-14,0.075,0.437,6.52,0.005,8.0,0.004,20.2,1.4,0.784,4.9,25.9,25.175169,-80.626919,S2A_MSIL2A_20161127T160512_N0500_R054_T17RNH_20230927T160903,2016-11-27 16:05:12.026,11.47,13.0,-0.4394545454545455,11,-0.2768181818181818,11,-0.3001272727272727,11
FLAB11,2016-12-13,0.156,0.324,6.76,0.012,8.0,0.003,23.2,1.6,0.752,4.2,24.2,25.175169,-80.626919,S2A_MSIL2A_20161127T160512_N0500_R054_T17RNH_20230927T160903,2016-11-27 16:05:12.026,11.47,15.0,-0.4394545454545455,11,-0.2768181818181818,11,-0.3001272727272727,11
FLAB11,2017-01-25,0.187,0.443,7.05,0.017,8.1,0.004,25.3,0.6,0.85,10.8,21.5,25.175169,-80.626919,S2A_MSIL2A_20170215T160511_N0500_R054_T17RNH_20230917T075421,2017-02-15 16:05:11.026,3.45,21.0,-0.4262545454545455,11,-0.2861909090909091,11,-0.3449181818181818,11
FLAB11,2017-02-08,0.1,0.178,6.77,0.019,8.0,0.003,25.2,1.9,0.736,3.7,23.9,25.175169,-80.626919,S2A_MSIL2A_20170215T160511_N0500_R054_T17RNH_20230917T075421,2017-02-15 16:05:11.026,3.45,7.0,-0.4262545454545455,11,-0.2861909090909091,11,-0.3449181818181818,11
FLAB11,2017-03-21,0.057,0.233,7.18,0.011,8.2,0.003,28.3,1.2,0.759,1.4,20.9,25.175169,-80.626919,S2A_MSIL2A_20170225T160511_N0500_R054_T17RNH_20230927T065507,2017-02-25 16:05:11.026,2.02,23.0,-0.3063818181818182,11,-0.1592,11,-0.1671363636363636,11
FLAB11,2017-04-06,0.038,0.292,5.66,0.005,8.0,0.005,28.5,1.4,0.709,3.5,26.7,25.175169,-80.626919,,,,,,0,,0,,0
FLAB11,2017-05-08,0.043,0.148,7.29,0.005,8.1,0.005,34.6,2.6,0.771,2.4,25.4,25.175169,-80.626919,,,,,,0,,0,,0
FLAB11,2017-06-27,0.064,0.172,6.08,0.005,8.1,0.003,36.8,1.1,0.729,3.9,31.4,25.175169,-80.626919,S2A_MSIL2A_20170715T160511_N0500_R054_T17RNH_20230901T104819,2017-07-15 16:05:11.026,6.66,18.0,-0.1941545454545454,11,-0.1158545454545454,11,-0.1377545454545454,11
FLAB11,2017-07-24,0.075,0.505,5.71,0.007,8.0,0.004,33.5,1.3,0.882,2.7,30.9,25.175169,-80.626919,S2A_MSIL2A_20170715T160511_N0500_R054_T17RNH_20230901T104819,2017-07-15 16:05:11.026,6.66,8.0,-0.1941545454545454,11,-0.1158545454545454,11,-0.1377545454545454,11
FLAB11,2017-08-21,0.125,0.729,5.95,0.006,7.6,0.004,32.9,1.3,0.927,5.1,29.7,25.175169,-80.626919,S2A_MSIL2A_20170804T160511_N0500_R054_T17RNH_20230826T141136,2017-08-04 16:05:11.026,7.87,16.0,-0.2235636363636363,11,-0.1548636363636363,11,-0.1230363636363636,11
FLAB11,2017-09-18,0.155,1.53,5.84,0.005,7.6,0.008,25.0,1.5,1.01,4.6,29.8,25.175169,-80.626919,S2A_MSIL2A_20170913T160511_N0500_R054_T17RNH_20230825T160223,2017-09-13 16:05:11.026,18.56,4.0,-0.2104727272727272,11,-0.1250636363636363,11,-0.2251454545454545,11
FLAB11,2017-10-04,0.115,8.96,7.0,0.005,8.0,0.01,14.6,0.5,1.0,16.2,28.1,25.175169,-80.626919,S2A_MSIL2A_20171003T160511_N0500_R054_T17RNH_20230817T084655,2017-10-03 16:05:11.026,13.94,0.0,-0.1521727272727272,11,-0.0875,11,-0.1722090909090909,11
FLAB11,2017-11-16,0.087,1.37,7.25,0.01,7.9,0.005,15.4,1.6,0.802,4.5,24.7,25.175169,-80.626919,S2B_MSIL2A_20171107T160459_N0500_R054_T17RNH_20230721T141830,2017-11-07 16:04:59.027,7.26,8.0,-0.0820454545454545,11,-0.0751727272727272,11,-0.0587636363636363,11
FLAB11,2017-12-18,0.027,0.242,9.38,0.005,8.5,0.003,19.4,2.3,0.738,3.2,21.7,25.175169,-80.626919,S2B_MSIL2A_20171227T160459_N0500_R054_T17RNH_20230720T070737,2017-12-27 16:04:59.027,6.53,9.0,-0.1891,11,-0.083990909090909,11,-0.1361909090909091,11
FLAB11,2018-01-16,0.048,0.368,8.76,0.006,8.2,0.005,16.8,1.2,0.808,3.6,18.2,25.175169,-80.626919,S2B_MSIL2A_20171227T160459_N0500_R054_T17RNH_20230720T070737,2017-12-27 16:04:59.027,6.53,19.0,-0.1891,11,-0.083990909090909,11,-0.1361909090909091,11
FLAB11,2018-02-12,0.05,0.989,6.64,0.005,8.1,0.008,21.1,0.4,0.824,25.3,24.6,25.175169,-80.626919,S2B_MSIL2A_20180205T160509_N0500_R054_T17RNH_20230804T115018,2018-02-05 16:05:09.027,6.15,6.0,-0.3624909090909091,11,-0.2049727272727272,11,-0.2278818181818181,11
FLAB11,2018-03-01,0.075,1.04,7.3,0.005,8.0,0.005,21.7,1.4,0.866,7.3,25.6,25.175169,-80.626919,S2B_MSIL2A_20180317T160509_N0500_R054_T17RNH_20230710T201059,2018-03-17 16:05:09.027,3.5,16.0,-0.2892272727272727,11,-0.1459818181818181,11,-0.1821909090909091,11
FLAB11,2018-04-11,0.02,0.264,5.14,0.005,8.1,0.005,25.2,1.3,0.903,3.4,27.1,25.175169,-80.626919,S2A_MSIL2A_20180421T160511_N0500_R054_T17RNH_20230630T222736,2018-04-21 16:05:11.026,19.08,10.0,-0.1830727272727272,11,-0.1068545454545454,11,-0.1361363636363636,11
FLAB11,2018-05-22,0.033,0.329,5.35,0.005,8.1,0.005,28.6,0.6,0.746,9.9,24.6,25.175169,-80.626919,S2B_MSIL2A_20180605T160509_N0500_R054_T17RNH_20230715T182439,2018-06-05 16:05:09.024,13.59,14.0,-0.1499545454545454,11,-0.0916090909090909,11,-0.1229272727272727,11
FLAB11,2018-06-11,0.154,0.218,6.15,0.008,8.3,0.004,26.1,1.3,0.981,2.0,29.6,25.175169,-80.626919,S2B_MSIL2A_20180605T160509_N0500_R054_T17RNH_20230715T182439,2018-06-05 16:05:09.024,13.59,5.0,-0.1499545454545454,11,-0.0916090909090909,11,-0.1229272727272727,11
FLAB11,2018-07-10,0.041,0.789,6.79,0.005,8.1,0.004,25.1,1.3,0.989,1.8,32.4,25.175169,-80.626919,,,,,,0,,0,,0
FLAB11,2018-08-08,0.063,0.37,5.78,0.005,8.0,0.003,21.0,1.4,0.942,5.2,30.5,25.175169,-80.626919,S2A_MSIL2A_20180809T160511_N0500_R054_T17RNH_20230711T022345,2018-08-09 16:05:11.024,8.3,1.0,-0.1429,11,-0.0749090909090909,11,-0.1286090909090909,11
FLAB11,2018-09-06,0.079,0.443,6.4,0.005,8.0,0.003,21.6,1.5,0.928,3.4,28.8,25.175169,-80.626919,S2A_MSIL2A_20180928T160511_N0510_R054_T17RNH_20250531T034550,2018-09-28 16:05:11.024,3.004363,22.0,-0.3672454545454545,11,-0.2252818181818182,11,-0.2445818181818182,11
FLAB11,2018-10-23,,,6.19,,8.0,,20.0,1.5,,,27.5,25.175169,-80.626919,S2A_MSIL2A_20181018T160511_N0500_R054_T17RNH_20230706T010334,2018-10-18 16:05:11.024,8.03,4.0,-0.2130272727272727,11,-0.1068090909090909,11,-0.1856454545454545,11
FLAB11,2018-11-05,0.069,0.38,7.05,0.005,8.1,0.003,20.9,0.8,0.856,6.3,27.2,25.175169,-80.626919,S2A_MSIL2A_20181018T160511_N0500_R054_T17RNH_20230706T010334,2018-10-18 16:05:11.024,8.03,17.0,-0.2130272727272727,11,-0.1068090909090909,11,-0.1856454545454545,11
FLAB11,2018-12-05,0.056,0.427,6.34,0.005,8.1,0.004,21.9,1.4,0.896,3.9,24.9,25.175169,-80.626919,S2B_MSIL2A_20181202T160509_N0500_R054_T17RNH_20230623T141113,2018-12-02 16:05:09.024,10.75,2.0,-0.2609545454545454,11,-0.1323818181818181,11,-0.1233363636363636,11
FLAB11,2019-01-29,0.067,0.224,7.91,0.009,8.0,0.003,25.9,1.2,0.873,3.2,18.5,25.175169,-80.626919,S2B_MSIL2A_20190131T160509_N0500_R054_T17RNH_20221203T130314,2019-01-31 16:05:09.024,10.99,2.0,-0.3419454545454545,11,-0.1836272727272727,11,-0.2007181818181818,11
FLAB11,2019-02-19,0.084,0.329,7.1,0.008,8.1,0.005,27.1,0.6,0.867,11.8,26.6,25.175169,-80.626919,S2B_MSIL2A_20190302T160509_N0500_R054_T17RNH_20221114T204209,2019-03-02 16:05:09.024,3.51,11.0,-0.2982636363636363,11,-0.1487545454545454,11,-0.1859454545454545,11
FLAB11,2019-03-05,0.093,0.242,6.39,0.013,7.9,0.002,28.0,1.3,0.894,1.5,27.4,25.175169,-80.626919,S2B_MSIL2A_20190302T160509_N0500_R054_T17RNH_20221114T204209,2019-03-02 16:05:09.024,3.51,2.0,-0.2982636363636363,11,-0.1487545454545454,11,-0.1859454545454545,11
FLAB11,2019-04-02,0.03,0.368,7.13,0.005,7.9,0.004,31.0,1.7,0.856,3.3,26.2,25.175169,-80.626919,S2B_MSIL2A_20190411T160519_N0500_R054_T17RNH_20221023T185626,2019-04-11 16:05:19.024,3.66,9.0,-0.2466,11,-0.1203363636363636,11,-0.1597727272727273,11
FLAB11,2019-05-14,0.062,0.24,6.43,0.005,8.0,0.004,36.5,1.3,0.971,4.3,29.8,25.175169,-80.626919,S2A_MSIL2A_20190526T160511_N0500_R054_T17RNH_20221211T081521,2019-05-26 16:05:11.024,5.48,12.0,-0.3474545454545454,11,-0.2568909090909091,11,-0.1972181818181818,11
FLAB11,2019-06-13,0.094,0.27,5.66,0.005,8.0,0.004,38.6,1.3,1.1,2.0,31.1,25.175169,-80.626919,S2A_MSIL2A_20190625T160521_N0500_R054_T17RNH_20230508T164541,2019-06-25 16:05:21.024,2.13,12.0,-0.205990909090909,11,-0.1071454545454545,11,-0.1558909090909091,11
FLAB11,2019-07-29,0.095,0.313,8.91,0.007,7.9,0.004,38.3,1.7,1.13,1.5,32.3,25.175169,-80.626919,S2B_MSIL2A_20190819T160519_N0500_R054_T17RNH_20230505T071445,2019-08-19 16:05:19.024,12.15,21.0,-0.1635090909090909,11,-0.097890909090909,11,-0.1249909090909091,11
FLAB11,2019-08-13,0.05,1.34,5.11,0.007,7.9,0.006,32.8,1.5,1.16,1.7,31.6,25.175169,-80.626919,S2B_MSIL2A_20190819T160519_N0500_R054_T17RNH_20230505T071445,2019-08-19 16:05:19.024,12.15,6.0,-0.1635090909090909,11,-0.097890909090909,11,-0.1249909090909091,11
FLAB11,2019-09-10,0.029,0.556,7.79,0.005,7.8,0.004,33.6,1.2,0.923,1.8,30.0,25.175169,-80.626919,S2B_MSIL2A_20190918T160509_N0500_R054_T17RNH_20230501T120457,2019-09-18 16:05:09.024,8.33,8.0,-0.1022545454545454,11,-0.1069727272727272,11,-0.0637090909090909,11
FLAB11,2019-10-10,0.058,0.281,6.06,0.005,8.0,0.004,32.4,1.8,0.885,1.0,28.7,25.175169,-80.626919,S2A_MSIL2A_20191013T160511_N0500_R054_T17RNH_20230614T052238,2019-10-13 16:05:11.024,9.57,3.0,-0.2530090909090909,11,-0.1348090909090909,11,-0.2028363636363636,11
FLAB11,2019-11-07,0.08,0.242,5.34,0.005,7.9,0.003,28.0,1.2,0.886,3.2,27.4,25.175169,-80.626919,S2A_MSIL2A_20191013T160511_N0500_R054_T17RNH_20230614T052238,2019-10-13 16:05:11.024,9.57,24.0,-0.2530090909090909,11,-0.1348090909090909,11,-0.2028363636363636,11
FLAB11,2019-12-09,0.068,0.252,6.58,0.005,8.0,0.003,33.3,2.8,0.842,1.4,22.5,25.175169,-80.626919,S2B_MSIL2A_20191207T160509_N0500_R054_T17RNH_20230525T143258,2019-12-07 16:05:09.024,9.01,1.0,-0.2131545454545454,11,-0.1005363636363636,11,-0.1683363636363636,11
FLAB11,2020-01-23,0.153,0.201,8.13,0.016,7.8,0.002,29.7,2.4,0.946,3.8,15.8,25.175169,-80.626919,S2B_MSIL2A_20200126T160509_N0500_R054_T17RNH_20230424T055929,2020-01-26 16:05:09.024,0.01,3.0,-0.3003545454545454,11,-0.1543272727272727,11,-0.1857,11
FLAB11,2020-02-06,0.148,0.236,7.07,0.014,8.1,0.004,32.1,1.0,0.923,5.0,23.3,25.175169,-80.626919,S2B_MSIL2A_20200126T160509_N0500_R054_T17RNH_20230424T055929,2020-01-26 16:05:09.024,0.01,10.0,-0.3003545454545454,11,-0.1543272727272727,11,-0.1857,11
FLAB11,2020-03-05,0.121,0.185,7.11,0.019,8.2,0.003,30.5,1.3,0.846,2.2,24.8,25.175169,-80.626919,S2B_MSIL2A_20200326T160509_N0500_R054_T17RNH_20230409T144543,2020-03-26 16:05:09.024,3.76,21.0,,0,,0,,0
FLAB11,2020-04-06,0.081,0.187,6.19,0.007,8.1,0.004,37.4,1.2,0.847,2.6,25.6,25.175169,-80.626919,S2B_MSIL2A_20200326T160509_N0500_R054_T17RNH_20230409T144543,2020-03-26 16:05:09.024,3.76,10.0,,0,,0,,0
FLAB11,2020-05-05,0.115,0.764,3.45,0.005,8.0,0.002,42.0,1.1,0.908,2.4,27.3,25.175169,-80.626919,S2B_MSIL2A_20200505T160509_N0500_R054_T17RNH_20230331T132201,2020-05-05 16:05:09.024,13.21,0.0,-0.2769181818181818,11,-0.1740181818181818,11,-0.1447363636363636,11
FLAB11,2020-06-02,0.082,0.316,5.85,0.005,8.0,0.003,36.7,1.4,0.863,4.2,29.3,25.175169,-80.626919,S2A_MSIL2A_20200609T160521_N0500_R054_T17RNH_20230412T130437,2020-06-09 16:05:21.024,11.27,7.0,-0.0739,11,-0.0706090909090909,11,0.0170727272727272,11
FLAB11,2020-07-16,0.047,0.375,6.36,0.005,8.2,0.003,34.2,1.2,0.932,1.6,30.8,25.175169,-80.626919,S2A_MSIL2A_20200719T160521_N0500_R054_T17RNH_20230323T200138,2020-07-19 16:05:21.024,15.5,3.0,,0,,0,,0
FLAB11,2020-08-17,0.06,0.448,6.82,0.005,8.2,0.004,24.5,1.2,1.01,1.1,33.0,25.175169,-80.626919,S2B_MSIL2A_20200813T160519_N0500_R054_T17RNH_20230317T064934,2020-08-13 16:05:19.024,8.8,3.0,-0.2597454545454545,11,-0.1578636363636363,11,-0.1560454545454545,11
FLAB11,2020-09-01,,,7.69,,8.2,0.004,27.4,1.2,1.02,,32.5,25.175169,-80.626919,S2B_MSIL2A_20200813T160519_N0500_R054_T17RNH_20230317T064934,2020-08-13 16:05:19.024,8.8,18.0,-0.2597454545454545,11,-0.1578636363636363,11,-0.1560454545454545,11
FLAB11,2020-10-14,0.086,0.558,6.1,0.005,8.1,0.004,24.1,1.3,0.873,1.4,29.9,25.175169,-80.626919,S2B_MSIL2A_20201012T160519_N0500_R054_T17RNH_20230307T135614,2020-10-12 16:05:19.024,7.31,1.0,-0.0493090909090909,11,-0.0211818181818181,11,-0.0357090909090909,11
FLAB11,2020-11-12,0.285,2.31,7.29,0.011,8.4,0.012,2.94,0.2,,54.0,26.1,25.175169,-80.626919,S2A_MSIL2A_20201126T160511_N0500_R054_T17RNH_20230304T135940,2020-11-26 16:05:11.024,7.4,14.0,-0.4209,11,-0.2759,11,-0.3524818181818182,11
FLAB11,2020-12-14,0.202,0.978,8.44,0.024,8.1,0.005,14.4,1.0,0.748,4.7,22.3,25.175169,-80.626919,S2A_MSIL2A_20201126T160511_N0500_R054_T17RNH_20230304T135940,2020-11-26 16:05:11.024,7.4,17.0,-0.4209,11,-0.2759,11,-0.3524818181818182,11
FLAB11,2021-01-12,0.026,0.364,8.83,0.012,8.4,0.004,14.5,1.3,0.578,2.0,19.8,25.175169,-80.626919,S2A_MSIL2A_20210105T160511_N0500_R054_T17RNH_20230224T230042,2021-01-05 16:05:11.024,0.15,6.0,-0.1828090909090909,11,-0.0903545454545454,11,-0.1785909090909091,11
FLAB11,2021-02-08,0.038,0.441,6.69,0.005,8.2,0.004,15.0,1.0,0.642,5.9,23.2,25.175169,-80.626919,S2B_MSIL2A_20210301T160509_N0500_R054_T17RNH_20230513T142932,2021-03-01 16:05:09.024,5.26,21.0,-0.3764181818181818,11,-0.3025818181818182,11,-0.1783454545454545,11
FLAB11,2021-03-25,0.037,0.391,7.89,0.005,8.3,0.004,18.1,1.1,0.645,2.2,26.5,25.175169,-80.626919,S2B_MSIL2A_20210331T160509_N0500_R054_T17RNH_20230519T193433,2021-03-31 16:05:09.024,4.3,6.0,-0.3635909090909091,11,-0.2451090909090909,11,-0.1942454545454545,11
FLAB11,2021-04-06,0.023,0.343,7.77,0.005,8.3,0.004,18.6,1.0,0.741,1.7,22.1,25.175169,-80.626919,S2B_MSIL2A_20210331T160509_N0500_R054_T17RNH_20230519T193433,2021-03-31 16:05:09.024,4.3,5.0,-0.3635909090909091,11,-0.2451090909090909,11,-0.1942454545454545,11
FLAB11,2021-05-06,0.022,0.738,7.16,0.005,8.2,0.004,22.0,1.0,0.752,2.1,30.2,25.175169,-80.626919,S2B_MSIL2A_20210510T160509_N0500_R054_T17RNH_20230208T043056,2021-05-10 16:05:09.024,3.55,4.0,-0.3600272727272727,11,-0.2507454545454545,11,-0.1883090909090909,11
FLAB11,2021-06-21,0.027,0.27,6.43,0.005,8.1,0.002,28.9,0.9,0.773,3.5,30.8,25.175169,-80.626919,S2B_MSIL2A_20210609T160509_N0500_R054_T17RNH_20230128T121728,2021-06-09 16:05:09.024,11.23,11.0,-0.2650727272727272,11,-0.1815363636363636,11,-0.1383636363636363,11
FLAB11,2021-07-22,0.043,0.247,6.55,0.005,8.2,0.003,29.7,1.2,0.857,1.2,32.2,25.175169,-80.626919,S2A_MSIL2A_20210704T160511_N0500_R054_T17RNH_20230129T022912,2021-07-04 16:05:11.024,4.55,17.0,-0.2358363636363636,11,-0.1360727272727272,11,-0.1641545454545454,11
FLAB11,2021-08-19,0.075,0.359,6.01,0.005,8.0,0.004,27.9,2.0,0.909,3.6,30.2,25.175169,-80.626919,S2B_MSIL2A_20210818T160509_N0500_R054_T17RNH_20230117T162001,2021-08-18 16:05:09.024,6.15,0.0,-0.0975181818181818,11,-0.0915181818181818,11,-0.0906636363636363,11
FLAB11,2021-09-21,0.071,0.628,5.7,0.005,8.0,0.003,26.0,,0.887,1.1,30.2,25.175169,-80.626919,S2B_MSIL2A_20210927T160509_N0500_R054_T17RNH_20230115T060558,2021-09-27 16:05:09.024,2.58,6.0,-0.2238454545454545,11,-0.1104909090909091,11,-0.1550181818181818,11
FLAB11,2021-10-21,0.03,0.268,6.32,0.005,8.2,0.004,21.4,1.2,0.875,1.5,26.4,25.175169,-80.626919,S2B_MSIL2A_20211017T160509_N0500_R054_T17RNH_20230105T060942,2021-10-17 16:05:09.024,1.5,3.0,-0.2317,11,-0.1139363636363636,11,-0.1393727272727273,11
FLAB11,2021-11-15,0.044,0.478,6.91,0.005,8.0,0.003,25.2,1.2,0.891,2.3,23.4,25.175169,-80.626919,S2B_MSIL2A_20211126T160509_N0500_R054_T17RNH_20221231T133627,2021-11-26 16:05:09.024,7.91,11.0,-0.1902181818181818,11,-0.090590909090909,11,-0.1343818181818181,11
FLAB11,2021-12-16,0.037,0.299,7.01,0.005,8.0,0.002,21.8,1.2,0.635,3.8,24.4,25.175169,-80.626919,S2A_MSIL2A_20211201T160511_N0500_R054_T17RNH_20221224T161347,2021-12-01 16:05:11.024,2.02,14.0,-0.1764727272727272,11,-0.0838090909090909,11,-0.1338909090909091,11
FLAB11,2022-01-18,0.036,0.27,7.43,0.005,8.1,0.005,21.5,1.3,0.741,2.8,20.2,25.175169,-80.626919,S2A_MSIL2A_20220130T160511_N0510_R054_T17RNH_20240508T134151,2022-01-30 16:05:11.024,4.314916,12.0,-0.2843727272727273,11,-0.1501727272727272,11,-0.1765090909090909,11
FLAB11,2022-02-01,0.036,0.219,8.77,0.005,8.3,0.003,23.8,1.2,0.777,3.0,17.4,25.175169,-80.626919,S2A_MSIL2A_20220130T160511_N0510_R054_T17RNH_20240508T134151,2022-01-30 16:05:11.024,4.314916,1.0,-0.2843727272727273,11,-0.1501727272727272,11,-0.1765090909090909,11
FLAB11,2022-03-28,0.042,0.184,7.94,0.005,8.2,0.003,24.0,1.2,0.833,2.0,23.1,25.175169,-80.626919,S2A_MSIL2A_20220301T160521_N0510_R054_T17RNH_20240517T125255,2022-03-01 16:05:21.024,6.624457,26.0,-0.2334727272727272,11,-0.1161909090909091,11,-0.1675363636363636,11
FLAB11,2022-04-11,0.06,0.185,7.71,0.008,8.2,0.004,25.7,1.1,0.891,3.3,23.2,25.175169,-80.626919,S2B_MSIL2A_20220425T160509_N0510_R054_T17RNH_20240605T092546,2022-04-25 16:05:09.024,11.56,14.0,-0.3025,11,-0.2061636363636363,11,-0.1603090909090909,11
FLAB11,2022-05-25,0.051,0.176,6.49,0.006,8.2,0.004,33.2,1.4,0.787,5.4,28.0,25.175169,-80.626919,S2B_MSIL2A_20220515T160509_N0510_R054_T17RNH_20240627T105215,2022-05-15 16:05:09.024,5.97,9.0,-0.2517181818181818,11,-0.1579090909090909,11,-0.1302363636363636,11
FLAB11,2022-06-23,0.116,0.695,5.73,0.005,8.0,0.003,24.0,1.3,0.896,2.1,28.9,25.175169,-80.626919,S2A_MSIL2A_20220629T160521_N0510_R054_T17RNH_20240628T194938,2022-06-29 16:05:21.024,4.056241,6.0,-0.2353636363636363,11,-0.1238454545454545,11,-0.1696545454545454,11
FLAB11,2022-07-07,0.043,0.199,6.17,0.005,8.1,0.003,20.8,1.5,0.811,2.7,30.7,25.175169,-80.626919,S2A_MSIL2A_20220629T160521_N0510_R054_T17RNH_20240628T194938,2022-06-29 16:05:21.024,4.056241,7.0,-0.2353636363636363,11,-0.1238454545454545,11,-0.1696545454545454,11
FLAB11,2022-08-24,0.066,0.343,6.1,0.008,8.1,0.002,32.4,1.6,0.896,1.6,31.3,25.175169,-80.626919,S2A_MSIL2A_20220818T160521_N0510_R054_T17RNH_20240629T103659,2022-08-18 16:05:21.024,4.266037,5.0,-0.2400545454545454,11,-0.1360272727272727,11,-0.1684818181818181,11
FLAB11,2022-09-08,0.068,0.403,5.61,0.005,8.0,0.003,31.5,1.4,0.965,1.5,32.0,25.175169,-80.626919,S2B_MSIL2A_20220902T160509_N0510_R054_T17RNH_20240719T005650,2022-09-02 16:05:09.024,4.340765,5.0,-0.1955454545454545,11,-0.1158818181818181,11,-0.1148181818181818,11
FLAB11,2022-10-24,0.243,0.441,6.28,0.008,7.9,0.003,27.7,0.9,1.0,3.7,24.7,25.175169,-80.626919,S2B_MSIL2A_20221022T160509_N0510_R054_T17RNH_20240729T211221,2022-10-22 16:05:09.024,18.645181,1.0,-0.2094545454545454,11,-0.1074818181818181,11,-0.2092090909090909,11
FLAB11,2022-11-22,0.194,0.356,6.54,0.012,8.0,0.004,25.2,1.4,0.845,2.1,24.3,25.175169,-80.626919,S2B_MSIL2A_20221211T160509_N0510_R054_T17RNH_20240806T114151,2022-12-11 16:05:09.024,0.090929,19.0,-0.2421363636363636,11,-0.1232454545454545,11,-0.1438090909090909,11
FLAB11,2022-12-05,0.186,0.308,6.85,0.016,8.2,0.002,23.5,1.3,0.804,2.4,23.7,25.175169,-80.626919,S2B_MSIL2A_20221211T160509_N0510_R054_T17RNH_20240806T114151,2022-12-11 16:05:09.024,0.090929,6.0,-0.2421363636363636,11,-0.1232454545454545,11,-0.1438090909090909,11
FLAB11,2023-01-18,0.068,0.071,8.69,0.017,8.2,0.002,24.8,1.4,0.641,1.2,19.1,25.175169,-80.626919,S2A_MSIL2A_20230115T160511_N0510_R054_T17RNH_20240726T230934,2023-01-15 16:05:11.024,0.01,2.0,-0.1874545454545454,11,-0.0873454545454545,11,-0.1614090909090909,11
FLAB11,2023-02-16,0.054,0.155,7.51,0.007,8.1,0.002,25.1,1.3,0.683,5.0,23.4,25.175169,-80.626919,S2B_MSIL2A_20230301T160509_N0510_R054_T17RNH_20240817T102704,2023-03-01 16:05:09.025,0.13,13.0,-0.3463454545454545,11,-0.1835454545454545,11,-0.2201272727272727,11
FLAB11,2023-03-02,0.084,0.016,7.32,0.01,8.1,0.004,26.6,0.6,0.784,9.3,25.7,25.175169,-80.626919,S2B_MSIL2A_20230301T160509_N0510_R054_T17RNH_20240817T102704,2023-03-01 16:05:09.025,0.13,0.0,-0.3463454545454545,11,-0.1835454545454545,11,-0.2201272727272727,11
FLAB11,2023-04-13,0.074,0.192,7.09,0.012,8.1,0.004,28.4,1.2,0.679,4.9,25.3,25.175169,-80.626919,S2A_MSIL2A_20230415T160511_N0510_R054_T17RNH_20240830T092006,2023-04-15 16:05:11.024,6.0,2.0,-0.2973636363636363,11,-0.1793272727272727,11,-0.1503636363636363,11
FLAB11,2023-05-15,0.111,0.406,6.28,0.019,8.0,0.007,31.4,1.5,0.758,2.9,27.8,25.175169,-80.626919,S2A_MSIL2A_20230515T160511_N0510_R054_T17RNH_20240810T080114,2023-05-15 16:05:11.024,9.75,0.0,-0.2489181818181818,11,-0.1651272727272727,11,-0.1309272727272727,11
FLAB11,2023-06-12,0.148,0.67,6.04,0.025,8.0,0.007,27.4,0.6,0.865,15.1,30.6,25.175169,-80.626919,S2A_MSIL2A_20230614T160511_N0510_R054_T17RNH_20240910T072424,2023-06-14 16:05:11.024,11.47,2.0,-0.1520090909090909,11,-0.1027454545454545,11,-0.0996545454545454,11
FLAB11,2023-07-12,0.155,0.708,5.87,0.011,8.0,0.005,23.6,1.6,0.834,1.8,33.1,25.175169,-80.626919,S2B_MSIL2A_20230709T160519_N0510_R054_T17RNH_20241014T004835,2023-07-09 16:05:19.024,3.25,2.0,-0.1317181818181818,11,-0.0719272727272727,11,-0.1247909090909091,11
FLAB11,2023-08-09,0.032,0.376,4.83,0.005,8.1,0.004,21.7,1.6,0.822,2.1,33.8,25.175169,-80.626919,S2A_MSIL2A_20230724T160511_N0510_R054_T17RNH_20240820T071355,2023-07-24 16:05:11.024,5.24,15.0,-0.0689272727272727,11,-0.0366272727272727,11,-0.0946818181818181,11
FLAB11,2023-09-12,0.067,0.552,6.3,0.005,8.2,0.004,23.8,1.5,0.922,2.4,32.6,25.175169,-80.626919,S2B_MSIL2A_20230828T160519_N0510_R054_T17RNH_20240912T061739,2023-08-28 16:05:19.024,3.33,14.0,-0.2037090909090909,11,-0.1151181818181818,11,-0.1132,11
FLAB11,2023-10-11,0.052,0.883,6.17,0.005,8.1,0.004,24.3,1.6,0.891,1.9,30.2,25.175169,-80.626919,S2B_MSIL2A_20231007T160509_N0510_R054_T17RNH_20241022T112823,2023-10-07 16:05:09.024,1.06,3.0,-0.1067363636363636,11,-0.0485636363636363,11,-0.1021090909090909,11
FLAB11,2023-11-08,0.106,0.502,6.44,0.005,7.9,0.003,25.3,1.0,0.929,6.9,24.6,25.175169,-80.626919,S2A_MSIL2A_20231101T160511_N0510_R054_T17RNH_20240831T085923,2023-11-01 16:05:11.024,0.26,6.0,-0.2670818181818182,11,-0.1444545454545454,11,-0.2445545454545454,11
FLAB11,2023-12-12,0.242,0.682,7.86,0.014,8.1,0.004,13.8,0.8,0.811,9.6,20.1,25.175169,-80.626919,S2A_MSIL2A_20231231T160511_N0510_R054_T17RNH_20231231T210949,2023-12-31 16:05:11.024,0.01,19.0,-0.2893090909090909,11,-0.1554727272727272,11,-0.2101,11
FLAB11,2024-01-22,0.219,1.01,8.46,0.031,8.2,0.005,11.4,0.6,0.797,16.2,19.0,25.175169,-80.626919,S2A_MSIL2A_20240130T160511_N0510_R054_T17RNH_20240130T210100,2024-01-30 16:05:11.024,3.12,8.0,-0.4008181818181818,11,-0.2448727272727272,11,-0.3154545454545454,11
FLAB11,2024-02-08,0.181,0.528,8.67,0.036,8.2,0.004,13.5,1.4,0.729,4.7,18.8,25.175169,-80.626919,S2A_MSIL2A_20240130T160511_N0510_R054_T17RNH_20240130T210100,2024-01-30 16:05:11.024,3.12,8.0,-0.4008181818181818,11,-0.2448727272727272,11,-0.3154545454545454,11
FLAB11,2024-03-18,0.009,0.37,7.42,0.005,8.4,0.0045,13.5,1.5,0.596,2.9,27.5,25.175169,-80.626919,S2B_MSIL2A_20240315T160509_N0510_R054_T17RNH_20240315T200115,2024-03-15 16:05:09.024,8.77,2.0,-0.2963909090909091,11,-0.1625090909090909,11,-0.1737636363636363,11
FLAB11,2024-04-04,0.069,0.89,7.11,0.019,8.2,0.005,11.9,0.6,0.71,13.9,25.7,25.175169,-80.626919,S2A_MSIL2A_20240409T160511_N0510_R054_T17RNH_20240409T221856,2024-04-09 16:05:11.024,8.95,5.0,-0.3985272727272727,11,-0.2989363636363636,11,-0.2730363636363636,11
FLAB11,2024-05-20,0.157,0.668,6.12,0.012,8.1,0.004,19.4,0.5,0.858,13.7,30.1,25.175169,-80.626919,S2A_MSIL2A_20240529T160511_N0510_R054_T17RNH_20240529T221346,2024-05-29 16:05:11.024,4.6,9.0,-0.2415090909090909,11,-0.1463363636363636,11,-0.1360272727272727,11
FLAB11,2024-06-04,0.073,1.29,6.83,0.008,8.2,0.006,22.1,1.7,0.745,3.5,28.6,25.175169,-80.626919,S2A_MSIL2A_20240529T160511_N0510_R054_T17RNH_20240529T221346,2024-05-29 16:05:11.024,4.6,5.0,-0.2415090909090909,11,-0.1463363636363636,11,-0.1360272727272727,11
FLAB11,2024-07-17,0.018,0.728,6.91,0.005,8.2,0.004,19.3,1.5,0.746,2.6,30.8,25.175169,-80.626919,S2A_MSIL2A_20240628T160511_N0510_R054_T17RNH_20240628T223450,2024-06-28 16:05:11.024,3.75,18.0,-0.1847909090909091,11,-0.102,11,-0.1313363636363636,11
FLAB11,2024-08-15,0.082,0.866,6.09,0.005,8.2,0.004,19.7,1.5,0.832,3.4,33.3,25.175169,-80.626919,S2B_MSIL2A_20240812T160519_N0511_R054_T17RNH_20240812T194800,2024-08-12 16:05:19.024,6.99,2.0,-0.2209181818181818,11,-0.1426909090909091,11,-0.153,11
FLAB11,2024-09-16,0.109,0.69,5.71,0.008,8.0,0.003,17.7,1.6,0.79,3.6,31.0,25.175169,-80.626919,S2B_MSIL2A_20241001T160509_N0511_R054_T17RNH_20241001T210909,2024-10-01 16:05:09.024,5.16,15.0,-0.2124090909090909,11,-0.1084090909090909,11,-0.1894545454545454,11
FLAB11,2024-10-14,0.179,1.38,6.87,0.013,8.0,0.005,18.0,1.9,0.882,2.1,27.4,25.175169,-80.626919,S2B_MSIL2A_20241001T160509_N0511_R054_T17RNH_20241001T210909,2024-10-01 16:05:09.024,5.16,12.0,-0.2124090909090909,11,-0.1084090909090909,11,-0.1894545454545454,11
FLAB11,2024-11-14,0.146,1.02,7.35,0.023,8.1,0.006,16.7,0.4,0.741,16.4,25.2,25.175169,-80.626919,S2A_MSIL2A_20241115T160511_N0511_R054_T17RNH_20241115T205649,2024-11-15 16:05:11.024,4.75,1.0,-0.3338727272727272,11,-0.187,11,-0.2047090909090909,11
FLAB11,2024-12-11,0.069,0.891,7.47,0.029,8.1,0.002,20.4,1.5,0.622,6.8,22.4,25.175169,-80.626919,S2A_MSIL2A_20241115T160511_N0511_R054_T17RNH_20241115T205649,2024-11-15 16:05:11.024,4.75,25.0,-0.3338727272727272,11,-0.187,11,-0.2047090909090909,11
FLAB11,2025-01-27,0.07,0.235,8.65,0.021,8.2,0.003,20.1,0.9,0.565,4.1,18.7,25.175169,-80.626919,S2B_MSIL2A_20250119T160509_N0511_R054_T17RNH_20250119T211653,2025-01-19 16:05:09.024,1.34,7.0,-0.4164636363636363,11,-0.2549181818181818,11,-0.253,11
FLAB11,2025-02-11,0.026,0.277,8.5,0.005,8.2,0.004,,0.8,0.54,6.9,,25.175169,-80.626919,S2B_MSIL2A_20250228T160509_N0511_R054_T17RNH_20250228T194642,2025-02-28 16:05:09.024,0.47,17.0,-0.4161,11,-0.2428545454545454,11,-0.2178545454545454,11
FLAB11,2025-03-10,0.029,0.397,7.46,0.006,8.2,0.003,21.6,0.8,0.624,6.7,25.3,25.175169,-80.626919,S2B_MSIL2A_20250228T160509_N0511_R054_T17RNH_20250228T194642,2025-02-28 16:05:09.024,0.47,9.0,-0.4161,11,-0.2428545454545454,11,-0.2178545454545454,11
FLAB11,2025-04-28,0.037,0.144,7.41,0.005,8.2,0.002,30.8,1.1,0.565,1.7,27.6,25.175169,-80.626919,S2A_MSIL2A_20250416T160521_N0511_R054_T17RNH_20250417T013913,2025-04-16 16:05:21.024,4.846258,11.0,-0.2091272727272727,11,-0.107890909090909,11,-0.1742545454545454,11
FLAB11,2025-05-27,0.021,0.245,6.75,0.005,8.2,0.002,34.9,1.4,0.591,5.7,30.5,25.175169,-80.626919,S2A_MSIL2A_20250526T160531_N0511_R054_T17RNH_20250526T203213,2025-05-26 16:05:31.024,2.662065,0.0,-0.2598727272727272,11,-0.1688272727272727,11,-0.1262363636363636,11
FLAB11,2025-06-09,0.063,0.32,6.28,0.006,8.1,0.004,33.1,1.3,0.648,4.7,29.9,25.175169,-80.626919,S2A_MSIL2A_20250615T160521_N0511_R054_T17RNH_20250615T222322,2025-06-15 16:05:21.024,8.885614,6.0,-0.3507454545454545,11,-0.2549090909090909,11,-0.1806727272727272,11
FLAB11,2025-07-17,0.029,0.304,5.62,0.005,8.0,0.002,35.7,1.4,0.66,1.6,28.9,25.175169,-80.626919,S2C_MSIL2A_20250802T160531_N0511_R054_T17RNH_20250802T202613,2025-08-02 16:05:31.025,4.725419,16.0,-0.1927545454545454,11,-0.1044545454545454,11,-0.1329363636363636,11
FLAB11,2025-09-15,0.059,0.867,5.46,0.006,8.0,0.003,32.6,1.6,0.88,1.4,30.6,25.175169,-80.626919,S2C_MSIL2A_20251001T160531_N0511_R054_T17RNH_20251001T205018,2025-10-01 16:05:31.025,1.61,16.0,-0.0737181818181818,11,-0.0324545454545454,11,-0.1000363636363636,11
FLAB11,2025-10-06,0.066,0.421,6.57,0.007,8.0,0.003,27.6,1.8,0.803,2.0,29.3,25.175169,-80.626919,S2C_MSIL2A_20251001T160531_N0511_R054_T17RNH_20251001T205018,2025-10-01 16:05:31.025,1.61,4.0,-0.0737181818181818,11,-0.0324545454545454,11,-0.1000363636363636,11
FLAB11,2025-11-17,0.06,0.459,8.06,0.01,8.0,0.006,24.2,1.2,0.664,2.5,23.1,25.175169,-80.626919,S2A_MSIL2A_20251122T160531_N0511_R054_T17RNH_20251122T183708,2025-11-22 16:05:31.024,5.56,5.0,-0.2647,11,-0.1351727272727272,11,-0.1596727272727272,11
FLAB11,2025-12-11,0.065,0.509,8.09,0.01,8.2,0.005,19.4,1.6,0.694,2.8,22.9,25.175169,-80.626919,S2C_MSIL2A_20251220T160521_N0511_R054_T17RNH_20251220T191014,2025-12-20 16:05:21.025,10.66,9.0,-0.1835,11,-0.087890909090909,11,-0.1358,11
FLAB12,2016-01-21,0.373,3.76,8.56,0.005,8.0,0.008,30.5,1.2,1.68,3.8,17.4,25.140369,-80.716119,S2A_MSIL2A_20160102T155642_N0500_R054_T17RNH_20231010T064726,2016-01-02 15:56:42.030,8.37,18.0,-0.0228357142857142,14,-0.0243642857142857,14,0.0150285714285714,14
FLAB12,2016-02-16,0.498,5.53,7.34,0.005,8.1,0.009,30.0,1.9,1.76,2.5,22.3,25.140369,-80.716119,,,,,,0,,0,,0
FLAB12,2016-04-14,0.195,2.64,3.75,0.005,8.1,0.009,32.2,1.1,1.58,2.3,26.6,25.140369,-80.716119,S2A_MSIL2A_20160401T154922_N0500_R054_T17RNH_20231021T232321,2016-04-01 15:49:22.030,10.03,12.0,-0.0170428571428571,14,-0.0164285714285714,14,0.0046071428571428,14
FLAB12,2016-05-31,0.096,0.592,5.94,0.005,8.4,0.006,34.7,1.1,1.47,2.4,30.2,25.140369,-80.716119,S2A_MSIL2A_20160521T160522_N0500_R054_T17RNH_20231008T223616,2016-05-21 16:05:22.027,9.63,9.0,-0.2250928571428571,14,-0.1116357142857142,14,-0.1939642857142857,14
FLAB12,2016-06-29,0.061,0.648,6.02,0.005,8.3,0.012,38.3,1.7,1.44,2.2,31.0,25.140369,-80.716119,S2A_MSIL2A_20160630T160512_N0500_R054_T17RNH_20231015T211056,2016-06-30 16:05:12.027,18.46,1.0,-0.2066714285714286,14,-0.0963142857142857,14,-0.1905214285714286,14
FLAB12,2016-07-12,0.034,0.848,6.07,0.005,8.2,0.009,39.3,1.1,1.58,1.4,31.4,25.140369,-80.716119,S2A_MSIL2A_20160630T160512_N0500_R054_T17RNH_20231015T211056,2016-06-30 16:05:12.027,18.46,11.0,-0.2066714285714286,14,-0.0963142857142857,14,-0.1905214285714286,14
FLAB12,2016-08-25,0.064,1.04,4.45,0.005,8.2,0.008,38.5,1.4,1.7,2.5,31.3,25.140369,-80.716119,S2A_MSIL2A_20160918T160512_N0500_R054_T17RNH_20230930T023451,2016-09-18 16:05:12.026,14.25,24.0,-0.1655428571428571,14,-0.0706142857142857,14,-0.1611071428571428,14
FLAB12,2016-09-08,0.107,1.37,6.08,0.005,8.2,0.008,36.0,1.1,1.55,2.2,30.0,25.140369,-80.716119,S2A_MSIL2A_20160918T160512_N0500_R054_T17RNH_20230930T023451,2016-09-18 16:05:12.026,14.25,10.0,-0.1655428571428571,14,-0.0706142857142857,14,-0.1611071428571428,14
FLAB12,2016-10-24,0.029,2.06,6.78,0.005,8.2,0.007,33.7,1.5,1.31,2.1,24.0,25.140369,-80.716119,,,,,,0,,0,,0
FLAB12,2016-11-14,0.027,0.306,8.06,0.005,8.2,0.003,28.1,1.5,0.925,1.0,25.6,25.140369,-80.716119,S2A_MSIL2A_20161127T160512_N0500_R054_T17RNH_20230927T160903,2016-11-27 16:05:12.026,11.47,13.0,-0.0511642857142857,14,-0.0209642857142857,14,-0.0604,14
FLAB12,2016-12-21,0.036,0.608,6.59,0.005,8.2,0.006,27.8,1.1,1.02,1.2,25.1,25.140369,-80.716119,S2A_MSIL2A_20161127T160512_N0500_R054_T17RNH_20230927T160903,2016-11-27 16:05:12.026,11.47,23.0,-0.0511642857142857,14,-0.0209642857142857,14,-0.0604,14
FLAB12,2017-01-25,0.017,10.2,6.44,0.005,8.0,0.021,34.0,1.0,1.32,4.8,23.4,25.140369,-80.716119,S2A_MSIL2A_20170215T160511_N0500_R054_T17RNH_20230917T075421,2017-02-15 16:05:11.026,3.45,21.0,-0.1447214285714285,14,-0.0645428571428571,14,-0.1656357142857143,14
FLAB12,2017-02-20,0.042,1.41,7.39,0.005,8.2,0.011,33.8,1.1,1.37,8.7,25.6,25.140369,-80.716119,S2A_MSIL2A_20170215T160511_N0500_R054_T17RNH_20230917T075421,2017-02-15 16:05:11.026,3.45,4.0,-0.1447214285714285,14,-0.0645428571428571,14,-0.1656357142857143,14
FLAB12,2017-03-21,0.043,0.503,6.61,0.005,8.2,0.009,39.4,1.0,1.12,8.4,21.0,25.140369,-80.716119,S2A_MSIL2A_20170225T160511_N0500_R054_T17RNH_20230927T065507,2017-02-25 16:05:11.026,2.02,23.0,-0.1618857142857143,14,-0.0703571428571428,14,-0.1877357142857142,14
FLAB12,2017-04-20,0.058,0.311,7.36,0.005,8.2,0.004,36.8,1.2,1.01,1.0,25.0,25.140369,-80.716119,,,,,,0,,0,,0
FLAB12,2017-05-08,0.049,0.256,6.51,0.005,8.2,0.007,38.5,2.1,1.24,1.3,25.3,25.140369,-80.716119,,,,,,0,,0,,0
FLAB12,2017-06-28,0.076,0.338,5.34,0.005,8.2,0.006,39.6,1.2,1.22,1.0,32.2,25.140369,-80.716119,S2A_MSIL2A_20170715T160511_N0500_R054_T17RNH_20230901T104819,2017-07-15 16:05:11.026,6.66,17.0,-0.2670857142857142,14,-0.1405928571428571,14,-0.2231428571428571,14
FLAB12,2017-07-24,0.047,0.318,4.77,0.005,8.1,0.004,41.5,1.1,1.17,1.4,31.1,25.140369,-80.716119,S2A_MSIL2A_20170715T160511_N0500_R054_T17RNH_20230901T104819,2017-07-15 16:05:11.026,6.66,8.0,-0.2670857142857142,14,-0.1405928571428571,14,-0.2231428571428571,14
FLAB12,2017-08-01,0.048,1.35,4.55,0.005,8.1,0.007,41.9,1.3,1.58,1.1,28.9,25.140369,-80.716119,S2A_MSIL2A_20170804T160511_N0500_R054_T17RNH_20230826T141136,2017-08-04 16:05:11.026,7.87,3.0,-0.0873785714285714,14,-0.04855,14,-0.1211357142857142,14
FLAB12,2017-09-18,0.298,10.3,1.55,0.005,7.2,0.048,31.7,0.7,1.94,12.8,29.4,25.140369,-80.716119,S2A_MSIL2A_20170913T160511_N0500_R054_T17RNH_20230825T160223,2017-09-13 16:05:11.026,18.56,4.0,-0.0762428571428571,14,-0.0390714285714285,14,-0.09235,14
FLAB12,2017-10-12,0.114,14.4,4.95,0.005,7.9,0.037,22.3,0.69,1.54,6.5,28.0,25.140369,-80.716119,S2A_MSIL2A_20171003T160511_N0500_R054_T17RNH_20230817T084655,2017-10-03 16:05:11.026,13.94,8.0,-0.0377785714285714,14,-0.0173285714285714,14,-0.0418642857142857,14
FLAB12,2017-11-16,0.017,19.2,7.33,0.005,8.0,0.019,22.1,0.7,1.6,13.9,24.9,25.140369,-80.716119,S2B_MSIL2A_20171107T160459_N0500_R054_T17RNH_20230721T141830,2017-11-07 16:04:59.027,7.26,8.0,-0.07105,14,-0.0803785714285714,14,-0.0305428571428571,14
FLAB12,2017-12-13,0.016,25.3,8.64,0.005,7.8,0.035,25.5,0.5,2.07,17.7,16.7,25.140369,-80.716119,S2A_MSIL2A_20171202T160511_N0500_R054_T17RNH_20230806T075400,2017-12-02 16:05:11.026,15.47,10.0,-0.1488785714285714,14,-0.0686785714285714,14,-0.2174857142857142,14
FLAB12,2018-01-16,0.132,20.4,7.24,0.005,8.0,0.033,25.3,0.4,2.18,19.8,17.9,25.140369,-80.716119,S2B_MSIL2A_20171227T160459_N0500_R054_T17RNH_20230720T070737,2017-12-27 16:04:59.027,6.53,19.0,-0.0522,14,-0.0438785714285714,14,-0.01005,14
FLAB12,2018-02-28,0.316,1.09,7.71,0.005,7.9,0.012,26.8,1.0,1.32,6.5,26.6,25.140369,-80.716119,S2B_MSIL2A_20180317T160509_N0500_R054_T17RNH_20230710T201059,2018-03-17 16:05:09.027,3.5,17.0,-0.1308357142857142,14,-0.0551857142857142,14,-0.2137714285714285,14
FLAB12,2018-03-01,0.163,1.1,6.66,0.005,7.9,0.008,26.9,2.0,1.19,4.6,26.5,25.140369,-80.716119,S2B_MSIL2A_20180317T160509_N0500_R054_T17RNH_20230710T201059,2018-03-17 16:05:09.027,3.5,16.0,-0.1308357142857142,14,-0.0551857142857142,14,-0.2137714285714285,14
FLAB12,2018-04-10,0.146,1.87,1.89,0.005,7.8,0.018,35.1,2.1,1.32,2.1,29.4,25.140369,-80.716119,S2A_MSIL2A_20180421T160511_N0500_R054_T17RNH_20230630T222736,2018-04-21 16:05:11.026,19.08,11.0,-0.2283357142857142,14,-0.1329285714285714,14,-0.2105857142857142,14
FLAB12,2018-05-22,0.205,1.33,4.83,0.015,7.8,0.01,30.1,1.0,1.27,3.5,24.9,25.140369,-80.716119,S2B_MSIL2A_20180605T160509_N0500_R054_T17RNH_20230715T182439,2018-06-05 16:05:09.024,13.59,14.0,-0.1403214285714285,14,-0.0866928571428571,14,-0.1631928571428571,14
FLAB12,2018-06-07,0.087,3.43,4.32,0.012,8.3,0.017,30.0,1.1,1.4,1.6,30.0,25.140369,-80.716119,S2B_MSIL2A_20180605T160509_N0500_R054_T17RNH_20230715T182439,2018-06-05 16:05:09.024,13.59,1.0,-0.1403214285714285,14,-0.0866928571428571,14,-0.1631928571428571,14
FLAB12,2018-07-10,0.019,5.01,6.11,0.007,8.1,0.012,33.2,1.1,1.41,2.2,32.4,25.140369,-80.716119,,,,,,0,,0,,0
FLAB12,2018-08-06,0.019,2.17,6.46,0.005,8.1,0.008,32.6,1.0,1.31,2.5,30.4,25.140369,-80.716119,S2A_MSIL2A_20180809T160511_N0500_R054_T17RNH_20230711T022345,2018-08-09 16:05:11.024,8.3,3.0,,0,,0,,0
FLAB12,2018-09-06,0.051,0.96,6.31,0.005,8.0,0.006,30.9,1.3,1.21,1.5,28.9,25.140369,-80.716119,S2A_MSIL2A_20180928T160511_N0510_R054_T17RNH_20250531T034550,2018-09-28 16:05:11.024,3.004363,22.0,-0.1298928571428571,14,-0.0586214285714285,14,-0.2351,14
FLAB12,2018-10-03,0.015,7.41,5.8,0.005,8.0,0.016,31.8,1.1,1.73,3.6,28.2,25.140369,-80.716119,S2A_MSIL2A_20180928T160511_N0510_R054_T17RNH_20250531T034550,2018-09-28 16:05:11.024,3.004363,4.0,-0.1298928571428571,14,-0.0586214285714285,14,-0.2351,14
FLAB12,2018-11-05,0.041,1.18,5.86,0.005,7.9,0.008,30.3,1.1,1.14,3.2,26.7,25.140369,-80.716119,S2A_MSIL2A_20181018T160511_N0500_R054_T17RNH_20230706T010334,2018-10-18 16:05:11.024,8.03,17.0,-0.2766857142857142,14,-0.1348857142857142,14,-0.2631714285714285,14
FLAB12,2018-12-17,0.049,10.1,6.79,0.005,8.0,0.017,32.9,0.7,1.57,6.0,22.1,25.140369,-80.716119,S2A_MSIL2A_20181217T160501_N0500_R054_T17RNH_20230630T025600,2018-12-17 16:05:01.024,3.73,0.0,-0.1563071428571428,14,-0.0717357142857142,14,-0.2146642857142857,14
FLAB12,2019-01-29,0.109,2.92,7.44,0.005,8.0,0.013,31.4,1.3,1.27,4.0,17.3,25.140369,-80.716119,S2B_MSIL2A_20190131T160509_N0500_R054_T17RNH_20221203T130314,2019-01-31 16:05:09.024,10.99,2.0,-0.2667428571428571,14,-0.1288642857142857,14,-0.2757928571428572,14
FLAB12,2019-02-26,0.248,0.832,6.27,0.005,7.9,0.012,33.9,1.0,1.37,1.4,25.3,25.140369,-80.716119,S2B_MSIL2A_20190302T160509_N0500_R054_T17RNH_20221114T204209,2019-03-02 16:05:09.024,3.51,4.0,-0.3975785714285714,14,-0.2048142857142857,14,-0.3337571428571428,14
FLAB12,2019-03-05,0.162,0.556,5.15,0.005,7.7,0.009,35.2,1.0,1.27,1.1,27.4,25.140369,-80.716119,S2B_MSIL2A_20190302T160509_N0500_R054_T17RNH_20221114T204209,2019-03-02 16:05:09.024,3.51,2.0,-0.3975785714285714,14,-0.2048142857142857,14,-0.3337571428571428,14
FLAB12,2019-04-15,0.271,0.494,5.71,0.005,8.0,0.008,37.9,1.0,1.43,6.2,28.3,25.140369,-80.716119,S2A_MSIL2A_20190416T160511_N0500_R054_T17RNH_20221023T193830,2019-04-16 16:05:11.024,0.71,1.0,-0.4082071428571428,14,-0.2301714285714285,14,-0.3527,14
FLAB12,2019-05-14,0.224,0.919,5.6,0.005,7.9,0.01,42.6,1.2,1.6,1.9,29.0,25.140369,-80.716119,S2A_MSIL2A_20190526T160511_N0500_R054_T17RNH_20221211T081521,2019-05-26 16:05:11.024,5.48,12.0,-0.3634142857142857,14,-0.2377642857142857,14,-0.31785,14
FLAB12,2019-06-11,0.159,0.907,6.0,0.007,7.6,0.009,41.4,1.1,1.39,1.9,30.0,25.140369,-80.716119,S2A_MSIL2A_20190625T160521_N0500_R054_T17RNH_20230508T164541,2019-06-25 16:05:21.024,2.13,14.0,-0.2716357142857142,14,-0.1431214285714285,14,-0.2525571428571428,14
FLAB12,2019-07-29,0.024,1.84,10.7,0.005,8.0,0.014,39.3,1.0,1.55,2.5,31.7,25.140369,-80.716119,S2B_MSIL2A_20190819T160519_N0500_R054_T17RNH_20230505T071445,2019-08-19 16:05:19.024,12.15,21.0,-0.0612571428571428,14,-0.0679285714285714,14,-0.0510714285714285,14
FLAB12,2019-08-08,0.015,8.04,6.39,0.005,8.0,0.022,37.3,0.7,1.79,5.0,31.6,25.140369,-80.716119,S2B_MSIL2A_20190819T160519_N0500_R054_T17RNH_20230505T071445,2019-08-19 16:05:19.024,12.15,11.0,-0.0612571428571428,14,-0.0679285714285714,14,-0.0510714285714285,14
FLAB12,2019-09-10,0.013,5.01,5.8,0.005,7.9,0.017,34.2,1.1,1.53,4.2,30.2,25.140369,-80.716119,S2B_MSIL2A_20190918T160509_N0500_R054_T17RNH_20230501T120457,2019-09-18 16:05:09.024,8.33,8.0,-0.0738428571428571,14,-0.0365285714285714,14,-0.0523428571428571,14
FLAB12,2019-10-08,0.11,1.0,5.58,0.005,7.7,0.007,37.7,1.4,1.28,4.3,27.0,25.140369,-80.716119,S2A_MSIL2A_20191013T160511_N0500_R054_T17RNH_20230614T052238,2019-10-13 16:05:11.024,9.57,5.0,-0.1905928571428571,14,-0.0903857142857142,14,-0.1654571428571428,14
FLAB12,2019-11-07,0.148,0.327,5.37,0.005,8.0,0.006,37.5,1.2,1.18,1.0,27.4,25.140369,-80.716119,S2A_MSIL2A_20191013T160511_N0500_R054_T17RNH_20230614T052238,2019-10-13 16:05:11.024,9.57,24.0,-0.1905928571428571,14,-0.0903857142857142,14,-0.1654571428571428,14
FLAB12,2019-12-05,0.058,1.5,6.92,0.005,7.9,0.009,37.0,1.0,1.26,2.1,21.1,25.140369,-80.716119,S2B_MSIL2A_20191207T160509_N0500_R054_T17RNH_20230525T143258,2019-12-07 16:05:09.024,9.01,2.0,-0.0054214285714285,14,-0.0031642857142857,14,0.0011285714285714,14
FLAB12,2020-01-23,0.107,0.473,8.12,0.005,7.7,0.005,37.7,1.7,1.1,1.8,15.8,25.140369,-80.716119,S2B_MSIL2A_20200126T160509_N0500_R054_T17RNH_20230424T055929,2020-01-26 16:05:09.024,0.01,3.0,-0.2050857142857142,14,-0.0946714285714285,14,-0.1951357142857143,14
FLAB12,2020-02-03,0.108,3.2,7.77,0.005,8.0,0.012,36.0,0.9,1.32,2.8,19.6,25.140369,-80.716119,S2B_MSIL2A_20200126T160509_N0500_R054_T17RNH_20230424T055929,2020-01-26 16:05:09.024,0.01,7.0,-0.2050857142857142,14,-0.0946714285714285,14,-0.1951357142857143,14
FLAB12,2020-03-05,0.075,0.654,5.85,0.005,8.1,0.008,37.9,0.8,1.21,2.2,25.1,25.140369,-80.716119,S2B_MSIL2A_20200326T160509_N0500_R054_T17RNH_20230409T144543,2020-03-26 16:05:09.024,3.76,21.0,-0.3511857142857142,14,-0.1909857142857143,14,-0.2782785714285714,14
FLAB12,2020-04-01,0.083,0.352,7.9,0.005,7.9,0.008,42.0,0.8,1.17,3.2,26.9,25.140369,-80.716119,S2B_MSIL2A_20200326T160509_N0500_R054_T17RNH_20230409T144543,2020-03-26 16:05:09.024,3.76,5.0,-0.3511857142857142,14,-0.1909857142857143,14,-0.2782785714285714,14
FLAB12,2020-05-05,0.053,0.628,3.22,0.005,8.1,0.007,44.0,1.0,0.95,1.0,27.8,25.140369,-80.716119,S2B_MSIL2A_20200505T160509_N0500_R054_T17RNH_20230331T132201,2020-05-05 16:05:09.024,13.21,0.0,-0.2148428571428571,14,-0.1219428571428571,14,-0.1690714285714285,14
FLAB12,2020-06-01,0.054,0.354,5.13,0.005,8.6,0.006,40.1,1.0,1.13,1.1,30.7,25.140369,-80.716119,S2A_MSIL2A_20200609T160521_N0500_R054_T17RNH_20230412T130437,2020-06-09 16:05:21.024,11.27,8.0,-0.1775857142857143,14,-0.0954714285714285,14,-0.1683642857142857,14
FLAB12,2020-07-16,0.045,4.17,5.44,0.005,7.8,0.014,41.8,0.8,1.7,2.7,30.1,25.140369,-80.716119,S2A_MSIL2A_20200719T160521_N0500_R054_T17RNH_20230323T200138,2020-07-19 16:05:21.024,15.5,3.0,-0.1169571428571428,14,-0.0556928571428571,14,-0.1602857142857142,14
FLAB12,2020-08-13,0.044,0.462,6.34,0.005,8.2,0.006,40.0,0.8,1.46,1.0,31.7,25.140369,-80.716119,S2B_MSIL2A_20200813T160519_N0500_R054_T17RNH_20230317T064934,2020-08-13 16:05:19.024,8.8,0.0,-0.2252571428571428,14,-0.1161857142857143,14,-0.1927428571428571,14
FLAB12,2020-09-01,0.067,,3.46,0.005,8.0,,37.6,0.8,,1.2,31.7,25.140369,-80.716119,S2B_MSIL2A_20200813T160519_N0500_R054_T17RNH_20230317T064934,2020-08-13 16:05:19.024,8.8,18.0,-0.2252571428571428,14,-0.1161857142857143,14,-0.1927428571428571,14
FLAB12,2020-10-12,0.084,0.652,5.45,0.005,8.1,0.006,30.7,1.0,1.09,1.1,31.9,25.140369,-80.716119,S2B_MSIL2A_20201012T160519_N0500_R054_T17RNH_20230307T135614,2020-10-12 16:05:19.024,7.31,0.0,-0.1063428571428571,14,-0.0456785714285714,14,-0.1174714285714285,14
FLAB12,2020-11-12,0.158,3.34,5.03,0.005,7.8,0.017,9.04,0.7,1.06,6.2,25.5,25.140369,-80.716119,S2A_MSIL2A_20201126T160511_N0500_R054_T17RNH_20230304T135940,2020-11-26 16:05:11.024,7.4,14.0,-0.1294785714285714,14,-0.0572214285714285,14,-0.1392642857142857,14
FLAB12,2020-12-09,0.13,5.2,8.8,0.012,8.4,0.015,10.6,0.7,1.1,5.6,17.6,25.140369,-80.716119,S2A_MSIL2A_20201126T160511_N0500_R054_T17RNH_20230304T135940,2020-11-26 16:05:11.024,7.4,12.0,-0.1294785714285714,14,-0.0572214285714285,14,-0.1392642857142857,14
FLAB12,2021-01-07,0.056,0.213,8.09,0.005,8.4,0.004,21.7,1.0,0.899,1.3,20.9,25.140369,-80.716119,S2A_MSIL2A_20210105T160511_N0500_R054_T17RNH_20230224T230042,2021-01-05 16:05:11.024,0.15,1.0,-0.1285285714285714,14,-0.0587,14,-0.1796785714285714,14
FLAB12,2021-02-08,0.14,0.336,6.27,0.005,8.0,0.011,27.8,0.8,0.961,1.3,24.1,25.140369,-80.716119,S2B_MSIL2A_20210301T160509_N0500_R054_T17RNH_20230513T142932,2021-03-01 16:05:09.024,5.26,21.0,-0.2721714285714285,14,-0.1379071428571428,14,-0.2370428571428571,14
FLAB12,2021-03-17,0.118,0.284,7.17,0.005,8.2,0.007,28.3,1.3,0.991,2.1,25.4,25.140369,-80.716119,S2B_MSIL2A_20210331T160509_N0500_R054_T17RNH_20230519T193433,2021-03-31 16:05:09.024,4.3,14.0,-0.1174285714285714,14,-0.0906071428571428,14,-0.1067714285714285,14
FLAB12,2021-04-06,0.052,0.144,6.96,0.005,8.2,0.004,30.5,1.1,0.971,1.3,22.1,25.140369,-80.716119,S2B_MSIL2A_20210331T160509_N0500_R054_T17RNH_20230519T193433,2021-03-31 16:05:09.024,4.3,5.0,-0.1174285714285714,14,-0.0906071428571428,14,-0.1067714285714285,14
FLAB12,2021-05-24,0.058,0.18,6.46,0.005,8.2,0.004,30.3,0.8,0.982,2.0,25.2,25.140369,-80.716119,S2B_MSIL2A_20210510T160509_N0500_R054_T17RNH_20230208T043056,2021-05-10 16:05:09.024,3.55,13.0,-0.2859357142857143,14,-0.1687571428571428,14,-0.2162142857142857,14
FLAB12,2021-06-21,0.114,1.29,6.42,0.005,8.1,0.005,34.0,1.0,1.15,2.5,31.3,25.140369,-80.716119,S2B_MSIL2A_20210609T160509_N0500_R054_T17RNH_20230128T121728,2021-06-09 16:05:09.024,11.23,11.0,-0.25045,14,-0.1541928571428571,14,-0.1842357142857142,14
FLAB12,2021-07-01,0.164,0.5,5.75,0.005,8.1,0.006,33.7,0.9,1.07,1.3,28.4,25.140369,-80.716119,S2A_MSIL2A_20210704T160511_N0500_R054_T17RNH_20230129T022912,2021-07-04 16:05:11.024,4.55,3.0,-0.2549571428571428,14,-0.1397,14,-0.2428142857142857,14
FLAB12,2021-08-19,0.122,0.583,5.52,0.005,8.0,0.005,32.5,1.7,1.07,1.3,30.1,25.140369,-80.716119,S2B_MSIL2A_20210818T160509_N0500_R054_T17RNH_20230117T162001,2021-08-18 16:05:09.024,6.15,0.0,-0.2294071428571428,14,-0.1438,14,-0.1715928571428571,14
FLAB12,2021-09-21,0.11,0.45,3.14,0.005,7.7,0.004,33.6,,1.14,1.6,29.8,25.140369,-80.716119,S2B_MSIL2A_20210927T160509_N0500_R054_T17RNH_20230115T060558,2021-09-27 16:05:09.024,2.58,6.0,-0.3306785714285714,14,-0.1703357142857142,14,-0.2641785714285714,14
FLAB12,2021-10-13,0.095,0.309,6.55,0.005,8.0,0.005,35.0,1.1,1.12,2.2,28.7,25.140369,-80.716119,S2B_MSIL2A_20211017T160509_N0500_R054_T17RNH_20230105T060942,2021-10-17 16:05:09.024,1.5,4.0,-0.2866857142857142,14,-0.1447071428571428,14,-0.2298071428571428,14
FLAB12,2021-11-15,0.148,4.33,5.48,0.005,7.9,0.016,33.3,1.0,1.27,4.4,23.8,25.140369,-80.716119,S2B_MSIL2A_20211126T160509_N0500_R054_T17RNH_20221231T133627,2021-11-26 16:05:09.024,7.91,11.0,-0.2715857142857142,14,-0.1370785714285714,14,-0.2028714285714286,14
FLAB12,2021-12-27,0.349,0.286,7.16,0.008,8.0,0.006,32.0,0.9,1.18,1.6,23.8,25.140369,-80.716119,S2A_MSIL2A_20211231T160511_N0500_R054_T17RNH_20221227T085604,2021-12-31 16:05:11.024,1.67,4.0,-0.07245,14,-0.0305642857142857,14,-0.0466285714285714,14
FLAB12,2022-01-18,0.384,1.34,6.61,0.007,7.8,0.01,31.2,1.0,1.38,6.3,19.4,25.140369,-80.716119,S2A_MSIL2A_20220130T160511_N0510_R054_T17RNH_20240508T134151,2022-01-30 16:05:11.024,4.314916,12.0,-0.3006928571428571,14,-0.1688,14,-0.3114857142857142,14
FLAB12,2022-02-08,0.195,0.848,7.25,0.007,8.2,0.011,33.0,0.8,1.16,2.4,24.5,25.140369,-80.716119,S2A_MSIL2A_20220130T160511_N0510_R054_T17RNH_20240508T134151,2022-01-30 16:05:11.024,4.314916,8.0,-0.3006928571428571,14,-0.1688,14,-0.3114857142857142,14
FLAB12,2022-03-28,0.106,0.29,6.98,0.005,8.1,0.007,34.1,0.8,1.13,1.8,22.3,25.140369,-80.716119,S2A_MSIL2A_20220301T160521_N0510_R054_T17RNH_20240517T125255,2022-03-01 16:05:21.024,6.624457,26.0,-0.3128214285714286,14,-0.15905,14,-0.2669714285714286,14
FLAB12,2022-04-07,0.218,0.464,6.29,0.005,8.1,0.006,35.8,0.8,1.23,3.6,29.0,25.140369,-80.716119,S2B_MSIL2A_20220425T160509_N0510_R054_T17RNH_20240605T092546,2022-04-25 16:05:09.024,11.56,18.0,-0.3021785714285714,14,-0.1805928571428571,14,-0.2411214285714285,14
FLAB12,2022-05-25,0.088,0.375,6.11,0.005,8.1,0.005,36.1,1.0,1.09,2.0,27.8,25.140369,-80.716119,S2B_MSIL2A_20220515T160509_N0510_R054_T17RNH_20240627T105215,2022-05-15 16:05:09.024,5.97,9.0,-0.3618571428571428,14,-0.1732,14,-0.3016142857142857,14
FLAB12,2022-06-22,0.054,4.06,7.5,0.005,8.0,0.012,34.4,1.2,1.31,2.6,30.3,25.140369,-80.716119,S2A_MSIL2A_20220629T160521_N0510_R054_T17RNH_20240628T194938,2022-06-29 16:05:21.024,4.056241,7.0,-0.0850214285714285,14,-0.0903857142857142,14,-0.0247142857142857,14
FLAB12,2022-07-07,0.036,1.53,5.47,0.005,8.0,0.01,33.7,1.2,1.26,2.2,30.4,25.140369,-80.716119,S2A_MSIL2A_20220629T160521_N0510_R054_T17RNH_20240628T194938,2022-06-29 16:05:21.024,4.056241,7.0,-0.0850214285714285,14,-0.0903857142857142,14,-0.0247142857142857,14
FLAB12,2022-08-18,0.139,0.341,4.19,0.005,7.9,0.006,35.2,1.3,1.11,1.6,31.5,25.140369,-80.716119,S2A_MSIL2A_20220818T160521_N0510_R054_T17RNH_20240629T103659,2022-08-18 16:05:21.024,4.266037,0.0,0.0070071428571428,14,-0.0108357142857142,14,-0.0505785714285714,14
FLAB12,2022-09-08,0.085,0.508,5.01,0.005,7.9,0.004,38.3,1.3,1.16,1.4,31.5,25.140369,-80.716119,S2B_MSIL2A_20220902T160509_N0510_R054_T17RNH_20240719T005650,2022-09-02 16:05:09.024,4.340765,5.0,-0.2568928571428571,14,-0.1472428571428571,14,-0.1828714285714285,14
FLAB12,2022-10-20,0.131,13.2,6.84,0.005,8.0,0.018,28.4,0.7,1.62,4.6,24.6,25.140369,-80.716119,S2B_MSIL2A_20221022T160509_N0510_R054_T17RNH_20240729T211221,2022-10-22 16:05:09.024,18.645181,2.0,-0.0429857142857142,14,-0.0181214285714285,14,-0.1113642857142857,14
FLAB12,2022-11-22,0.146,2.17,6.04,0.007,8.0,0.006,30.4,1.1,1.07,2.6,23.9,25.140369,-80.716119,S2B_MSIL2A_20221211T160509_N0510_R054_T17RNH_20240806T114151,2022-12-11 16:05:09.024,0.090929,19.0,-0.2393571428571428,14,-0.1137071428571428,14,-0.20085,14
FLAB12,2022-12-19,0.122,0.713,7.82,0.009,8.1,0.004,30.8,1.0,1.06,1.2,24.2,25.140369,-80.716119,S2B_MSIL2A_20221211T160509_N0510_R054_T17RNH_20240806T114151,2022-12-11 16:05:09.024,0.090929,7.0,-0.2393571428571428,14,-0.1137071428571428,14,-0.20085,14
FLAB12,2023-01-30,0.1,0.184,8.14,0.005,8.1,0.005,32.1,1.2,1.11,1.4,24.7,25.140369,-80.716119,S2A_MSIL2A_20230125T160511_N0510_R054_T17RNH_20240807T063957,2023-01-25 16:05:11.024,8.66,4.0,-0.1964214285714285,14,-0.0921,14,-0.19195,14
FLAB12,2023-02-16,0.129,0.142,7.11,0.005,8.1,0.003,31.8,1.1,1.03,1.7,22.6,25.140369,-80.716119,S2B_MSIL2A_20230301T160509_N0510_R054_T17RNH_20240817T102704,2023-03-01 16:05:09.025,0.13,13.0,-0.2830785714285714,14,-0.1297857142857142,14,-0.28385,14
FLAB12,2023-03-14,0.257,0.454,5.83,0.005,8.0,0.008,39.0,1.3,1.09,2.4,25.8,25.140369,-80.716119,S2B_MSIL2A_20230301T160509_N0510_R054_T17RNH_20240817T102704,2023-03-01 16:05:09.025,0.13,12.0,-0.2830785714285714,14,-0.1297857142857142,14,-0.28385,14
FLAB12,2023-04-13,0.12,0.19,6.69,0.005,8.0,0.007,35.8,1.3,1.08,2.1,24.7,25.140369,-80.716119,S2A_MSIL2A_20230415T160511_N0510_R054_T17RNH_20240830T092006,2023-04-15 16:05:11.024,6.0,2.0,-0.0862785714285714,14,-0.0729142857142857,14,0.0225714285714285,14
FLAB12,2023-05-11,0.076,0.878,6.77,0.005,8.1,0.012,41.4,1.1,1.07,1.8,29.2,25.140369,-80.716119,S2A_MSIL2A_20230515T160511_N0510_R054_T17RNH_20240810T080114,2023-05-15 16:05:11.024,9.75,4.0,-0.2309714285714285,14,-0.1413214285714285,14,-0.1809928571428571,14
FLAB12,2023-06-12,0.148,0.62,5.22,0.005,7.9,0.013,39.2,1.3,1.2,2.7,30.6,25.140369,-80.716119,S2A_MSIL2A_20230614T160511_N0510_R054_T17RNH_20240910T072424,2023-06-14 16:05:11.024,11.47,2.0,-0.12175,14,-0.06905,14,-0.0962785714285714,14
FLAB12,2023-07-27,0.063,2.61,4.61,0.005,8.0,0.014,35.2,1.1,1.33,2.0,28.7,25.140369,-80.716119,S2A_MSIL2A_20230724T160511_N0510_R054_T17RNH_20240820T071355,2023-07-24 16:05:11.024,5.24,2.0,-0.0744428571428571,14,-0.0389928571428571,14,-0.1161714285714285,14
FLAB12,2023-08-09,0.035,5.93,5.92,0.005,8.0,0.016,36.1,1.2,1.52,2.4,33.7,25.140369,-80.716119,S2A_MSIL2A_20230724T160511_N0510_R054_T17RNH_20240820T071355,2023-07-24 16:05:11.024,5.24,15.0,-0.0744428571428571,14,-0.0389928571428571,14,-0.1161714285714285,14
FLAB12,2023-09-27,0.136,4.12,5.61,0.005,8.0,0.01,34.5,1.4,1.42,4.0,29.3,25.140369,-80.716119,S2B_MSIL2A_20231007T160509_N0510_R054_T17RNH_20241022T112823,2023-10-07 16:05:09.024,1.06,10.0,-0.2370571428571428,14,-0.1144857142857142,14,-0.1917571428571428,14
FLAB12,2023-10-11,0.21,2.16,4.2,0.012,7.9,0.014,33.2,1.0,1.38,3.7,30.3,25.140369,-80.716119,S2B_MSIL2A_20231007T160509_N0510_R054_T17RNH_20241022T112823,2023-10-07 16:05:09.024,1.06,3.0,-0.2370571428571428,14,-0.1144857142857142,14,-0.1917571428571428,14
FLAB12,2023-11-13,0.151,0.632,6.48,0.005,8.0,0.004,31.9,1.3,1.11,1.5,28.1,25.140369,-80.716119,S2A_MSIL2A_20231121T160511_N0510_R054_T17RNH_20241020T231123,2023-11-21 16:05:11.024,8.03,8.0,-0.1432071428571428,14,-0.0660785714285714,14,-0.1709428571428571,14
FLAB12,2023-12-12,0.147,0.981,7.83,0.006,8.2,0.005,22.8,1.1,0.963,1.8,19.9,25.140369,-80.716119,S2A_MSIL2A_20231231T160511_N0510_R054_T17RNH_20231231T210949,2023-12-31 16:05:11.024,0.01,19.0,-0.1470571428571428,14,-0.0667,14,-0.1760285714285714,14
FLAB12,2024-01-08,0.137,1.41,7.79,0.009,8.2,0.007,19.4,1.1,0.859,2.4,21.3,25.140369,-80.716119,S2A_MSIL2A_20231231T160511_N0510_R054_T17RNH_20231231T210949,2023-12-31 16:05:11.024,0.01,7.0,-0.1470571428571428,14,-0.0667,14,-0.1760285714285714,14
FLAB12,2024-02-08,0.043,2.52,8.38,0.006,8.2,0.007,21.0,1.2,0.918,2.9,18.6,25.140369,-80.716119,S2A_MSIL2A_20240130T160511_N0510_R054_T17RNH_20240130T210100,2024-01-30 16:05:11.024,3.12,8.0,-0.1782857142857143,14,-0.0855571428571428,14,-0.2401428571428571,14
FLAB12,2024-03-04,0.087,0.88,6.67,0.005,8.2,0.008,24.5,0.9,0.946,3.7,27.4,25.140369,-80.716119,S2B_MSIL2A_20240315T160509_N0510_R054_T17RNH_20240315T200115,2024-03-15 16:05:09.024,8.77,11.0,-0.2280142857142857,14,-0.1310071428571428,14,-0.2427357142857142,14
FLAB12,2024-04-04,0.257,2.34,6.18,0.008,7.9,0.014,25.3,0.5,1.3,26.8,25.6,25.140369,-80.716119,S2A_MSIL2A_20240409T160511_N0510_R054_T17RNH_20240409T221856,2024-04-09 16:05:11.024,8.95,5.0,-0.2342928571428571,14,-0.1303428571428571,14,-0.2323357142857142,14
FLAB12,2024-05-13,0.099,0.56,6.21,0.005,8.1,0.005,25.9,1.1,0.9055,1.5,30.2,25.140369,-80.716119,S2A_MSIL2A_20240509T160511_N0510_R054_T17RNH_20240509T224244,2024-05-09 16:05:11.024,3.91,3.0,-0.3380285714285714,14,-0.1923571428571428,14,-0.2445928571428571,14
FLAB12,2024-06-04,0.07,0.521,5.98,0.005,8.0,0.006,30.6,1.2,1.12,1.4,28.4,25.140369,-80.716119,S2A_MSIL2A_20240529T160511_N0510_R054_T17RNH_20240529T221346,2024-05-29 16:05:11.024,4.6,5.0,-0.23425,14,-0.1231214285714285,14,-0.2078142857142857,14
FLAB12,2024-07-15,0.012,9.44,7.07,0.005,8.1,0.014,31.0,1.2,1.29,4.0,31.2,25.140369,-80.716119,S2A_MSIL2A_20240628T160511_N0510_R054_T17RNH_20240628T223450,2024-06-28 16:05:11.024,3.75,16.0,-0.2757857142857142,14,-0.1468928571428571,14,-0.2315285714285714,14
FLAB12,2024-08-15,0.009,14.7,5.74,0.005,8.2,0.016,31.8,0.7,1.6,5.0,33.0,25.140369,-80.716119,S2B_MSIL2A_20240812T160519_N0511_R054_T17RNH_20240812T194800,2024-08-12 16:05:19.024,6.99,2.0,-0.1543285714285714,14,-0.0816285714285714,14,-0.1735071428571428,14
FLAB12,2024-09-12,0.064,7.21,6.39,0.005,8.1,0.008,30.7,1.1,1.3,3.0,31.8,25.140369,-80.716119,S2B_MSIL2A_20241001T160509_N0511_R054_T17RNH_20241001T210909,2024-10-01 16:05:09.024,5.16,19.0,-0.1073714285714285,14,-0.05045,14,-0.1349142857142857,14
FLAB12,2024-10-14,0.064,17.6,6.56,0.006,7.9,0.017,27.1,0.7,1.57,4.7,27.1,25.140369,-80.716119,S2B_MSIL2A_20241001T160509_N0511_R054_T17RNH_20241001T210909,2024-10-01 16:05:09.024,5.16,12.0,-0.1073714285714285,14,-0.05045,14,-0.1349142857142857,14
FLAB12,2024-11-14,0.17,2.12,7.13,0.011,8.1,0.005,21.0,1.3,0.866,4.4,24.0,25.140369,-80.716119,S2A_MSIL2A_20241115T160511_N0511_R054_T17RNH_20241115T205649,2024-11-15 16:05:11.024,4.75,1.0,-0.1895071428571428,14,-0.0897714285714285,14,-0.1677857142857143,14
FLAB12,2024-12-09,0.056,1.53,8.66,0.007,8.2,0.006,24.3,1.1,0.858,2.6,21.0,25.140369,-80.716119,S2A_MSIL2A_20241115T160511_N0511_R054_T17RNH_20241115T205649,2024-11-15 16:05:11.024,4.75,23.0,-0.1895071428571428,14,-0.0897714285714285,14,-0.1677857142857143,14
FLAB12,2025-01-27,0.142,1.14,8.56,0.008,8.2,0.006,25.5,1.0,0.928,3.5,18.4,25.140369,-80.716119,S2B_MSIL2A_20250119T160509_N0511_R054_T17RNH_20250119T211653,2025-01-19 16:05:09.024,1.34,7.0,-0.3589714285714285,14,-0.1999,14,-0.2577142857142857,14
FLAB12,2025-02-05,0.11,1.67,6.95,0.006,8.2,0.009,25.8,1.2,0.988,3.7,25.4,25.140369,-80.716119,S2B_MSIL2A_20250119T160509_N0511_R054_T17RNH_20250119T211653,2025-01-19 16:05:09.024,1.34,16.0,-0.3589714285714285,14,-0.1999,14,-0.2577142857142857,14
FLAB12,2025-03-10,0.117,2.79,6.66,0.005,8.1,0.015,29.2,0.7,1.29,7.6,25.5,25.140369,-80.716119,S2B_MSIL2A_20250228T160509_N0511_R054_T17RNH_20250228T194642,2025-02-28 16:05:09.024,0.47,9.0,-0.3753928571428571,14,-0.1976142857142857,14,-0.2744714285714286,14
FLAB12,2025-04-28,0.063,0.179,6.88,0.005,8.2,0.002,34.1,0.8,0.96,1.4,26.9,25.140369,-80.716119,S2A_MSIL2A_20250416T160521_N0511_R054_T17RNH_20250417T013913,2025-04-16 16:05:21.024,4.846258,11.0,-0.0906642857142857,14,-0.0671714285714285,14,-0.0915214285714285,14
FLAB12,2025-05-27,0.163,0.267,5.51,0.005,8.0,0.004,37.1,1.3,1.09,2.1,30.1,25.140369,-80.716119,S2A_MSIL2A_20250526T160531_N0511_R054_T17RNH_20250526T203213,2025-05-26 16:05:31.024,2.662065,0.0,-0.2562142857142857,14,-0.1509,14,-0.1778357142857143,14
FLAB12,2025-06-18,0.153,0.235,5.98,0.006,8.1,0.006,36.0,1.2,1.14,1.5,29.9,25.140369,-80.716119,S2A_MSIL2A_20250615T160521_N0511_R054_T17RNH_20250615T222322,2025-06-15 16:05:21.024,8.885614,2.0,-0.2591857142857142,14,-0.1533214285714285,14,-0.2167357142857142,14
FLAB12,2025-07-17,0.289,0.571,4.73,0.005,7.8,0.005,40.6,0.9,1.4,1.0,28.6,25.140369,-80.716119,S2C_MSIL2A_20250802T160531_N0511_R054_T17RNH_20250802T202613,2025-08-02 16:05:31.025,4.725419,16.0,-0.2509071428571428,14,-0.1322785714285714,14,-0.2116285714285714,14
FLAB12,2025-08-18,0.099,0.24,6.09,0.005,8.1,0.004,41.4,1.4,1.21,1.1,33.0,25.140369,-80.716119,S2C_MSIL2A_20250822T160531_N0511_R054_T17RNH_20250822T205612,2025-08-22 16:05:31.025,4.462308,4.0,-0.2642571428571428,14,-0.1370928571428571,14,-0.1900357142857142,14
FLAB12,2025-09-15,0.152,1.31,4.95,0.005,8.0,0.01,33.3,1.1,1.07,0.7,30.9,25.140369,-80.716119,S2C_MSIL2A_20251001T160531_N0511_R054_T17RNH_20251001T205018,2025-10-01 16:05:31.025,1.61,16.0,-0.0661142857142857,14,-0.0273142857142857,14,-0.13065,14
FLAB12,2025-10-01,0.168,1.9,5.93,0.005,7.8,0.012,32.5,1.4,1.26,2.5,30.4,25.140369,-80.716119,S2C_MSIL2A_20251001T160531_N0511_R054_T17RNH_20251001T205018,2025-10-01 16:05:31.025,1.61,0.0,-0.0661142857142857,14,-0.0273142857142857,14,-0.13065,14
FLAB12,2025-12-11,0.23,0.842,6.23,0.006,7.9,0.008,29.6,1.3,1.22,3.2,22.2,25.140369,-80.716119,S2C_MSIL2A_20251220T160521_N0511_R054_T17RNH_20251220T191014,2025-12-20 16:05:21.025,10.66,9.0,-0.2172142857142857,14,-0.10435,14,-0.1935428571428571,14
FLAB13,2016-01-21,0.404,0.974,9.37,0.005,7.9,0.01,34.7,1.8,1.63,4.8,16.5,25.091419,-80.754781,S2A_MSIL2A_20160102T155642_N0500_R054_T17RNH_20231010T064726,2016-01-02 15:56:42.030,8.37,18.0,-0.0252333333333333,9,-0.0102777777777777,9,-0.0179333333333333,9
FLAB13,2016-02-16,0.282,1.16,7.13,0.005,8.1,0.009,30.9,2.2,1.18,0.7,21.5,25.091419,-80.754781,,,,,,0,,0,,0
FLAB13,2016-04-14,0.025,4.34,6.95,0.005,8.2,0.017,35.4,1.8,1.55,1.6,26.7,25.091419,-80.754781,S2A_MSIL2A_20160401T154922_N0500_R054_T17RNH_20231021T232321,2016-04-01 15:49:22.030,10.03,12.0,-0.0535555555555555,9,-0.0537555555555555,9,-0.031,9
FLAB13,2016-05-31,0.06,1.63,6.21,0.005,8.4,0.014,39.6,1.6,1.73,1.6,30.3,25.091419,-80.754781,S2A_MSIL2A_20160521T160522_N0500_R054_T17RNH_20231008T223616,2016-05-21 16:05:22.027,9.63,9.0,-0.0761444444444444,9,-0.0351444444444444,9,-0.0493555555555555,9
FLAB13,2016-06-29,0.03,0.632,5.09,0.005,8.2,0.011,38.2,2.2,1.11,1.2,31.1,25.091419,-80.754781,S2A_MSIL2A_20160630T160512_N0500_R054_T17RNH_20231015T211056,2016-06-30 16:05:12.027,18.46,1.0,-0.0558111111111111,9,-0.0246444444444444,9,-0.0434333333333333,9
FLAB13,2016-07-12,0.022,0.731,5.07,0.005,8.0,0.009,40.0,1.6,1.25,1.8,31.5,25.091419,-80.754781,S2A_MSIL2A_20160630T160512_N0500_R054_T17RNH_20231015T211056,2016-06-30 16:05:12.027,18.46,11.0,-0.0558111111111111,9,-0.0246444444444444,9,-0.0434333333333333,9
FLAB13,2016-08-25,0.033,4.68,3.57,0.005,8.0,0.012,40.9,1.8,1.77,1.6,31.1,25.091419,-80.754781,S2A_MSIL2A_20160918T160512_N0500_R054_T17RNH_20230930T023451,2016-09-18 16:05:12.026,14.25,24.0,-0.0274555555555555,9,-0.0113888888888888,9,-0.0687888888888888,9
FLAB13,2016-09-08,0.037,8.61,5.39,0.005,8.1,0.016,38.5,1.8,1.86,2.0,29.8,25.091419,-80.754781,S2A_MSIL2A_20160918T160512_N0500_R054_T17RNH_20230930T023451,2016-09-18 16:05:12.026,14.25,10.0,-0.0274555555555555,9,-0.0113888888888888,9,-0.0687888888888888,9
FLAB13,2016-10-24,0.02,15.3,6.45,0.005,8.0,0.031,36.2,1.6,2.35,4.6,23.6,25.091419,-80.754781,,,,,,0,,0,,0
FLAB13,2016-11-14,0.031,0.32,7.69,0.005,8.4,0.005,32.3,1.9,0.956,0.4,25.5,25.091419,-80.754781,S2A_MSIL2A_20161127T160512_N0500_R054_T17RNH_20230927T160903,2016-11-27 16:05:12.026,11.47,13.0,-0.0361444444444444,9,-0.0156888888888888,9,-0.0199666666666666,9
FLAB13,2016-12-21,0.034,0.916,6.09,0.005,8.3,0.006,29.4,2.7,1.14,2.0,25.0,25.091419,-80.754781,S2A_MSIL2A_20161127T160512_N0500_R054_T17RNH_20230927T160903,2016-11-27 16:05:12.026,11.47,23.0,-0.0361444444444444,9,-0.0156888888888888,9,-0.0199666666666666,9
FLAB13,2017-01-25,0.184,0.784,5.27,0.006,7.9,0.01,34.7,1.8,0.67,3.5,21.3,25.091419,-80.754781,S2A_MSIL2A_20170215T160511_N0500_R054_T17RNH_20230917T075421,2017-02-15 16:05:11.026,3.45,21.0,-0.0137111111111111,9,-0.0058111111111111,9,-0.0258222222222222,9
FLAB13,2017-02-20,0.098,0.263,5.98,0.005,8.0,0.013,37.0,1.5,0.749,1.3,24.8,25.091419,-80.754781,S2A_MSIL2A_20170215T160511_N0500_R054_T17RNH_20230917T075421,2017-02-15 16:05:11.026,3.45,4.0,-0.0137111111111111,9,-0.0058111111111111,9,-0.0258222222222222,9
FLAB13,2017-03-21,0.023,4.22,7.32,0.005,8.2,0.016,40.4,1.6,1.04,1.1,21.1,25.091419,-80.754781,S2A_MSIL2A_20170225T160511_N0500_R054_T17RNH_20230927T065507,2017-02-25 16:05:11.026,2.02,23.0,-0.0190111111111111,9,-0.008,9,-0.0282444444444444,9
FLAB13,2017-04-20,0.038,0.46,6.86,0.005,8.4,0.005,40.2,1.6,1.09,1.0,25.1,25.091419,-80.754781,,,,,,0,,0,,0
FLAB13,2017-05-08,0.032,0.437,6.22,0.005,8.3,0.009,41.3,3.7,1.1,0.6,25.7,25.091419,-80.754781,,,,,,0,,0,,0
FLAB13,2017-06-28,0.024,0.809,5.46,0.005,8.4,0.007,42.7,1.9,1.2,0.6,31.7,25.091419,-80.754781,S2A_MSIL2A_20170715T160511_N0500_R054_T17RNH_20230901T104819,2017-07-15 16:05:11.026,6.66,17.0,-0.0442666666666666,9,-0.0197111111111111,9,-0.0411777777777777,9
FLAB13,2017-07-24,0.021,0.585,4.58,0.005,8.3,0.006,44.3,1.6,1.26,0.8,30.8,25.091419,-80.754781,S2A_MSIL2A_20170715T160511_N0500_R054_T17RNH_20230901T104819,2017-07-15 16:05:11.026,6.66,8.0,-0.0442666666666666,9,-0.0197111111111111,9,-0.0411777777777777,9
FLAB13,2017-08-01,0.042,1.05,4.63,0.005,8.6,0.009,43.7,1.9,1.73,0.4,29.2,25.091419,-80.754781,S2A_MSIL2A_20170804T160511_N0500_R054_T17RNH_20230826T141136,2017-08-04 16:05:11.026,7.87,3.0,-0.0174,9,-0.0102666666666666,9,-0.0201444444444444,9
FLAB13,2017-09-18,0.11,4.61,4.8,0.005,7.3,0.017,33.6,1.6,1.42,3.4,29.6,25.091419,-80.754781,S2A_MSIL2A_20170913T160511_N0500_R054_T17RNH_20230825T160223,2017-09-13 16:05:11.026,18.56,4.0,-0.3570777777777777,9,-0.2272777777777777,9,-0.2274,9
FLAB13,2017-10-12,0.008,9.58,6.3,0.005,8.3,0.014,29.9,1.6,1.19,4.0,27.5,25.091419,-80.754781,S2A_MSIL2A_20171003T160511_N0500_R054_T17RNH_20230817T084655,2017-10-03 16:05:11.026,13.94,8.0,-0.0620444444444444,9,-0.0306666666666666,9,-0.0759444444444444,9
FLAB13,2017-11-16,0.021,12.9,7.59,0.005,8.0,0.026,26.7,0.8,1.58,9.0,24.7,25.091419,-80.754781,S2B_MSIL2A_20171107T160459_N0500_R054_T17RNH_20230721T141830,2017-11-07 16:04:59.027,7.26,8.0,-0.0619888888888888,9,-0.0281,9,-0.1115333333333333,9
FLAB13,2017-12-13,0.124,9.17,8.31,0.005,7.7,0.017,27.9,1.8,1.0,8.8,16.7,25.091419,-80.754781,S2A_MSIL2A_20171202T160511_N0500_R054_T17RNH_20230806T075400,2017-12-02 16:05:11.026,15.47,10.0,-0.0410222222222222,9,-0.0174444444444444,9,-0.0799888888888888,9
FLAB13,2018-01-16,0.061,7.51,8.4,0.005,8.2,0.019,30.0,1.1,1.25,3.7,18.2,25.091419,-80.754781,S2B_MSIL2A_20171227T160459_N0500_R054_T17RNH_20230720T070737,2017-12-27 16:04:59.027,6.53,19.0,-0.0134,9,-0.0064888888888888,9,-0.0004222222222222,9
FLAB13,2018-02-28,0.005,9.43,8.93,0.005,8.2,0.02,30.7,0.8,1.43,6.1,26.3,25.091419,-80.754781,S2B_MSIL2A_20180317T160509_N0500_R054_T17RNH_20230710T201059,2018-03-17 16:05:09.027,3.5,17.0,-0.0914,9,-0.0388333333333333,9,-0.0800777777777777,9
FLAB13,2018-03-01,0.014,6.86,7.77,0.005,8.2,0.019,30.5,0.6,1.4,5.2,26.1,25.091419,-80.754781,S2B_MSIL2A_20180317T160509_N0500_R054_T17RNH_20230710T201059,2018-03-17 16:05:09.027,3.5,16.0,-0.0914,9,-0.0388333333333333,9,-0.0800777777777777,9
FLAB13,2018-04-10,0.038,0.709,2.12,0.005,8.1,0.013,37.8,1.6,0.836,1.5,29.0,25.091419,-80.754781,S2A_MSIL2A_20180421T160511_N0500_R054_T17RNH_20230630T222736,2018-04-21 16:05:11.026,19.08,11.0,-0.0725111111111111,9,-0.0364,9,-0.0698,9
FLAB13,2018-05-22,0.07,0.638,4.64,0.005,7.9,0.01,36.1,1.6,0.951,1.0,24.3,25.091419,-80.754781,S2B_MSIL2A_20180605T160509_N0500_R054_T17RNH_20230715T182439,2018-06-05 16:05:09.024,13.59,14.0,-0.0623555555555555,9,-0.0358666666666666,9,-0.0535,9
FLAB13,2018-06-07,0.056,0.469,5.13,0.007,8.3,0.011,32.5,1.7,0.882,1.0,30.3,25.091419,-80.754781,S2B_MSIL2A_20180605T160509_N0500_R054_T17RNH_20230715T182439,2018-06-05 16:05:09.024,13.59,1.0,-0.0623555555555555,9,-0.0358666666666666,9,-0.0535,9
FLAB13,2018-07-10,0.021,0.343,6.95,0.005,8.2,0.007,33.9,1.8,0.706,0.7,32.0,25.091419,-80.754781,,,,,,0,,0,,0
FLAB13,2018-08-06,0.022,0.153,6.08,0.005,8.1,0.006,35.2,1.7,0.818,0.6,30.2,25.091419,-80.754781,S2A_MSIL2A_20180809T160511_N0500_R054_T17RNH_20230711T022345,2018-08-09 16:05:11.024,8.3,3.0,-0.0133111111111111,9,-0.0063666666666666,9,-0.0487111111111111,9
FLAB13,2018-09-06,0.009,3.66,6.49,0.005,8.0,0.011,34.1,1.9,1.23,2.5,29.1,25.091419,-80.754781,S2A_MSIL2A_20180928T160511_N0510_R054_T17RNH_20250531T034550,2018-09-28 16:05:11.024,3.004363,22.0,-0.0146666666666666,9,-0.0069111111111111,9,-0.0707333333333333,9
FLAB13,2018-10-03,0.008,13.9,5.36,0.005,8.0,0.028,36.4,1.1,1.94,5.0,27.7,25.091419,-80.754781,S2A_MSIL2A_20180928T160511_N0510_R054_T17RNH_20250531T034550,2018-09-28 16:05:11.024,3.004363,4.0,-0.0146666666666666,9,-0.0069111111111111,9,-0.0707333333333333,9
FLAB13,2018-11-05,0.005,6.16,6.53,0.005,8.1,0.027,33.5,0.7,1.75,4.9,26.6,25.091419,-80.754781,S2A_MSIL2A_20181018T160511_N0500_R054_T17RNH_20230706T010334,2018-10-18 16:05:11.024,8.03,17.0,-0.0919777777777777,9,-0.0420444444444444,9,-0.0644555555555555,9
FLAB13,2018-12-17,0.005,5.74,7.91,0.005,8.2,0.016,36.2,1.2,0.83,1.8,22.1,25.091419,-80.754781,S2A_MSIL2A_20181217T160501_N0500_R054_T17RNH_20230630T025600,2018-12-17 16:05:01.024,3.73,0.0,-0.0254,9,-0.0105555555555555,9,-0.0464333333333333,9
FLAB13,2019-01-29,0.019,0.78,7.77,0.005,8.0,0.008,34.6,1.6,0.575,1.7,18.3,25.091419,-80.754781,S2B_MSIL2A_20190131T160509_N0500_R054_T17RNH_20221203T130314,2019-01-31 16:05:09.024,10.99,2.0,-0.0969888888888888,9,-0.0420777777777777,9,-0.0787666666666666,9
FLAB13,2019-02-26,0.034,0.348,6.39,0.005,8.0,0.008,5.99,1.6,2.15,0.9,25.3,25.091419,-80.754781,S2B_MSIL2A_20190302T160509_N0500_R054_T17RNH_20221114T204209,2019-03-02 16:05:09.024,3.51,4.0,-0.0826,9,-0.0335111111111111,9,-0.0726444444444444,9
FLAB13,2019-03-05,0.022,0.663,6.33,0.005,8.0,0.011,36.0,1.6,1.01,0.8,27.7,25.091419,-80.754781,S2B_MSIL2A_20190302T160509_N0500_R054_T17RNH_20221114T204209,2019-03-02 16:05:09.024,3.51,2.0,-0.0826,9,-0.0335111111111111,9,-0.0726444444444444,9
FLAB13,2019-04-15,0.02,0.492,6.45,0.005,8.4,0.007,39.6,1.9,1.15,1.0,28.0,25.091419,-80.754781,S2A_MSIL2A_20190416T160511_N0500_R054_T17RNH_20221023T193830,2019-04-16 16:05:11.024,0.71,1.0,-0.0376666666666666,9,-0.0187888888888888,9,-0.0535111111111111,9
FLAB13,2019-05-14,0.028,1.58,6.8,0.005,8.2,0.012,41.4,1.5,1.03,1.1,29.5,25.091419,-80.754781,S2A_MSIL2A_20190526T160511_N0500_R054_T17RNH_20221211T081521,2019-05-26 16:05:11.024,5.48,12.0,-0.0175222222222222,9,-0.0102,9,-0.0417222222222222,9
FLAB13,2019-06-11,0.007,1.75,7.61,0.005,7.8,0.012,40.8,1.8,0.956,0.9,29.8,25.091419,-80.754781,S2A_MSIL2A_20190625T160521_N0500_R054_T17RNH_20230508T164541,2019-06-25 16:05:21.024,2.13,14.0,-0.0657666666666666,9,-0.0307222222222222,9,-0.0498222222222222,9
FLAB13,2019-07-29,0.052,0.4,10.1,0.005,8.0,0.01,37.8,2.0,0.988,1.0,32.1,25.091419,-80.754781,S2B_MSIL2A_20190819T160519_N0500_R054_T17RNH_20230505T071445,2019-08-19 16:05:19.024,12.15,21.0,-0.0684222222222222,9,-0.0773444444444444,9,-0.0137444444444444,9
FLAB13,2019-08-08,0.028,0.416,6.96,0.005,8.1,0.009,37.3,2.0,0.81,1.0,31.4,25.091419,-80.754781,S2B_MSIL2A_20190819T160519_N0500_R054_T17RNH_20230505T071445,2019-08-19 16:05:19.024,12.15,11.0,-0.0684222222222222,9,-0.0773444444444444,9,-0.0137444444444444,9
FLAB13,2019-09-10,0.036,0.379,5.77,0.005,8.1,0.007,37.1,1.5,0.753,0.6,30.3,25.091419,-80.754781,S2B_MSIL2A_20190918T160509_N0500_R054_T17RNH_20230501T120457,2019-09-18 16:05:09.024,8.33,8.0,-0.0754222222222222,9,-0.0352333333333333,9,-0.0478666666666666,9
FLAB13,2019-10-08,0.06,1.49,5.05,0.005,7.8,0.008,41.8,2.2,1.14,1.8,27.2,25.091419,-80.754781,S2A_MSIL2A_20191013T160511_N0500_R054_T17RNH_20230614T052238,2019-10-13 16:05:11.024,9.57,5.0,-0.0874555555555555,9,-0.0410555555555555,9,-0.0494666666666666,9
FLAB13,2019-11-07,0.048,0.542,6.12,0.005,8.1,0.005,39.2,1.8,1.07,1.3,27.7,25.091419,-80.754781,S2A_MSIL2A_20191013T160511_N0500_R054_T17RNH_20230614T052238,2019-10-13 16:05:11.024,9.57,24.0,-0.0874555555555555,9,-0.0410555555555555,9,-0.0494666666666666,9
FLAB13,2019-12-05,0.032,0.324,6.53,0.005,8.1,0.008,37.9,1.8,0.617,0.5,21.2,25.091419,-80.754781,S2B_MSIL2A_20191207T160509_N0500_R054_T17RNH_20230525T143258,2019-12-07 16:05:09.024,9.01,2.0,-0.0514222222222222,9,-0.0212666666666666,9,-0.0345111111111111,9
FLAB13,2020-01-23,0.067,0.316,8.31,0.005,7.8,0.005,38.9,2.7,0.971,0.8,16.0,25.091419,-80.754781,S2B_MSIL2A_20200126T160509_N0500_R054_T17RNH_20230424T055929,2020-01-26 16:05:09.024,0.01,3.0,-0.0923111111111111,9,-0.0394555555555555,9,-0.0659111111111111,9
FLAB13,2020-02-03,0.05,0.444,7.09,0.005,8.1,0.008,35.8,1.6,0.832,0.9,19.1,25.091419,-80.754781,S2B_MSIL2A_20200126T160509_N0500_R054_T17RNH_20230424T055929,2020-01-26 16:05:09.024,0.01,7.0,-0.0923111111111111,9,-0.0394555555555555,9,-0.0659111111111111,9
FLAB13,2020-03-05,0.039,0.327,6.97,0.005,8.3,0.01,36.0,1.4,0.854,0.6,24.3,25.091419,-80.754781,S2B_MSIL2A_20200326T160509_N0500_R054_T17RNH_20230409T144543,2020-03-26 16:05:09.024,3.76,21.0,-0.0975,9,-0.0428,9,-0.0637444444444444,9
FLAB13,2020-04-01,0.054,0.37,8.57,0.005,8.2,0.009,42.1,1.5,1.13,0.8,27.1,25.091419,-80.754781,S2B_MSIL2A_20200326T160509_N0500_R054_T17RNH_20230409T144543,2020-03-26 16:05:09.024,3.76,5.0,-0.0975,9,-0.0428,9,-0.0637444444444444,9
FLAB13,2020-05-05,0.024,0.327,3.5,0.005,8.2,0.007,39.7,1.5,0.637,0.6,27.4,25.091419,-80.754781,S2B_MSIL2A_20200505T160509_N0500_R054_T17RNH_20230331T132201,2020-05-05 16:05:09.024,13.21,0.0,-0.1097444444444444,9,-0.0573666666666666,9,-0.0669888888888888,9
FLAB13,2020-06-01,0.022,0.238,5.55,0.005,8.6,0.007,39.7,1.6,0.992,0.5,30.6,25.091419,-80.754781,S2A_MSIL2A_20200609T160521_N0500_R054_T17RNH_20230412T130437,2020-06-09 16:05:21.024,11.27,8.0,-0.0741333333333333,9,-0.0400333333333333,9,-0.0625666666666666,9
FLAB13,2020-07-16,0.052,0.439,5.17,0.005,8.1,0.007,39.0,1.4,0.739,0.6,30.4,25.091419,-80.754781,S2A_MSIL2A_20200719T160521_N0500_R054_T17RNH_20230323T200138,2020-07-19 16:05:21.024,15.5,3.0,-0.0069777777777777,9,-0.0035111111111111,9,-0.037,9
FLAB13,2020-08-13,0.013,6.0,5.81,0.005,8.3,0.014,41.6,1.0,1.76,2.4,31.4,25.091419,-80.754781,S2B_MSIL2A_20200813T160519_N0500_R054_T17RNH_20230317T064934,2020-08-13 16:05:19.024,8.8,0.0,-0.0557222222222222,9,-0.0282444444444444,9,-0.0500555555555555,9
FLAB13,2020-09-01,,2.97,4.66,,8.2,,42.5,1.6,,,32.1,25.091419,-80.754781,S2B_MSIL2A_20200813T160519_N0500_R054_T17RNH_20230317T064934,2020-08-13 16:05:19.024,8.8,18.0,-0.0557222222222222,9,-0.0282444444444444,9,-0.0500555555555555,9
FLAB13,2020-10-12,0.046,0.43,6.98,0.005,8.2,0.006,36.8,1.8,0.981,0.7,30.5,25.091419,-80.754781,S2B_MSIL2A_20201012T160519_N0500_R054_T17RNH_20230307T135614,2020-10-12 16:05:19.024,7.31,0.0,-0.1106888888888888,9,-0.0486666666666666,9,-0.0551333333333333,9
FLAB13,2020-11-12,0.196,0.448,5.92,0.005,8.0,0.004,23.2,1.8,0.841,1.9,25.4,25.091419,-80.754781,S2A_MSIL2A_20201126T160511_N0500_R054_T17RNH_20230304T135940,2020-11-26 16:05:11.024,7.4,14.0,-0.0665111111111111,9,-0.0285777777777777,9,-0.0565222222222222,9
FLAB13,2020-12-09,0.016,5.21,8.47,0.005,8.4,0.012,22.7,1.4,0.925,1.9,17.4,25.091419,-80.754781,S2A_MSIL2A_20201126T160511_N0500_R054_T17RNH_20230304T135940,2020-11-26 16:05:11.024,7.4,12.0,-0.0665111111111111,9,-0.0285777777777777,9,-0.0565222222222222,9
FLAB13,2021-01-07,0.049,0.247,7.47,0.005,8.3,0.006,25.8,1.5,0.851,0.5,20.4,25.091419,-80.754781,S2A_MSIL2A_20210105T160511_N0500_R054_T17RNH_20230224T230042,2021-01-05 16:05:11.024,0.15,1.0,-0.0617222222222222,9,-0.0274333333333333,9,-0.0697777777777777,9
FLAB13,2021-02-08,0.03,0.345,7.78,0.005,8.1,0.008,28.6,1.5,0.409,0.9,23.3,25.091419,-80.754781,S2B_MSIL2A_20210301T160509_N0500_R054_T17RNH_20230513T142932,2021-03-01 16:05:09.024,5.26,21.0,-0.1196222222222222,9,-0.0558333333333333,9,-0.0784555555555555,9
FLAB13,2021-03-17,0.044,0.281,7.43,0.005,8.4,0.008,30.8,1.9,0.797,0.5,25.2,25.091419,-80.754781,S2B_MSIL2A_20210331T160509_N0500_R054_T17RNH_20230519T193433,2021-03-31 16:05:09.024,4.3,14.0,-0.1242555555555555,9,-0.0711111111111111,9,-0.0812666666666666,9
FLAB13,2021-04-06,0.027,0.16,7.49,0.005,8.4,0.006,33.5,1.4,0.928,0.9,22.0,25.091419,-80.754781,S2B_MSIL2A_20210331T160509_N0500_R054_T17RNH_20230519T193433,2021-03-31 16:05:09.024,4.3,5.0,-0.1242555555555555,9,-0.0711111111111111,9,-0.0812666666666666,9
FLAB13,2021-05-24,0.034,0.261,6.5,0.005,8.4,0.005,37.4,1.5,1.03,0.9,25.1,25.091419,-80.754781,S2B_MSIL2A_20210510T160509_N0500_R054_T17RNH_20230208T043056,2021-05-10 16:05:09.024,3.55,13.0,-0.1027222222222222,9,-0.0571222222222222,9,-0.0805333333333333,9
FLAB13,2021-06-21,0.035,0.414,6.61,0.005,8.2,0.005,38.0,1.4,0.956,0.6,30.8,25.091419,-80.754781,S2B_MSIL2A_20210609T160509_N0500_R054_T17RNH_20230128T121728,2021-06-09 16:05:09.024,11.23,11.0,-0.1312555555555555,9,-0.0796666666666666,9,-0.0713555555555555,9
FLAB13,2021-07-01,0.044,0.295,6.43,0.005,8.3,0.007,36.3,1.5,0.972,0.5,28.3,25.091419,-80.754781,S2A_MSIL2A_20210704T160511_N0500_R054_T17RNH_20230129T022912,2021-07-04 16:05:11.024,4.55,3.0,-0.0889555555555555,9,-0.0411555555555555,9,-0.0786666666666666,9
FLAB13,2021-08-19,0.027,0.364,6.34,0.005,8.2,0.006,36.0,2.8,1.1,0.5,30.5,25.091419,-80.754781,S2B_MSIL2A_20210818T160509_N0500_R054_T17RNH_20230117T162001,2021-08-18 16:05:09.024,6.15,0.0,-0.0802222222222222,9,-0.0786111111111111,9,0.0013666666666666,9
FLAB13,2021-09-21,0.122,0.473,3.19,0.005,7.6,0.006,36.8,,1.11,0.4,30.0,25.091419,-80.754781,S2B_MSIL2A_20210927T160509_N0500_R054_T17RNH_20230115T060558,2021-09-27 16:05:09.024,2.58,6.0,-0.0930222222222222,9,-0.0410111111111111,9,-0.0768777777777777,9
FLAB13,2021-10-13,0.056,0.357,6.74,0.005,8.1,0.007,37.7,1.7,1.17,1.0,28.9,25.091419,-80.754781,S2B_MSIL2A_20211017T160509_N0500_R054_T17RNH_20230105T060942,2021-10-17 16:05:09.024,1.5,4.0,-0.1153777777777777,9,-0.0514888888888888,9,-0.0739222222222222,9
FLAB13,2021-11-15,0.283,0.377,6.0,0.01,7.9,0.011,35.8,1.6,1.0,1.2,22.8,25.091419,-80.754781,S2B_MSIL2A_20211126T160509_N0500_R054_T17RNH_20221231T133627,2021-11-26 16:05:09.024,7.91,11.0,-0.1060777777777777,9,-0.0475111111111111,9,-0.0691333333333333,9
FLAB13,2021-12-27,0.05,9.12,7.94,0.005,8.0,0.021,32.6,1.0,1.24,3.3,23.4,25.091419,-80.754781,S2A_MSIL2A_20211231T160511_N0500_R054_T17RNH_20221227T085604,2021-12-31 16:05:11.024,1.67,4.0,-0.0624333333333333,9,-0.0272777777777777,9,-0.0734222222222222,9
FLAB13,2022-01-18,0.11,0.756,6.58,0.006,7.8,0.01,32.7,1.6,0.569,2.7,18.5,25.091419,-80.754781,S2A_MSIL2A_20220130T160511_N0510_R054_T17RNH_20240508T134151,2022-01-30 16:05:11.024,4.314916,12.0,-0.2017333333333333,9,-0.1000888888888889,9,-0.1349333333333333,9
FLAB13,2022-02-08,0.128,0.336,5.48,0.005,8.1,0.009,34.1,1.5,0.776,1.0,24.1,25.091419,-80.754781,S2A_MSIL2A_20220130T160511_N0510_R054_T17RNH_20240508T134151,2022-01-30 16:05:11.024,4.314916,8.0,-0.2017333333333333,9,-0.1000888888888889,9,-0.1349333333333333,9
FLAB13,2022-03-28,0.081,0.334,6.85,0.005,8.2,0.01,36.3,1.5,1.08,1.2,22.8,25.091419,-80.754781,S2A_MSIL2A_20220301T160521_N0510_R054_T17RNH_20240517T125255,2022-03-01 16:05:21.024,6.624457,26.0,-0.1020777777777777,9,-0.0469111111111111,9,-0.0824222222222222,9
FLAB13,2022-04-07,0.092,0.757,6.46,0.005,8.2,0.012,37.7,1.5,1.17,1.6,28.8,25.091419,-80.754781,S2B_MSIL2A_20220425T160509_N0510_R054_T17RNH_20240605T092546,2022-04-25 16:05:09.024,11.56,18.0,-0.1369222222222222,9,-0.0806333333333333,9,-0.0809,9
FLAB13,2022-05-25,0.034,2.8,6.36,0.005,8.3,0.01,41.9,1.6,1.27,2.1,28.3,25.091419,-80.754781,S2B_MSIL2A_20220515T160509_N0510_R054_T17RNH_20240627T105215,2022-05-15 16:05:09.024,5.97,9.0,-0.0568,9,-0.0231777777777777,9,-0.0626777777777777,9
FLAB13,2022-06-22,0.006,19.0,6.48,0.005,8.0,0.022,34.8,0.8,1.77,3.6,29.1,25.091419,-80.754781,S2A_MSIL2A_20220629T160521_N0510_R054_T17RNH_20240628T194938,2022-06-29 16:05:21.024,4.056241,7.0,-0.0538555555555555,9,-0.0246,9,-0.0772333333333333,9
FLAB13,2022-07-07,0.012,9.19,6.3,0.005,8.2,0.028,36.5,0.7,1.92,4.3,30.6,25.091419,-80.754781,S2A_MSIL2A_20220629T160521_N0510_R054_T17RNH_20240628T194938,2022-06-29 16:05:21.024,4.056241,7.0,-0.0538555555555555,9,-0.0246,9,-0.0772333333333333,9
FLAB13,2022-08-18,0.049,0.96,5.63,0.005,8.1,0.008,38.3,2.1,1.12,1.0,32.1,25.091419,-80.754781,S2A_MSIL2A_20220818T160521_N0510_R054_T17RNH_20240629T103659,2022-08-18 16:05:21.024,4.266037,0.0,-0.0968777777777777,9,-0.0441444444444444,9,-0.0746444444444444,9
FLAB13,2022-09-08,0.01,3.52,5.28,0.005,8.0,0.016,40.3,1.2,1.57,2.8,31.9,25.091419,-80.754781,S2B_MSIL2A_20220902T160509_N0510_R054_T17RNH_20240719T005650,2022-09-02 16:05:09.024,4.340765,5.0,-0.0955,9,-0.0467777777777777,9,-0.0667333333333333,9
FLAB13,2022-10-20,0.017,22.8,6.77,0.005,8.0,0.025,32.2,0.8,1.89,4.3,24.0,25.091419,-80.754781,S2B_MSIL2A_20221022T160509_N0510_R054_T17RNH_20240729T211221,2022-10-22 16:05:09.024,18.645181,2.0,-0.0413777777777777,9,-0.0184444444444444,9,-0.0594111111111111,9
FLAB13,2022-11-22,0.046,11.6,5.9,0.005,8.0,0.018,33.4,0.9,1.45,2.8,23.9,25.091419,-80.754781,S2B_MSIL2A_20221211T160509_N0510_R054_T17RNH_20240806T114151,2022-12-11 16:05:09.024,0.090929,19.0,-0.0952333333333333,9,-0.0418444444444444,9,-0.0620111111111111,9
FLAB13,2022-12-19,0.061,5.98,7.32,0.005,8.1,0.009,32.6,1.5,1.15,2.3,23.6,25.091419,-80.754781,S2B_MSIL2A_20221211T160509_N0510_R054_T17RNH_20240806T114151,2022-12-11 16:05:09.024,0.090929,7.0,-0.0952333333333333,9,-0.0418444444444444,9,-0.0620111111111111,9
FLAB13,2023-01-30,0.105,0.368,7.33,0.005,8.0,0.007,33.5,1.8,0.83,0.7,23.9,25.091419,-80.754781,S2A_MSIL2A_20230125T160511_N0510_R054_T17RNH_20240807T063957,2023-01-25 16:05:11.024,8.66,4.0,-0.0708555555555555,9,-0.0308222222222222,9,-0.0779777777777777,9
FLAB13,2023-02-16,0.087,0.233,6.88,0.005,8.1,0.008,34.7,1.8,1.07,1.1,22.4,25.091419,-80.754781,S2B_MSIL2A_20230301T160509_N0510_R054_T17RNH_20240817T102704,2023-03-01 16:05:09.025,0.13,13.0,-0.0943666666666666,9,-0.0400666666666666,9,-0.0943888888888889,9
FLAB13,2023-03-14,0.063,0.219,5.36,0.005,8.2,0.006,37.3,2.0,0.626,1.2,26.0,25.091419,-80.754781,S2B_MSIL2A_20230301T160509_N0510_R054_T17RNH_20240817T102704,2023-03-01 16:05:09.025,0.13,12.0,-0.0943666666666666,9,-0.0400666666666666,9,-0.0943888888888889,9
FLAB13,2023-04-13,0.107,0.238,6.5,0.005,8.1,0.008,37.5,1.9,1.01,2.1,24.6,25.091419,-80.754781,S2A_MSIL2A_20230415T160511_N0510_R054_T17RNH_20240830T092006,2023-04-15 16:05:11.024,6.0,2.0,-0.1439666666666667,9,-0.0712,9,-0.0987,9
FLAB13,2023-05-11,0.094,0.55,4.54,0.005,8.1,0.012,41.9,1.8,0.838,0.8,28.5,25.091419,-80.754781,S2A_MSIL2A_20230515T160511_N0510_R054_T17RNH_20240810T080114,2023-05-15 16:05:11.024,9.75,4.0,-0.102,9,-0.0786444444444444,9,-0.0599666666666666,9
FLAB13,2023-06-12,0.039,0.535,6.01,0.005,8.2,0.012,37.4,2.0,0.681,1.3,30.9,25.091419,-80.754781,S2A_MSIL2A_20230614T160511_N0510_R054_T17RNH_20240910T072424,2023-06-14 16:05:11.024,11.47,2.0,-0.0876444444444444,9,-0.0466333333333333,9,-0.0455666666666666,9
FLAB13,2023-07-27,0.042,0.36,4.85,0.005,8.0,0.012,38.5,1.7,0.935,0.8,28.6,25.091419,-80.754781,S2A_MSIL2A_20230724T160511_N0510_R054_T17RNH_20240820T071355,2023-07-24 16:05:11.024,5.24,2.0,-0.0712222222222222,9,-0.0364777777777777,9,-0.0712444444444444,9
FLAB13,2023-08-09,0.056,0.496,5.8,0.005,8.1,0.01,39.6,2.0,0.96,0.8,33.7,25.091419,-80.754781,S2A_MSIL2A_20230724T160511_N0510_R054_T17RNH_20240820T071355,2023-07-24 16:05:11.024,5.24,15.0,-0.0712222222222222,9,-0.0364777777777777,9,-0.0712444444444444,9
FLAB13,2023-09-27,0.019,8.02,6.38,0.005,8.2,0.012,37.4,1.4,1.26,2.5,29.3,25.091419,-80.754781,S2B_MSIL2A_20231007T160509_N0510_R054_T17RNH_20241022T112823,2023-10-07 16:05:09.024,1.06,10.0,-0.0904777777777777,9,-0.0395888888888888,9,-0.0674666666666666,9
FLAB13,2023-10-11,0.011,3.38,5.57,0.005,8.1,0.012,36.3,1.5,1.4,2.1,29.9,25.091419,-80.754781,S2B_MSIL2A_20231007T160509_N0510_R054_T17RNH_20241022T112823,2023-10-07 16:05:09.024,1.06,3.0,-0.0904777777777777,9,-0.0395888888888888,9,-0.0674666666666666,9
FLAB13,2023-11-13,0.116,0.739,7.11,0.005,8.1,0.005,34.5,2.0,1.06,1.5,27.5,25.091419,-80.754781,S2A_MSIL2A_20231121T160511_N0510_R054_T17RNH_20241020T231123,2023-11-21 16:05:11.024,8.03,8.0,-0.0728,9,-0.0395555555555555,9,-0.0504333333333333,9
FLAB13,2023-12-12,0.118,0.966,7.69,0.005,8.2,0.005,26.0,1.8,0.974,1.1,20.6,25.091419,-80.754781,S2A_MSIL2A_20231231T160511_N0510_R054_T17RNH_20231231T210949,2023-12-31 16:05:11.024,0.01,19.0,-0.0800555555555555,9,-0.0351333333333333,9,-0.0671222222222222,9
FLAB13,2024-01-08,0.169,0.476,7.22,0.006,8.2,0.006,21.6,1.7,0.955,1.0,20.2,25.091419,-80.754781,S2A_MSIL2A_20231231T160511_N0510_R054_T17RNH_20231231T210949,2023-12-31 16:05:11.024,0.01,7.0,-0.0800555555555555,9,-0.0351333333333333,9,-0.0671222222222222,9
FLAB13,2024-02-08,0.005,4.4,7.77,0.005,8.3,0.011,28.5,1.4,0.832,3.0,18.4,25.091419,-80.754781,S2A_MSIL2A_20240130T160511_N0510_R054_T17RNH_20240130T210100,2024-01-30 16:05:11.024,3.12,8.0,-0.1003555555555555,9,-0.0453888888888888,9,-0.0914222222222222,9
FLAB13,2024-03-04,0.049,0.588,6.53,0.005,8.3,0.007,29.8,1.6,0.746,1.0,26.7,25.091419,-80.754781,S2B_MSIL2A_20240315T160509_N0510_R054_T17RNH_20240315T200115,2024-03-15 16:05:09.024,8.77,11.0,-0.0982888888888889,9,-0.0455333333333333,9,-0.0746888888888888,9
FLAB13,2024-04-04,0.02,0.827,5.86,0.005,8.4,0.009,31.4,2.2,0.896,2.5,26.2,25.091419,-80.754781,S2A_MSIL2A_20240409T160511_N0510_R054_T17RNH_20240409T221856,2024-04-09 16:05:11.024,8.95,5.0,-0.0612444444444444,9,-0.0329111111111111,9,-0.0575444444444444,9
FLAB13,2024-05-13,0.048,0.861,6.52,0.005,8.3,0.0055,30.7,2.0,0.94,0.7,30.4,25.091419,-80.754781,S2A_MSIL2A_20240509T160511_N0510_R054_T17RNH_20240509T224244,2024-05-09 16:05:11.024,3.91,3.0,-0.1014666666666666,9,-0.0530444444444444,9,-0.0677555555555555,9
FLAB13,2024-06-04,0.017,3.47,6.18,0.005,8.2,0.009,36.5,2.0,1.12,1.6,28.6,25.091419,-80.754781,S2A_MSIL2A_20240529T160511_N0510_R054_T17RNH_20240529T221346,2024-05-29 16:05:11.024,4.6,5.0,-0.0879666666666666,9,-0.0415,9,-0.0662222222222222,9
FLAB13,2024-07-15,0.005,13.5,6.1,0.005,8.1,0.016,35.1,1.1,1.5,2.5,30.5,25.091419,-80.754781,S2A_MSIL2A_20240628T160511_N0510_R054_T17RNH_20240628T223450,2024-06-28 16:05:11.024,3.75,16.0,-0.0345333333333333,9,-0.0167888888888888,9,-0.0536444444444444,9
FLAB13,2024-08-15,0.008,19.2,5.3,0.005,8.3,0.023,37.8,0.7,1.86,3.8,33.0,25.091419,-80.754781,S2B_MSIL2A_20240812T160519_N0511_R054_T17RNH_20240812T194800,2024-08-12 16:05:19.024,6.99,2.0,-0.0560444444444444,9,-0.0299111111111111,9,-0.0604888888888888,9
FLAB13,2024-09-12,0.015,15.9,5.82,0.005,8.1,0.018,36.2,0.7,1.77,3.5,31.7,25.091419,-80.754781,S2B_MSIL2A_20241001T160509_N0511_R054_T17RNH_20241001T210909,2024-10-01 16:05:09.024,5.16,19.0,-0.0838777777777777,9,-0.0383555555555555,9,-0.0789,9
FLAB13,2024-10-14,0.005,28.8,6.84,0.005,8.0,0.022,28.7,0.7,1.82,5.2,26.6,25.091419,-80.754781,S2B_MSIL2A_20241001T160509_N0511_R054_T17RNH_20241001T210909,2024-10-01 16:05:09.024,5.16,12.0,-0.0838777777777777,9,-0.0383555555555555,9,-0.0789,9
FLAB13,2024-11-14,0.134,1.01,7.08,0.008,8.1,0.007,25.4,2.0,0.764,1.3,25.6,25.091419,-80.754781,S2A_MSIL2A_20241115T160511_N0511_R054_T17RNH_20241115T205649,2024-11-15 16:05:11.024,4.75,1.0,-0.1105555555555555,9,-0.0495666666666666,9,-0.0605777777777777,9
FLAB13,2024-12-09,0.03,0.84,8.01,0.005,8.2,0.005,25.8,1.7,0.858,1.1,20.7,25.091419,-80.754781,S2A_MSIL2A_20241115T160511_N0511_R054_T17RNH_20241115T205649,2024-11-15 16:05:11.024,4.75,23.0,-0.1105555555555555,9,-0.0495666666666666,9,-0.0605777777777777,9
FLAB13,2025-01-27,0.05,2.5,8.25,0.005,8.2,0.008,27.8,1.7,0.907,2.6,17.8,25.091419,-80.754781,S2B_MSIL2A_20250119T160509_N0511_R054_T17RNH_20250119T211653,2025-01-19 16:05:09.024,1.34,7.0,-0.1094555555555555,9,-0.0490111111111111,9,-0.0815222222222222,9
FLAB13,2025-02-05,0.052,0.685,6.51,0.005,8.3,0.008,28.0,1.9,0.91,3.4,25.3,25.091419,-80.754781,S2B_MSIL2A_20250119T160509_N0511_R054_T17RNH_20250119T211653,2025-01-19 16:05:09.024,1.34,16.0,-0.1094555555555555,9,-0.0490111111111111,9,-0.0815222222222222,9
FLAB13,2025-03-10,0.014,1.84,6.9,0.005,8.3,0.01,34.0,1.4,0.812,2.0,25.1,25.091419,-80.754781,S2B_MSIL2A_20250228T160509_N0511_R054_T17RNH_20250228T194642,2025-02-28 16:05:09.024,0.47,9.0,-0.1076555555555555,9,-0.0477444444444444,9,-0.0968444444444444,9
FLAB13,2025-04-28,0.069,0.325,6.53,0.005,8.2,0.005,39.1,1.5,0.998,1.1,26.8,25.091419,-80.754781,S2A_MSIL2A_20250416T160521_N0511_R054_T17RNH_20250417T013913,2025-04-16 16:05:21.024,4.846258,11.0,-0.1170111111111111,9,-0.0548333333333333,9,-0.1009111111111111,9
FLAB13,2025-05-27,0.077,0.581,6.33,0.005,8.2,0.006,39.3,1.9,1.11,1.1,30.6,25.091419,-80.754781,S2A_MSIL2A_20250526T160531_N0511_R054_T17RNH_20250526T203213,2025-05-26 16:05:31.024,2.662065,0.0,-0.1345222222222222,9,-0.0814111111111111,9,-0.0910666666666666,9
FLAB13,2025-06-18,0.058,0.477,5.4,0.005,8.1,0.01,39.2,2.0,1.17,1.0,29.7,25.091419,-80.754781,S2A_MSIL2A_20250615T160521_N0511_R054_T17RNH_20250615T222322,2025-06-15 16:05:21.024,8.885614,2.0,-0.0921777777777777,9,-0.0527111111111111,9,-0.0806555555555555,9
FLAB13,2025-07-17,0.111,1.02,4.02,0.005,7.8,0.008,42.9,1.5,1.31,0.8,29.0,25.091419,-80.754781,S2C_MSIL2A_20250802T160531_N0511_R054_T17RNH_20250802T202613,2025-08-02 16:05:31.025,4.725419,16.0,-0.0756,9,-0.0506555555555555,9,-0.0586111111111111,9
FLAB13,2025-08-18,0.063,0.845,6.08,0.005,8.1,0.009,42.1,2.1,1.22,0.7,32.8,25.091419,-80.754781,S2C_MSIL2A_20250822T160531_N0511_R054_T17RNH_20250822T205612,2025-08-22 16:05:31.025,4.462308,4.0,-0.0864333333333333,9,-0.0400888888888888,9,-0.0684222222222222,9
FLAB13,2025-09-15,0.082,0.416,4.96,0.005,8.1,0.009,36.3,1.8,0.713,0.7,30.6,25.091419,-80.754781,S2C_MSIL2A_20251001T160531_N0511_R054_T17RNH_20251001T205018,2025-10-01 16:05:31.025,1.61,16.0,-0.0792,9,-0.0344666666666666,9,-0.0647444444444444,9
FLAB13,2025-10-01,0.041,0.267,5.4,0.005,8.0,0.005,35.9,2.2,0.824,0.8,29.1,25.091419,-80.754781,S2C_MSIL2A_20251001T160531_N0511_R054_T17RNH_20251001T205018,2025-10-01 16:05:31.025,1.61,0.0,-0.0792,9,-0.0344666666666666,9,-0.0647444444444444,9
FLAB13,2025-12-11,0.009,8.06,7.08,0.005,8.0,0.014,34.0,1.0,1.33,3.1,23.2,25.091419,-80.754781,S2C_MSIL2A_20251220T160521_N0511_R054_T17RNH_20251220T191014,2025-12-20 16:05:21.025,10.66,9.0,-0.0756555555555555,9,-0.0336777777777777,9,-0.0808666666666666,9
FLAB14,2016-01-21,0.798,1.63,8.54,0.005,7.8,0.016,34.6,1.3,1.9,2.0,16.6,25.150481,-80.809219,S2A_MSIL2A_20160102T155642_N0500_R054_T17RNH_20231010T064726,2016-01-02 15:56:42.030,8.37,18.0,0.0003555555555555,9,0.0001222222222222,9,-0.0369333333333333,9
FLAB14,2016-02-16,1.122,2.07,5.03,0.005,7.6,0.025,30.4,1.2,2.51,2.7,21.9,25.150481,-80.809219,,,,,,0,,0,,0
FLAB14,2016-04-14,0.742,2.07,3.16,0.005,7.7,0.023,37.5,0.7,2.44,1.3,27.4,25.150481,-80.809219,S2A_MSIL2A_20160401T154922_N0500_R054_T17RNH_20231021T232321,2016-04-01 15:49:22.030,10.03,12.0,-0.1737777777777777,9,-0.1032,9,-0.1446555555555555,9
FLAB14,2016-06-29,0.041,12.5,4.65,0.005,8.2,0.038,38.5,0.6,1.72,6.7,30.7,25.150481,-80.809219,S2A_MSIL2A_20160630T160512_N0500_R054_T17RNH_20231015T211056,2016-06-30 16:05:12.027,18.46,1.0,-0.0813444444444444,9,-0.0370333333333333,9,-0.1289444444444444,9
FLAB14,2016-08-25,0.021,15.5,3.01,0.005,7.9,0.033,37.7,0.7,1.91,10.3,29.9,25.150481,-80.809219,S2A_MSIL2A_20160918T160512_N0500_R054_T17RNH_20230930T023451,2016-09-18 16:05:12.026,14.25,24.0,-0.0871666666666666,9,-0.0390666666666666,9,-0.1524444444444444,9
FLAB14,2016-10-24,0.019,25.1,6.34,0.005,8.0,0.046,36.5,1.0,2.39,8.0,23.2,25.150481,-80.809219,,,,,,0,,0,,0
FLAB14,2016-12-21,0.318,1.57,4.33,0.005,7.9,0.015,28.1,1.3,1.44,2.9,24.4,25.150481,-80.809219,S2A_MSIL2A_20161127T160512_N0500_R054_T17RNH_20230927T160903,2016-11-27 16:05:12.026,11.47,23.0,-0.0469555555555555,9,-0.0206444444444444,9,-0.0862666666666666,9
FLAB14,2017-02-20,0.208,14.7,5.42,0.005,8.0,0.022,37.3,1.0,0.989,4.2,25.3,25.150481,-80.809219,S2A_MSIL2A_20170215T160511_N0500_R054_T17RNH_20230917T075421,2017-02-15 16:05:11.026,3.45,4.0,-0.0719444444444444,9,-0.0311666666666666,9,-0.1295888888888889,9
FLAB14,2017-04-20,0.042,0.583,7.17,0.005,8.4,0.009,40.1,1.1,1.27,1.9,24.8,25.150481,-80.809219,,,,,,0,,0,,0
FLAB14,2017-08-01,0.071,0.436,3.58,0.005,7.9,0.011,42.8,1.0,0.919,1.6,28.1,25.150481,-80.809219,S2A_MSIL2A_20170804T160511_N0500_R054_T17RNH_20230826T141136,2017-08-04 16:05:11.026,7.87,3.0,-0.0106,9,-0.0061888888888888,9,-0.0304222222222222,9
FLAB14,2017-10-12,0.193,17.6,3.54,0.008,7.8,0.062,21.5,0.4,2.66,11.4,26.6,25.150481,-80.809219,S2A_MSIL2A_20171003T160511_N0500_R054_T17RNH_20230817T084655,2017-10-03 16:05:11.026,13.94,8.0,-0.0562777777777777,9,-0.0374444444444444,9,-0.0656444444444444,9
FLAB14,2017-12-13,0.627,18.5,7.54,0.005,7.6,0.08,29.0,0.2,2.31,51.4,15.6,25.150481,-80.809219,S2A_MSIL2A_20171202T160511_N0500_R054_T17RNH_20230806T075400,2017-12-02 16:05:11.026,15.47,10.0,-0.0865333333333333,9,-0.0455666666666666,9,-0.2169666666666666,9
FLAB14,2018-02-28,0.005,31.1,8.82,0.005,8.2,0.054,29.5,0.3,2.67,14.9,26.2,25.150481,-80.809219,S2B_MSIL2A_20180317T160509_N0500_R054_T17RNH_20230710T201059,2018-03-17 16:05:09.027,3.5,17.0,-0.2209111111111111,9,-0.1067111111111111,9,-0.2797111111111111,9
FLAB14,2018-04-10,0.01,20.8,1.97,0.005,7.9,0.034,40.9,0.6,1.82,8.4,29.5,25.150481,-80.809219,S2A_MSIL2A_20180421T160511_N0500_R054_T17RNH_20230630T222736,2018-04-21 16:05:11.026,19.08,11.0,-0.1697888888888888,9,-0.0956666666666666,9,-0.2105333333333333,9
FLAB14,2018-06-07,0.477,11.9,4.7,0.005,8.1,0.033,28.1,0.6,1.88,8.5,29.2,25.150481,-80.809219,S2B_MSIL2A_20180605T160509_N0500_R054_T17RNH_20230715T182439,2018-06-05 16:05:09.024,13.59,1.0,-0.0821333333333333,9,-0.0409444444444444,9,-0.0675555555555555,9
FLAB14,2018-08-06,0.011,9.26,6.04,0.005,8.4,0.029,30.6,0.6,2.02,7.0,29.7,25.150481,-80.809219,S2A_MSIL2A_20180809T160511_N0500_R054_T17RNH_20230711T022345,2018-08-09 16:05:11.024,8.3,3.0,-0.0503111111111111,9,-0.0252222222222222,9,-0.1814555555555555,9
FLAB14,2018-10-03,0.027,15.9,5.25,0.005,8.3,0.046,37.6,0.3,2.96,10.7,27.6,25.150481,-80.809219,S2A_MSIL2A_20180928T160511_N0510_R054_T17RNH_20250531T034550,2018-09-28 16:05:11.024,3.004363,4.0,-0.0751222222222222,9,-0.0359222222222222,9,-0.2018555555555555,9
FLAB14,2018-12-17,0.013,25.0,7.84,0.005,8.1,0.055,36.2,0.2,2.31,14.8,21.9,25.150481,-80.809219,S2A_MSIL2A_20181217T160501_N0500_R054_T17RNH_20230630T025600,2018-12-17 16:05:01.024,3.73,0.0,-0.1034444444444444,9,-0.0503,9,-0.2135444444444444,9
FLAB14,2019-02-26,0.145,17.6,92.5,0.005,7.9,0.045,35.3,0.5,2.04,11.9,25.3,25.150481,-80.809219,S2B_MSIL2A_20190302T160509_N0500_R054_T17RNH_20221114T204209,2019-03-02 16:05:09.024,3.51,4.0,-0.0735555555555555,9,-0.0312222222222222,9,-0.1945222222222222,9
FLAB14,2019-04-15,0.026,19.5,6.45,0.005,8.2,0.041,40.0,0.25,2.14,12.7,28.0,25.150481,-80.809219,S2A_MSIL2A_20190416T160511_N0500_R054_T17RNH_20221023T193830,2019-04-16 16:05:11.024,0.71,1.0,-0.0818,9,-0.0428222222222222,9,-0.1661666666666666,9
FLAB14,2019-06-11,0.023,11.3,7.3,0.005,7.7,0.032,43.4,0.8,1.57,6.6,30.0,25.150481,-80.809219,S2A_MSIL2A_20190625T160521_N0500_R054_T17RNH_20230508T164541,2019-06-25 16:05:21.024,2.13,14.0,-0.1204666666666666,9,-0.0591111111111111,9,-0.1496222222222222,9
FLAB14,2019-08-08,0.03,8.33,6.07,0.005,8.1,0.022,34.9,0.8,1.39,4.3,31.7,25.150481,-80.809219,S2B_MSIL2A_20190819T160519_N0500_R054_T17RNH_20230505T071445,2019-08-19 16:05:19.024,12.15,11.0,-0.0742111111111111,9,-0.0454333333333333,9,-0.1244666666666666,9
FLAB14,2019-10-08,0.017,28.6,5.63,0.005,7.8,0.035,37.7,0.5,2.09,12.4,26.5,25.150481,-80.809219,S2A_MSIL2A_20191013T160511_N0500_R054_T17RNH_20230614T052238,2019-10-13 16:05:11.024,9.57,5.0,-0.1073125,8,-0.12435,8,-0.0547625,8
FLAB14,2019-12-05,0.046,1.94,7.64,0.005,8.1,0.012,37.0,0.8,0.763,2.9,19.8,25.150481,-80.809219,S2B_MSIL2A_20191207T160509_N0500_R054_T17RNH_20230525T143258,2019-12-07 16:05:09.024,9.01,2.0,-0.0808222222222222,9,-0.0413555555555555,9,-0.1518222222222222,9
FLAB14,2020-02-03,0.382,3.04,8.18,0.005,8.0,0.018,34.8,0.6,1.34,4.7,17.7,25.150481,-80.809219,S2B_MSIL2A_20200126T160509_N0500_R054_T17RNH_20230424T055929,2020-01-26 16:05:09.024,0.01,7.0,-0.1579888888888889,9,-0.0755,9,-0.1952111111111111,9
FLAB14,2020-04-01,0.011,8.86,7.99,0.005,8.2,0.036,46.6,0.8,1.9,9.4,26.8,25.150481,-80.809219,S2B_MSIL2A_20200326T160509_N0500_R054_T17RNH_20230409T144543,2020-03-26 16:05:09.024,3.76,5.0,-0.0884888888888889,9,-0.0413444444444444,9,-0.1505333333333333,9
FLAB14,2020-06-01,0.066,1.03,4.3,0.005,8.6,0.011,38.8,0.6,1.18,1.2,30.4,25.150481,-80.809219,S2A_MSIL2A_20200609T160521_N0500_R054_T17RNH_20230412T130437,2020-06-09 16:05:21.024,11.27,8.0,-0.0282444444444444,9,-0.0255444444444444,9,-0.0123777777777777,9
FLAB14,2020-08-13,0.05,2.94,5.28,0.005,8.1,0.012,41.1,0.7,1.57,1.6,31.3,25.150481,-80.809219,S2B_MSIL2A_20200813T160519_N0500_R054_T17RNH_20230317T064934,2020-08-13 16:05:19.024,8.8,0.0,-0.1568666666666666,9,-0.0797555555555555,9,-0.1992555555555555,9
FLAB14,2020-10-12,0.212,2.01,5.17,0.005,7.9,0.014,30.1,0.8,1.61,2.5,30.7,25.150481,-80.809219,S2B_MSIL2A_20201012T160519_N0500_R054_T17RNH_20230307T135614,2020-10-12 16:05:19.024,7.31,0.0,-0.0552,9,-0.0235666666666666,9,-0.1164111111111111,9
FLAB14,2020-12-09,0.023,0.617,8.31,0.005,8.2,0.01,29.4,0.6,0.64,4.6,16.1,25.150481,-80.809219,S2A_MSIL2A_20201126T160511_N0500_R054_T17RNH_20230304T135940,2020-11-26 16:05:11.024,7.4,12.0,-0.0222888888888888,9,-0.0093555555555555,9,-0.1651222222222222,9
FLAB14,2021-01-07,0.059,2.4,7.54,0.005,8.2,0.014,26.3,0.6,1.02,2.0,19.3,25.150481,-80.809219,S2A_MSIL2A_20210105T160511_N0500_R054_T17RNH_20230224T230042,2021-01-05 16:05:11.024,0.15,1.0,-0.1116444444444444,9,-0.0525666666666666,9,-0.2155111111111111,9
FLAB14,2021-03-17,0.063,0.471,6.71,0.005,8.3,0.009,31.0,1.1,1.12,1.4,24.9,25.150481,-80.809219,S2B_MSIL2A_20210331T160509_N0500_R054_T17RNH_20230519T193433,2021-03-31 16:05:09.024,4.3,14.0,-0.1588555555555555,9,-0.0846666666666666,9,-0.1909333333333333,9
FLAB14,2021-05-24,0.057,0.809,6.08,0.008,8.1,0.009,36.2,0.4,1.18,4.4,25.6,25.150481,-80.809219,S2B_MSIL2A_20210510T160509_N0500_R054_T17RNH_20230208T043056,2021-05-10 16:05:09.024,3.55,13.0,-0.1803888888888889,9,-0.1002222222222222,9,-0.2150111111111111,9
FLAB14,2021-07-01,0.099,0.805,5.15,0.005,8.0,0.012,36.6,0.7,1.2,2.3,27.9,25.150481,-80.809219,S2A_MSIL2A_20210704T160511_N0500_R054_T17RNH_20230129T022912,2021-07-04 16:05:11.024,4.55,3.0,-0.1599444444444444,9,-0.0871,9,-0.2272777777777777,9
FLAB14,2021-10-13,0.099,2.67,4.88,0.005,7.8,0.019,36.8,0.7,1.53,7.2,28.0,25.150481,-80.809219,S2B_MSIL2A_20211017T160509_N0500_R054_T17RNH_20230105T060942,2021-10-17 16:05:09.024,1.5,4.0,-0.2422555555555555,9,-0.124,9,-0.2533555555555555,9
FLAB14,2021-12-27,0.03,18.1,7.99,0.005,8.0,0.037,31.5,0.5,1.69,12.5,23.6,25.150481,-80.809219,S2A_MSIL2A_20211231T160511_N0500_R054_T17RNH_20221227T085604,2021-12-31 16:05:11.024,1.67,4.0,-0.1483333333333333,9,-0.0742444444444444,9,-0.2182222222222222,9
FLAB14,2022-02-08,0.013,6.93,7.6,0.005,8.2,0.037,34.4,0.5,1.78,13.6,23.9,25.150481,-80.809219,S2A_MSIL2A_20220130T160511_N0510_R054_T17RNH_20240508T134151,2022-01-30 16:05:11.024,4.314916,8.0,-0.2774777777777777,9,-0.1958555555555555,9,-0.3166555555555556,9
FLAB14,2022-04-07,0.019,15.4,6.42,0.005,8.1,0.036,41.0,0.4,1.93,19.0,28.6,25.150481,-80.809219,S2B_MSIL2A_20220425T160509_N0510_R054_T17RNH_20240605T092546,2022-04-25 16:05:09.024,11.56,18.0,-0.2554444444444444,9,-0.1695,9,-0.2281,9
FLAB14,2022-06-22,0.013,24.6,6.28,0.005,8.0,0.028,32.6,0.6,1.61,8.6,29.7,25.150481,-80.809219,S2A_MSIL2A_20220629T160521_N0510_R054_T17RNH_20240628T194938,2022-06-29 16:05:21.024,4.056241,7.0,-0.0428333333333333,9,-0.0445333333333333,9,-0.0641555555555555,9
FLAB14,2022-08-18,0.017,17.2,4.85,0.005,8.4,0.059,40.3,0.5,2.55,10.5,31.9,25.150481,-80.809219,S2A_MSIL2A_20220818T160521_N0510_R054_T17RNH_20240629T103659,2022-08-18 16:05:21.024,4.266037,0.0,-0.0690222222222222,9,-0.0320444444444444,9,-0.1567777777777778,9
FLAB14,2022-10-20,0.019,21.9,7.06,0.005,7.9,0.032,32.3,0.5,1.82,10.7,23.3,25.150481,-80.809219,S2B_MSIL2A_20221022T160509_N0510_R054_T17RNH_20240729T211221,2022-10-22 16:05:09.024,18.645181,2.0,-0.0955555555555555,9,-0.0479,9,-0.2140333333333333,9
FLAB14,2022-12-19,0.008,15.9,7.69,0.005,8.2,0.034,32.1,0.4,1.69,14.1,22.8,25.150481,-80.809219,S2B_MSIL2A_20221211T160509_N0510_R054_T17RNH_20240806T114151,2022-12-11 16:05:09.024,0.090929,7.0,-0.1173,9,-0.0562333333333333,9,-0.1923555555555555,9
FLAB14,2023-01-30,0.054,4.36,7.69,0.005,8.1,0.02,34.4,0.5,1.49,10.9,25.0,25.150481,-80.809219,S2A_MSIL2A_20230125T160511_N0510_R054_T17RNH_20240807T063957,2023-01-25 16:05:11.024,8.66,4.0,-0.2638555555555555,9,-0.1434222222222222,9,-0.2869888888888888,9
FLAB14,2023-03-14,0.049,0.462,6.44,0.005,8.6,0.01,36.8,1.0,0.639,4.1,27.2,25.150481,-80.809219,S2B_MSIL2A_20230301T160509_N0510_R054_T17RNH_20240817T102704,2023-03-01 16:05:09.025,0.13,12.0,-0.2505777777777778,9,-0.1264111111111111,9,-0.3199,9
FLAB14,2023-05-11,0.058,1.56,5.65,0.005,8.2,0.019,43.5,1.0,0.979,2.7,28.6,25.150481,-80.809219,S2A_MSIL2A_20230515T160511_N0510_R054_T17RNH_20240810T080114,2023-05-15 16:05:11.024,9.75,4.0,-0.0391,9,-0.0348777777777777,9,-0.0207555555555555,9
FLAB14,2023-07-27,0.092,12.8,5.62,0.005,8.1,0.024,35.9,0.6,1.28,8.6,28.5,25.150481,-80.809219,S2A_MSIL2A_20230724T160511_N0510_R054_T17RNH_20240820T071355,2023-07-24 16:05:11.024,5.24,2.0,-0.0787333333333333,9,-0.0464888888888888,9,-0.0920111111111111,9
FLAB14,2023-09-27,0.025,14.7,5.98,0.005,8.0,0.024,32.2,0.6,1.58,10.7,28.5,25.150481,-80.809219,S2B_MSIL2A_20231007T160509_N0510_R054_T17RNH_20241022T112823,2023-10-07 16:05:09.024,1.06,10.0,-0.0901555555555555,9,-0.0415777777777777,9,-0.1509444444444444,9
FLAB14,2023-11-13,0.01,16.3,6.98,0.005,8.1,0.024,36.2,0.7,1.74,8.9,27.0,25.150481,-80.809219,S2A_MSIL2A_20231121T160511_N0510_R054_T17RNH_20241020T231123,2023-11-21 16:05:11.024,8.03,8.0,-0.1421555555555555,9,-0.0904,9,-0.1768,9
FLAB14,2024-01-08,0.008,16.9,7.79,0.005,8.4,0.031,21.4,0.4,1.23,22.7,20.5,25.150481,-80.809219,S2A_MSIL2A_20231231T160511_N0510_R054_T17RNH_20231231T210949,2023-12-31 16:05:11.024,0.01,7.0,-0.0408444444444444,9,-0.0182,9,-0.1616222222222222,9
FLAB14,2024-03-04,0.01,4.32,7.42,0.005,8.4,0.027,29.2,0.5,1.38,15.6,26.3,25.150481,-80.809219,S2B_MSIL2A_20240315T160509_N0510_R054_T17RNH_20240315T200115,2024-03-15 16:05:09.024,8.77,11.0,-0.1338777777777778,9,-0.0654,9,-0.2269555555555555,9
FLAB14,2024-05-13,0.015,12.6,6.38,0.005,8.5,0.023,32.0,0.7,1.645,7.1,30.4,25.150481,-80.809219,S2A_MSIL2A_20240509T160511_N0510_R054_T17RNH_20240509T224244,2024-05-09 16:05:11.024,3.91,3.0,-0.2350444444444444,9,-0.1372,9,-0.2194666666666666,9
FLAB14,2024-07-15,0.01,32.8,6.18,0.005,8.1,0.036,37.2,0.6,2.32,11.6,30.7,25.150481,-80.809219,S2A_MSIL2A_20240628T160511_N0510_R054_T17RNH_20240628T223450,2024-06-28 16:05:11.024,3.75,16.0,-0.0476888888888888,9,-0.0232777777777777,9,-0.1536777777777777,9
FLAB14,2024-09-12,0.015,23.8,5.77,0.005,8.1,0.028,34.5,0.6,2.09,7.6,31.1,25.150481,-80.809219,S2B_MSIL2A_20241001T160509_N0511_R054_T17RNH_20241001T210909,2024-10-01 16:05:09.024,5.16,19.0,-0.0700555555555555,9,-0.0320222222222222,9,-0.1216111111111111,9
FLAB14,2024-12-09,0.01,4.39,7.73,0.005,8.3,0.015,32.4,0.7,1.22,5.6,20.9,25.150481,-80.809219,S2A_MSIL2A_20241115T160511_N0511_R054_T17RNH_20241115T205649,2024-11-15 16:05:11.024,4.75,23.0,-0.1856222222222222,9,-0.0913444444444444,9,-0.1780888888888888,9
FLAB14,2025-02-05,0.035,6.64,6.72,0.005,8.3,0.018,30.5,1.0,0.984,6.5,24.7,25.150481,-80.809219,S2B_MSIL2A_20250119T160509_N0511_R054_T17RNH_20250119T211653,2025-01-19 16:05:09.024,1.34,16.0,-0.1320666666666666,9,-0.0625555555555555,9,-0.1659333333333333,9
FLAB14,2025-06-18,0.479,0.541,5.42,0.005,8.0,0.011,38.1,1.0,1.61,4.4,29.6,25.150481,-80.809219,S2A_MSIL2A_20250615T160521_N0511_R054_T17RNH_20250615T222322,2025-06-15 16:05:21.024,8.885614,2.0,-0.1899666666666666,9,-0.1142555555555555,9,-0.2011,9
FLAB14,2025-08-18,0.251,0.323,4.1,0.005,7.9,0.009,39.8,1.2,1.2,2.8,32.3,25.150481,-80.809219,S2C_MSIL2A_20250822T160531_N0511_R054_T17RNH_20250822T205612,2025-08-22 16:05:31.025,4.462308,4.0,-0.1943666666666667,9,-0.1001888888888889,9,-0.2163222222222222,9
FLAB14,2025-10-01,0.098,4.27,4.81,0.005,8.1,0.017,35.7,0.7,1.29,5.0,28.7,25.150481,-80.809219,S2C_MSIL2A_20251001T160531_N0511_R054_T17RNH_20251001T205018,2025-10-01 16:05:31.025,1.61,0.0,-0.0946555555555555,9,-0.0422444444444444,9,-0.2122,9
FLAB15,2016-01-21,0.311,0.517,9.47,0.005,7.8,0.01,35.0,1.2,1.12,2.0,16.6,25.121381,-80.802881,S2A_MSIL2A_20160102T155642_N0500_R054_T17RNH_20231010T064726,2016-01-02 15:56:42.030,8.37,18.0,0.0233090909090909,11,0.0116181818181818,11,-0.0196090909090909,11
FLAB15,2016-02-16,0.359,0.548,6.1,0.005,7.8,0.012,31.6,1.7,1.19,0.8,21.4,25.121381,-80.802881,,,,,,0,,0,,0
FLAB15,2016-04-14,0.098,1.96,3.11,0.005,7.9,0.022,35.2,1.2,1.32,1.2,27.2,25.121381,-80.802881,S2A_MSIL2A_20160401T154922_N0500_R054_T17RNH_20231021T232321,2016-04-01 15:49:22.030,10.03,12.0,-0.1172909090909091,11,-0.0630181818181818,11,-0.0728363636363636,11
FLAB15,2016-05-31,0.064,3.56,3.97,0.005,8.2,0.026,40.3,1.3,1.35,1.8,30.0,25.121381,-80.802881,S2A_MSIL2A_20160521T160522_N0500_R054_T17RNH_20231008T223616,2016-05-21 16:05:22.027,9.63,9.0,-0.0624363636363636,11,-0.0283818181818181,11,-0.0721545454545454,11
FLAB15,2016-06-29,0.016,5.4,3.83,0.005,8.2,0.026,36.6,1.6,1.23,3.0,30.7,25.121381,-80.802881,S2A_MSIL2A_20160630T160512_N0500_R054_T17RNH_20231015T211056,2016-06-30 16:05:12.027,18.46,1.0,-0.0499090909090909,11,-0.0219454545454545,11,-0.0626363636363636,11
FLAB15,2016-07-12,0.017,12.0,4.85,0.005,8.1,0.035,38.8,1.3,1.59,3.9,31.3,25.121381,-80.802881,S2A_MSIL2A_20160630T160512_N0500_R054_T17RNH_20231015T211056,2016-06-30 16:05:12.027,18.46,11.0,-0.0499090909090909,11,-0.0219454545454545,11,-0.0626363636363636,11
FLAB15,2016-08-25,0.017,18.9,3.36,0.005,7.9,0.039,39.4,1.0,1.73,6.5,30.2,25.121381,-80.802881,S2A_MSIL2A_20160918T160512_N0500_R054_T17RNH_20230930T023451,2016-09-18 16:05:12.026,14.25,24.0,-0.1220181818181818,11,-0.0576545454545454,11,-0.1468454545454545,11
FLAB15,2016-09-08,0.018,30.0,4.96,0.005,7.9,0.062,37.2,1.4,2.31,9.9,29.8,25.121381,-80.802881,S2A_MSIL2A_20160918T160512_N0500_R054_T17RNH_20230930T023451,2016-09-18 16:05:12.026,14.25,10.0,-0.1220181818181818,11,-0.0576545454545454,11,-0.1468454545454545,11
FLAB15,2016-10-24,0.02,21.6,5.98,0.005,7.9,0.045,38.1,1.3,2.04,6.2,23.3,25.121381,-80.802881,,,,,,0,,0,,0
FLAB15,2016-11-14,0.02,14.2,7.24,0.005,7.9,0.042,32.2,0.5,2.01,4.6,26.0,25.121381,-80.802881,S2A_MSIL2A_20161127T160512_N0500_R054_T17RNH_20230927T160903,2016-11-27 16:05:12.026,11.47,13.0,0.0078727272727272,11,0.0038272727272727,11,-0.0375363636363636,11
FLAB15,2016-12-21,0.058,10.2,6.29,0.005,8.0,0.043,31.0,1.8,1.99,6.8,24.5,25.121381,-80.802881,S2A_MSIL2A_20161127T160512_N0500_R054_T17RNH_20230927T160903,2016-11-27 16:05:12.026,11.47,23.0,0.0078727272727272,11,0.0038272727272727,11,-0.0375363636363636,11
FLAB15,2017-01-25,0.198,1.15,6.31,0.012,7.9,0.011,34.6,1.3,0.601,3.3,21.3,25.121381,-80.802881,S2A_MSIL2A_20170215T160511_N0500_R054_T17RNH_20230917T075421,2017-02-15 16:05:11.026,3.45,21.0,-0.1275090909090909,11,-0.0590545454545454,11,-0.1427181818181818,11
FLAB15,2017-02-20,0.103,6.16,5.85,0.005,8.0,0.023,36.5,1.3,0.713,9.7,24.8,25.121381,-80.802881,S2A_MSIL2A_20170215T160511_N0500_R054_T17RNH_20230917T075421,2017-02-15 16:05:11.026,3.45,4.0,-0.1275090909090909,11,-0.0590545454545454,11,-0.1427181818181818,11
FLAB15,2017-03-21,0.088,0.361,6.95,0.005,8.1,0.016,40.9,1.0,0.812,1.6,20.7,25.121381,-80.802881,S2A_MSIL2A_20170225T160511_N0500_R054_T17RNH_20230927T065507,2017-02-25 16:05:11.026,2.02,23.0,-0.1353727272727272,11,-0.0616818181818181,11,-0.1405,11
FLAB15,2017-04-20,0.023,0.601,6.71,0.005,8.4,0.008,40.1,1.2,1.22,1.6,24.8,25.121381,-80.802881,,,,,,0,,0,,0
FLAB15,2017-05-08,0.156,0.295,7.22,0.009,8.1,0.016,43.5,2.3,1.31,1.4,25.5,25.121381,-80.802881,,,,,,0,,0,,0
FLAB15,2017-06-28,0.103,0.341,3.54,0.005,8.1,0.011,44.4,1.4,1.28,1.1,32.4,25.121381,-80.802881,S2A_MSIL2A_20170715T160511_N0500_R054_T17RNH_20230901T104819,2017-07-15 16:05:11.026,6.66,17.0,-0.0939181818181818,11,-0.0824818181818181,11,0.0131272727272727,11
FLAB15,2017-07-24,0.064,0.725,4.98,0.005,8.0,0.012,43.8,1.4,1.13,1.6,31.1,25.121381,-80.802881,S2A_MSIL2A_20170715T160511_N0500_R054_T17RNH_20230901T104819,2017-07-15 16:05:11.026,6.66,8.0,-0.0939181818181818,11,-0.0824818181818181,11,0.0131272727272727,11
FLAB15,2017-08-01,0.073,0.473,4.49,0.005,7.8,0.01,41.2,1.5,0.634,1.8,27.9,25.121381,-80.802881,S2A_MSIL2A_20170804T160511_N0500_R054_T17RNH_20230826T141136,2017-08-04 16:05:11.026,7.87,3.0,-0.0472454545454545,11,-0.0279636363636363,11,-0.0720727272727272,11
FLAB15,2017-09-18,0.167,16.5,0.73,0.005,7.2,0.079,33.2,0.45,2.26,10.9,29.6,25.121381,-80.802881,S2A_MSIL2A_20170913T160511_N0500_R054_T17RNH_20230825T160223,2017-09-13 16:05:11.026,18.56,4.0,-0.1587363636363636,11,-0.087390909090909,11,-0.1837090909090909,11
FLAB15,2017-10-12,0.013,33.7,5.9,0.005,8.0,0.045,26.8,0.52,2.2,10.5,27.3,25.121381,-80.802881,S2A_MSIL2A_20171003T160511_N0500_R054_T17RNH_20230817T084655,2017-10-03 16:05:11.026,13.94,8.0,-0.042890909090909,11,-0.0208818181818181,11,-0.0456272727272727,11
FLAB15,2017-11-16,0.073,23.9,7.61,0.005,8.0,0.038,28.9,0.4,1.58,17.9,24.3,25.121381,-80.802881,S2B_MSIL2A_20171107T160459_N0500_R054_T17RNH_20230721T141830,2017-11-07 16:04:59.027,7.26,8.0,-0.0987181818181818,11,-0.0429363636363636,11,-0.0743545454545454,11
FLAB15,2017-12-13,0.462,5.85,8.34,0.009,7.7,0.03,28.2,0.4,1.18,21.5,15.8,25.121381,-80.802881,S2A_MSIL2A_20171202T160511_N0500_R054_T17RNH_20230806T075400,2017-12-02 16:05:11.026,15.47,10.0,-0.0933909090909091,11,-0.0807545454545454,11,-0.1094090909090909,11
FLAB15,2018-01-16,0.161,7.19,8.76,0.005,8.1,0.025,30.0,0.6,1.06,12.9,18.0,25.121381,-80.802881,S2B_MSIL2A_20171227T160459_N0500_R054_T17RNH_20230720T070737,2017-12-27 16:04:59.027,6.53,19.0,-0.1160090909090909,11,-0.0492727272727272,11,-0.1243545454545454,11
FLAB15,2018-02-28,0.005,53.1,7.57,0.006,8.0,0.073,31.6,0.3,2.51,17.0,26.7,25.121381,-80.802881,S2B_MSIL2A_20180317T160509_N0500_R054_T17RNH_20230710T201059,2018-03-17 16:05:09.027,3.5,17.0,-0.1508636363636363,11,-0.0690454545454545,11,-0.1443090909090909,11
FLAB15,2018-03-01,0.01,41.9,7.82,0.005,7.9,0.065,32.9,2.0,2.11,18.9,25.6,25.121381,-80.802881,S2B_MSIL2A_20180317T160509_N0500_R054_T17RNH_20230710T201059,2018-03-17 16:05:09.027,3.5,16.0,-0.1508636363636363,11,-0.0690454545454545,11,-0.1443090909090909,11
FLAB15,2018-04-10,0.116,6.89,2.26,0.011,7.9,0.022,38.7,1.3,1.14,5.0,29.4,25.121381,-80.802881,S2A_MSIL2A_20180421T160511_N0500_R054_T17RNH_20230630T222736,2018-04-21 16:05:11.026,19.08,11.0,-0.1205,11,-0.0655272727272727,11,-0.1124181818181818,11
FLAB15,2018-05-22,0.087,4.51,5.06,0.005,7.8,0.017,35.1,0.4,0.834,7.2,24.7,25.121381,-80.802881,S2B_MSIL2A_20180605T160509_N0500_R054_T17RNH_20230715T182439,2018-06-05 16:05:09.024,13.59,14.0,-0.1751363636363636,11,-0.1118363636363636,11,-0.1390818181818181,11
FLAB15,2018-06-07,0.255,1.42,4.89,0.078,8.2,0.017,30.2,1.3,0.97,5.2,29.9,25.121381,-80.802881,S2B_MSIL2A_20180605T160509_N0500_R054_T17RNH_20230715T182439,2018-06-05 16:05:09.024,13.59,1.0,-0.1751363636363636,11,-0.1118363636363636,11,-0.1390818181818181,11
FLAB15,2018-07-10,0.009,10.1,5.74,0.005,8.0,0.028,31.8,1.3,1.2,5.8,32.1,25.121381,-80.802881,,,,,,0,,0,,0
FLAB15,2018-08-06,0.015,2.09,5.3,0.005,8.1,0.015,33.4,1.2,0.969,3.6,29.5,25.121381,-80.802881,S2A_MSIL2A_20180809T160511_N0500_R054_T17RNH_20230711T022345,2018-08-09 16:05:11.024,8.3,3.0,-0.0611727272727272,11,-0.030890909090909,11,-0.1199636363636363,11
FLAB15,2018-09-06,0.006,6.02,6.4,0.005,8.0,0.02,33.5,1.5,1.55,5.6,28.8,25.121381,-80.802881,S2A_MSIL2A_20180928T160511_N0510_R054_T17RNH_20250531T034550,2018-09-28 16:05:11.024,3.004363,22.0,-0.1709545454545454,11,-0.0875727272727272,11,-0.1629727272727272,11
FLAB15,2018-10-03,0.017,18.6,4.24,0.005,8.1,0.044,38.3,1.0,2.6,9.0,27.6,25.121381,-80.802881,S2A_MSIL2A_20180928T160511_N0510_R054_T17RNH_20250531T034550,2018-09-28 16:05:11.024,3.004363,4.0,-0.1709545454545454,11,-0.0875727272727272,11,-0.1629727272727272,11
FLAB15,2018-11-05,0.007,17.1,5.88,0.005,7.9,0.063,37.3,0.5,2.44,13.6,26.7,25.121381,-80.802881,S2A_MSIL2A_20181018T160511_N0500_R054_T17RNH_20230706T010334,2018-10-18 16:05:11.024,8.03,17.0,-0.1192272727272727,11,-0.0562636363636363,11,-0.1226454545454545,11
FLAB15,2018-12-17,0.047,4.3,7.5,0.005,8.1,0.016,35.4,0.9,0.797,5.3,22.0,25.121381,-80.802881,S2A_MSIL2A_20181217T160501_N0500_R054_T17RNH_20230630T025600,2018-12-17 16:05:01.024,3.73,0.0,-0.2325454545454545,11,-0.1195545454545454,11,-0.2171727272727272,11
FLAB15,2019-01-29,0.061,3.4,7.34,0.005,8.0,0.023,33.1,0.6,0.862,19.5,18.0,25.121381,-80.802881,S2B_MSIL2A_20190131T160509_N0500_R054_T17RNH_20221203T130314,2019-01-31 16:05:09.024,10.99,2.0,-0.2243090909090909,11,-0.1127727272727272,11,-0.1684545454545454,11
FLAB15,2019-02-26,0.119,6.65,6.51,0.005,7.9,0.022,34.2,1.2,1.17,7.3,25.2,25.121381,-80.802881,S2B_MSIL2A_20190302T160509_N0500_R054_T17RNH_20221114T204209,2019-03-02 16:05:09.024,3.51,4.0,-0.1424181818181818,11,-0.0642454545454545,11,-0.1548818181818181,11
FLAB15,2019-03-05,0.216,0.937,5.13,0.048,7.7,0.016,34.7,1.3,0.976,3.0,27.6,25.121381,-80.802881,S2B_MSIL2A_20190302T160509_N0500_R054_T17RNH_20221114T204209,2019-03-02 16:05:09.024,3.51,2.0,-0.1424181818181818,11,-0.0642454545454545,11,-0.1548818181818181,11
FLAB15,2019-04-15,0.027,3.09,6.08,0.005,8.1,0.017,38.7,1.5,0.946,4.8,27.8,25.121381,-80.802881,S2A_MSIL2A_20190416T160511_N0500_R054_T17RNH_20221023T193830,2019-04-16 16:05:11.024,0.71,1.0,-0.0846727272727272,11,-0.0431636363636363,11,-0.0988818181818181,11
FLAB15,2019-05-14,0.029,2.9,6.09,0.005,8.2,0.018,39.3,1.5,0.857,3.4,29.8,25.121381,-80.802881,S2A_MSIL2A_20190526T160511_N0500_R054_T17RNH_20221211T081521,2019-05-26 16:05:11.024,5.48,12.0,-0.0553,11,-0.0323636363636363,11,-0.0783272727272727,11
FLAB15,2019-06-11,0.03,0.967,5.73,0.005,7.7,0.011,38.3,1.5,0.652,2.4,29.9,25.121381,-80.802881,S2A_MSIL2A_20190625T160521_N0500_R054_T17RNH_20230508T164541,2019-06-25 16:05:21.024,2.13,14.0,-0.1325363636363636,11,-0.0654636363636363,11,-0.1079181818181818,11
FLAB15,2019-07-29,0.087,0.311,9.57,0.005,8.0,0.012,37.0,1.3,0.766,2.8,31.9,25.121381,-80.802881,S2B_MSIL2A_20190819T160519_N0500_R054_T17RNH_20230505T071445,2019-08-19 16:05:19.024,12.15,21.0,-0.0557444444444444,9,-0.0651666666666666,9,-0.0372,9
FLAB15,2019-08-08,0.077,0.581,4.69,0.005,8.0,0.01,34.8,1.3,0.638,2.4,31.3,25.121381,-80.802881,S2B_MSIL2A_20190819T160519_N0500_R054_T17RNH_20230505T071445,2019-08-19 16:05:19.024,12.15,11.0,-0.0557444444444444,9,-0.0651666666666666,9,-0.0372,9
FLAB15,2019-09-10,0.058,0.242,5.92,0.005,7.9,0.008,36.6,1.2,0.51,2.1,30.0,25.121381,-80.802881,S2B_MSIL2A_20190918T160509_N0500_R054_T17RNH_20230501T120457,2019-09-18 16:05:09.024,8.33,8.0,-0.0425363636363636,11,-0.0201272727272727,11,-0.011390909090909,11
FLAB15,2019-10-08,0.013,13.6,5.53,0.005,7.7,0.023,38.3,0.8,1.54,7.2,26.7,25.121381,-80.802881,S2A_MSIL2A_20191013T160511_N0500_R054_T17RNH_20230614T052238,2019-10-13 16:05:11.024,9.57,5.0,-0.0811363636363636,11,-0.0574,11,-0.0361272727272727,11
FLAB15,2019-11-07,0.05,2.66,5.86,0.005,8.0,0.011,38.3,1.4,1.35,2.9,27.4,25.121381,-80.802881,S2A_MSIL2A_20191013T160511_N0500_R054_T17RNH_20230614T052238,2019-10-13 16:05:11.024,9.57,24.0,-0.0811363636363636,11,-0.0574,11,-0.0361272727272727,11
FLAB15,2019-12-05,0.029,1.27,7.48,0.005,8.0,0.008,35.2,1.3,0.548,1.8,20.0,25.121381,-80.802881,S2B_MSIL2A_20191207T160509_N0500_R054_T17RNH_20230525T143258,2019-12-07 16:05:09.024,9.01,2.0,-0.0719818181818181,11,-0.038090909090909,11,-0.0950363636363636,11
FLAB15,2020-01-23,0.009,7.57,8.61,0.005,7.9,0.04,38.0,0.5,1.85,11.2,15.0,25.121381,-80.802881,S2B_MSIL2A_20200126T160509_N0500_R054_T17RNH_20230424T055929,2020-01-26 16:05:09.024,0.01,3.0,-0.1482,11,-0.069490909090909,11,-0.1529636363636363,11
FLAB15,2020-02-03,0.038,0.197,7.78,0.005,8.2,0.007,33.7,1.2,0.593,1.5,18.5,25.121381,-80.802881,S2B_MSIL2A_20200126T160509_N0500_R054_T17RNH_20230424T055929,2020-01-26 16:05:09.024,0.01,7.0,-0.1482,11,-0.069490909090909,11,-0.1529636363636363,11
FLAB15,2020-03-05,0.03,0.169,6.94,0.005,8.4,0.011,34.9,1.1,0.678,1.5,25.5,25.121381,-80.802881,S2B_MSIL2A_20200326T160509_N0500_R054_T17RNH_20230409T144543,2020-03-26 16:05:09.024,3.76,21.0,-0.1279727272727272,11,-0.0589454545454545,11,-0.1267454545454545,11
FLAB15,2020-04-01,0.013,0.535,6.82,0.005,8.3,0.011,43.7,1.1,1.17,2.8,27.2,25.121381,-80.802881,S2B_MSIL2A_20200326T160509_N0500_R054_T17RNH_20230409T144543,2020-03-26 16:05:09.024,3.76,5.0,-0.1279727272727272,11,-0.0589454545454545,11,-0.1267454545454545,11
FLAB15,2020-05-05,0.014,0.327,4.05,0.005,8.3,0.008,39.0,1.2,0.629,1.3,27.6,25.121381,-80.802881,S2B_MSIL2A_20200505T160509_N0500_R054_T17RNH_20230331T132201,2020-05-05 16:05:09.024,13.21,0.0,-0.1430818181818181,11,-0.0717272727272727,11,-0.1074272727272727,11
FLAB15,2020-06-01,0.027,0.521,5.28,0.005,8.2,0.008,37.2,1.2,0.93,1.5,30.1,25.121381,-80.802881,S2A_MSIL2A_20200609T160521_N0500_R054_T17RNH_20230412T130437,2020-06-09 16:05:21.024,11.27,8.0,-0.0896090909090909,11,-0.0503,11,-0.0877,11
FLAB15,2020-07-16,0.046,0.526,4.57,0.005,8.0,0.011,38.0,1.0,0.706,2.4,30.0,25.121381,-80.802881,S2A_MSIL2A_20200719T160521_N0500_R054_T17RNH_20230323T200138,2020-07-19 16:05:21.024,15.5,3.0,-0.0570272727272727,11,-0.0323272727272727,11,-0.099490909090909,11
FLAB15,2020-08-13,0.038,4.2,5.15,0.005,7.8,0.017,36.5,1.1,1.05,2.7,30.7,25.121381,-80.802881,S2B_MSIL2A_20200813T160519_N0500_R054_T17RNH_20230317T064934,2020-08-13 16:05:19.024,8.8,0.0,-0.1202909090909091,11,-0.0643454545454545,11,-0.1054727272727272,11
FLAB15,2020-09-01,0.014,12.8,5.57,0.005,8.0,0.044,42.7,0.8,2.26,8.9,32.6,25.121381,-80.802881,S2B_MSIL2A_20200813T160519_N0500_R054_T17RNH_20230317T064934,2020-08-13 16:05:19.024,8.8,18.0,-0.1202909090909091,11,-0.0643454545454545,11,-0.1054727272727272,11
FLAB15,2020-10-12,0.156,1.2,5.66,0.005,7.9,0.01,34.1,1.4,1.39,1.3,30.2,25.121381,-80.802881,S2B_MSIL2A_20201012T160519_N0500_R054_T17RNH_20230307T135614,2020-10-12 16:05:19.024,7.31,0.0,-0.068990909090909,11,-0.0296818181818181,11,-0.0895090909090909,11
FLAB15,2020-11-12,0.298,0.62,6.47,0.005,8.0,0.006,20.7,1.0,0.926,6.6,25.6,25.121381,-80.802881,S2A_MSIL2A_20201126T160511_N0500_R054_T17RNH_20230304T135940,2020-11-26 16:05:11.024,7.4,14.0,-0.0181272727272727,11,-0.0076727272727272,11,-0.0793636363636363,11
FLAB15,2020-12-09,0.034,1.15,7.88,0.005,8.2,0.013,29.7,1.0,0.582,6.5,16.7,25.121381,-80.802881,S2A_MSIL2A_20201126T160511_N0500_R054_T17RNH_20230304T135940,2020-11-26 16:05:11.024,7.4,12.0,-0.0181272727272727,11,-0.0076727272727272,11,-0.0793636363636363,11
FLAB15,2021-01-07,0.075,0.827,7.71,0.005,8.2,0.011,27.1,1.0,0.903,1.8,19.6,25.121381,-80.802881,S2A_MSIL2A_20210105T160511_N0500_R054_T17RNH_20230224T230042,2021-01-05 16:05:11.024,0.15,1.0,-0.1276545454545454,11,-0.0601272727272727,11,-0.1506454545454545,11
FLAB15,2021-02-08,0.027,0.38,7.18,0.005,8.2,0.009,28.8,1.1,0.423,2.8,24.7,25.121381,-80.802881,S2B_MSIL2A_20210301T160509_N0500_R054_T17RNH_20230513T142932,2021-03-01 16:05:09.024,5.26,21.0,-0.1528181818181818,11,-0.0758090909090909,11,-0.1313636363636363,11
FLAB15,2021-03-17,0.036,0.411,7.0,0.005,8.2,0.011,32.8,1.0,0.783,2.5,24.6,25.121381,-80.802881,S2B_MSIL2A_20210331T160509_N0500_R054_T17RNH_20230519T193433,2021-03-31 16:05:09.024,4.3,14.0,-0.1004727272727272,11,-0.0540454545454545,11,-0.0968545454545454,11
FLAB15,2021-04-06,0.024,0.436,6.72,0.005,8.3,0.011,36.6,1.0,1.09,1.8,21.8,25.121381,-80.802881,S2B_MSIL2A_20210331T160509_N0500_R054_T17RNH_20230519T193433,2021-03-31 16:05:09.024,4.3,5.0,-0.1004727272727272,11,-0.0540454545454545,11,-0.0968545454545454,11
FLAB15,2021-05-24,0.036,0.674,5.93,0.005,8.3,0.011,35.6,1.0,1.19,5.5,25.0,25.121381,-80.802881,S2B_MSIL2A_20210510T160509_N0500_R054_T17RNH_20230208T043056,2021-05-10 16:05:09.024,3.55,13.0,-0.1047545454545454,11,-0.0596545454545454,11,-0.1001,11
FLAB15,2021-06-21,0.036,0.453,6.4,0.005,8.0,0.011,39.3,1.1,1.08,2.0,31.1,25.121381,-80.802881,S2B_MSIL2A_20210609T160509_N0500_R054_T17RNH_20230128T121728,2021-06-09 16:05:09.024,11.23,11.0,-0.1591545454545454,11,-0.0998545454545454,11,-0.1076,11
FLAB15,2021-07-01,0.096,0.823,4.65,0.005,8.0,0.01,37.4,1.0,1.04,1.9,27.7,25.121381,-80.802881,S2A_MSIL2A_20210704T160511_N0500_R054_T17RNH_20230129T022912,2021-07-04 16:05:11.024,4.55,3.0,-0.0909,11,-0.0474545454545454,11,-0.1277363636363636,11
FLAB15,2021-08-19,0.112,0.523,5.18,0.005,7.9,0.009,35.2,2.1,1.17,1.8,29.7,25.121381,-80.802881,S2B_MSIL2A_20210818T160509_N0500_R054_T17RNH_20230117T162001,2021-08-18 16:05:09.024,6.15,0.0,-0.1558636363636363,11,-0.0950727272727272,11,-0.1134181818181818,11
FLAB15,2021-09-21,0.095,0.491,4.73,0.005,7.6,0.009,38.5,,0.786,2.4,30.0,25.121381,-80.802881,S2B_MSIL2A_20210927T160509_N0500_R054_T17RNH_20230115T060558,2021-09-27 16:05:09.024,2.58,6.0,-0.1565909090909091,11,-0.0762181818181818,11,-0.1242909090909091,11
FLAB15,2021-10-13,0.088,1.0,4.52,0.005,7.6,0.014,38.2,1.4,1.15,2.3,28.1,25.121381,-80.802881,S2B_MSIL2A_20211017T160509_N0500_R054_T17RNH_20230105T060942,2021-10-17 16:05:09.024,1.5,4.0,-0.1120636363636363,11,-0.0512090909090909,11,-0.1109363636363636,11
FLAB15,2021-11-15,0.102,0.316,7.02,0.005,7.9,0.011,33.8,1.2,0.669,4.0,23.2,25.121381,-80.802881,S2B_MSIL2A_20211126T160509_N0500_R054_T17RNH_20221231T133627,2021-11-26 16:05:09.024,7.91,11.0,-0.2029636363636363,11,-0.1018181818181818,11,-0.1739545454545454,11
FLAB15,2021-12-27,0.151,0.731,6.98,0.015,7.9,0.011,31.7,1.2,0.672,4.0,22.7,25.121381,-80.802881,S2A_MSIL2A_20211231T160511_N0500_R054_T17RNH_20221227T085604,2021-12-31 16:05:11.024,1.67,4.0,-0.1531272727272727,11,-0.0724363636363636,11,-0.1428454545454545,11
FLAB15,2022-01-18,0.048,0.976,7.0,0.005,7.8,0.014,32.1,0.8,0.453,6.7,18.7,25.121381,-80.802881,S2A_MSIL2A_20220130T160511_N0510_R054_T17RNH_20240508T134151,2022-01-30 16:05:11.024,4.314916,12.0,-0.2866727272727272,11,-0.1975909090909091,11,-0.3166,11
FLAB15,2022-02-08,0.053,0.56,6.46,0.005,8.1,0.02,33.5,1.1,0.601,2.8,24.0,25.121381,-80.802881,S2A_MSIL2A_20220130T160511_N0510_R054_T17RNH_20240508T134151,2022-01-30 16:05:11.024,4.314916,8.0,-0.2866727272727272,11,-0.1975909090909091,11,-0.3166,11
FLAB15,2022-03-28,0.012,12.1,8.34,0.005,8.4,0.038,39.4,0.7,1.5,9.1,22.5,25.121381,-80.802881,S2A_MSIL2A_20220301T160521_N0510_R054_T17RNH_20240517T125255,2022-03-01 16:05:21.024,6.624457,26.0,-0.0854636363636363,11,-0.0410636363636363,11,-0.1669272727272727,11
FLAB15,2022-04-07,0.016,25.7,6.28,0.005,8.2,0.04,40.9,0.5,1.83,11.7,28.5,25.121381,-80.802881,S2B_MSIL2A_20220425T160509_N0510_R054_T17RNH_20240605T092546,2022-04-25 16:05:09.024,11.56,18.0,-0.1799727272727272,11,-0.1122090909090909,11,-0.1176181818181818,11
FLAB15,2022-05-25,0.036,4.83,6.38,0.005,8.0,0.015,41.0,1.2,1.5,5.2,27.4,25.121381,-80.802881,S2B_MSIL2A_20220515T160509_N0510_R054_T17RNH_20240627T105215,2022-05-15 16:05:09.024,5.97,9.0,-0.0992181818181818,11,-0.042790909090909,11,-0.1110636363636363,11
FLAB15,2022-06-22,0.013,16.2,6.23,0.005,8.1,0.026,33.6,0.8,1.42,10.3,29.1,25.121381,-80.802881,S2A_MSIL2A_20220629T160521_N0510_R054_T17RNH_20240628T194938,2022-06-29 16:05:21.024,4.056241,7.0,-0.0565454545454545,11,-0.0269272727272727,11,-0.0912,11
FLAB15,2022-07-07,0.008,13.2,6.57,0.005,8.2,0.025,36.6,0.8,1.33,4.7,30.3,25.121381,-80.802881,S2A_MSIL2A_20220629T160521_N0510_R054_T17RNH_20240628T194938,2022-06-29 16:05:21.024,4.056241,7.0,-0.0565454545454545,11,-0.0269272727272727,11,-0.0912,11
FLAB15,2022-08-18,0.014,13.8,5.06,0.005,8.3,0.049,39.6,1.0,1.82,6.3,32.0,25.121381,-80.802881,S2A_MSIL2A_20220818T160521_N0510_R054_T17RNH_20240629T103659,2022-08-18 16:05:21.024,4.266037,0.0,-0.0736090909090909,11,-0.0353545454545454,11,-0.1248181818181818,11
FLAB15,2022-09-08,0.011,6.34,5.31,0.005,8.1,0.026,42.5,0.7,1.45,5.1,31.3,25.121381,-80.802881,S2B_MSIL2A_20220902T160509_N0510_R054_T17RNH_20240719T005650,2022-09-02 16:05:09.024,4.340765,5.0,-0.0996909090909091,11,-0.0531818181818181,11,-0.0857272727272727,11
FLAB15,2022-10-20,0.017,15.4,6.76,0.005,8.0,0.024,35.2,0.8,1.36,6.1,23.3,25.121381,-80.802881,S2B_MSIL2A_20221022T160509_N0510_R054_T17RNH_20240729T211221,2022-10-22 16:05:09.024,18.645181,2.0,-0.0599727272727272,11,-0.0270545454545454,11,-0.0872363636363636,11
FLAB15,2022-11-22,0.012,18.5,7.07,0.005,8.0,0.019,31.2,0.5,1.64,5.8,24.2,25.121381,-80.802881,S2B_MSIL2A_20221211T160509_N0510_R054_T17RNH_20240806T114151,2022-12-11 16:05:09.024,0.090929,19.0,-0.1043636363636363,11,-0.0468,11,-0.0849181818181818,11
FLAB15,2022-12-19,0.066,0.46,7.38,0.005,8.1,0.01,32.7,1.2,0.524,2.3,23.2,25.121381,-80.802881,S2B_MSIL2A_20221211T160509_N0510_R054_T17RNH_20240806T114151,2022-12-11 16:05:09.024,0.090929,7.0,-0.1043636363636363,11,-0.0468,11,-0.0849181818181818,11
FLAB15,2023-01-30,0.02,4.53,7.84,0.005,8.1,0.018,34.5,0.8,1.07,5.0,23.8,25.121381,-80.802881,S2A_MSIL2A_20230125T160511_N0510_R054_T17RNH_20240807T063957,2023-01-25 16:05:11.024,8.66,4.0,-0.0596181818181818,11,-0.0257818181818181,11,-0.0829545454545454,11
FLAB15,2023-02-16,0.022,0.021,7.35,0.005,8.2,0.008,35.7,1.4,0.769,1.8,23.0,25.121381,-80.802881,S2B_MSIL2A_20230301T160509_N0510_R054_T17RNH_20240817T102704,2023-03-01 16:05:09.025,0.13,13.0,-0.0862090909090909,11,-0.0369454545454545,11,-0.0886818181818181,11
FLAB15,2023-03-14,0.009,0.194,6.08,0.005,8.1,0.011,35.4,1.6,0.362,1.4,26.2,25.121381,-80.802881,S2B_MSIL2A_20230301T160509_N0510_R054_T17RNH_20240817T102704,2023-03-01 16:05:09.025,0.13,12.0,-0.0862090909090909,11,-0.0369454545454545,11,-0.0886818181818181,11
FLAB15,2023-04-13,0.129,0.277,6.26,0.005,8.0,0.01,39.5,1.5,1.15,3.0,25.2,25.121381,-80.802881,S2A_MSIL2A_20230415T160511_N0510_R054_T17RNH_20240830T092006,2023-04-15 16:05:11.024,6.0,2.0,-0.089,11,-0.0468818181818181,11,-0.0632,11
FLAB15,2023-05-11,0.027,0.21,6.09,0.005,8.2,0.014,41.4,1.4,0.555,1.3,28.7,25.121381,-80.802881,S2A_MSIL2A_20230515T160511_N0510_R054_T17RNH_20240810T080114,2023-05-15 16:05:11.024,9.75,4.0,-0.0559454545454545,11,-0.0547181818181818,11,-0.0116545454545454,11
FLAB15,2023-06-12,0.012,0.681,6.45,0.005,8.2,0.012,38.6,2.0,0.601,1.2,31.1,25.121381,-80.802881,S2A_MSIL2A_20230614T160511_N0510_R054_T17RNH_20240910T072424,2023-06-14 16:05:11.024,11.47,2.0,-0.0341181818181818,11,-0.0372454545454545,11,-0.014990909090909,11
FLAB15,2023-07-27,0.12,0.245,4.68,0.007,7.9,0.013,37.5,1.3,0.792,1.0,28.6,25.121381,-80.802881,S2A_MSIL2A_20230724T160511_N0510_R054_T17RNH_20240820T071355,2023-07-24 16:05:11.024,5.24,2.0,0.0189363636363636,11,0.009290909090909,11,-0.0323181818181818,11
FLAB15,2023-08-09,0.071,0.235,4.93,0.005,8.1,0.012,40.0,1.5,0.591,1.4,33.3,25.121381,-80.802881,S2A_MSIL2A_20230724T160511_N0510_R054_T17RNH_20240820T071355,2023-07-24 16:05:11.024,5.24,15.0,0.0189363636363636,11,0.009290909090909,11,-0.0323181818181818,11
FLAB15,2023-09-27,0.098,3.74,5.6,0.005,8.0,0.013,36.3,1.4,0.986,3.4,28.7,25.121381,-80.802881,S2B_MSIL2A_20231007T160509_N0510_R054_T17RNH_20241022T112823,2023-10-07 16:05:09.024,1.06,10.0,-0.0742,11,-0.0342545454545454,11,-0.0554,11
FLAB15,2023-10-11,0.007,4.36,5.64,0.006,8.2,0.022,34.0,1.0,1.2,4.2,29.6,25.121381,-80.802881,S2B_MSIL2A_20231007T160509_N0510_R054_T17RNH_20241022T112823,2023-10-07 16:05:09.024,1.06,3.0,-0.0742,11,-0.0342545454545454,11,-0.0554,11
FLAB15,2023-11-13,0.007,11.5,7.03,0.005,8.2,0.019,35.6,1.0,1.39,5.3,27.4,25.121381,-80.802881,S2A_MSIL2A_20231121T160511_N0510_R054_T17RNH_20241020T231123,2023-11-21 16:05:11.024,8.03,8.0,-0.0570181818181818,11,-0.0314090909090909,11,-0.0662090909090909,11
FLAB15,2023-12-12,0.01,14.7,7.85,0.005,8.2,0.023,27.2,0.7,1.32,7.4,20.3,25.121381,-80.802881,S2A_MSIL2A_20231231T160511_N0510_R054_T17RNH_20231231T210949,2023-12-31 16:05:11.024,0.01,19.0,-0.0703181818181818,11,-0.0316636363636363,11,-0.1051818181818181,11
FLAB15,2024-01-08,0.006,10.8,7.42,0.005,8.3,0.018,25.2,0.8,0.897,8.2,20.3,25.121381,-80.802881,S2A_MSIL2A_20231231T160511_N0510_R054_T17RNH_20231231T210949,2023-12-31 16:05:11.024,0.01,7.0,-0.0703181818181818,11,-0.0316636363636363,11,-0.1051818181818181,11
FLAB15,2024-02-08,0.009,0.549,8.02,0.005,8.3,0.008,31.0,1.4,0.526,4.0,18.5,25.121381,-80.802881,S2A_MSIL2A_20240130T160511_N0510_R054_T17RNH_20240130T210100,2024-01-30 16:05:11.024,3.12,8.0,-0.1500272727272727,11,-0.078890909090909,11,-0.2258181818181818,11
FLAB15,2024-03-04,0.01,2.33,7.17,0.005,8.4,0.016,30.1,1.0,0.902,6.0,26.2,25.121381,-80.802881,S2B_MSIL2A_20240315T160509_N0510_R054_T17RNH_20240315T200115,2024-03-15 16:05:09.024,8.77,11.0,-0.0835181818181818,11,-0.0392090909090909,11,-0.0966,11
FLAB15,2024-04-04,0.009,7.67,5.95,0.005,8.6,0.021,32.2,0.8,1.03,8.3,26.4,25.121381,-80.802881,S2A_MSIL2A_20240409T160511_N0510_R054_T17RNH_20240409T221856,2024-04-09 16:05:11.024,8.95,5.0,-0.040290909090909,11,-0.0213727272727272,11,-0.0716636363636363,11
FLAB15,2024-05-13,0.025,0.734,5.74,0.005,8.4,0.009,31.1,1.6,1.015,1.8,30.2,25.121381,-80.802881,S2A_MSIL2A_20240509T160511_N0510_R054_T17RNH_20240509T224244,2024-05-09 16:05:11.024,3.91,3.0,-0.0831909090909091,11,-0.0446363636363636,11,-0.0828181818181818,11
FLAB15,2024-06-04,0.014,15.1,5.97,0.005,8.3,0.037,38.2,0.5,2.21,8.2,28.4,25.121381,-80.802881,S2A_MSIL2A_20240529T160511_N0510_R054_T17RNH_20240529T221346,2024-05-29 16:05:11.024,4.6,5.0,-0.1027363636363636,11,-0.0517545454545454,11,-0.0890272727272727,11
FLAB15,2024-07-15,0.007,13.8,5.91,0.005,8.2,0.02,39.1,0.9,1.45,4.7,30.4,25.121381,-80.802881,S2A_MSIL2A_20240628T160511_N0510_R054_T17RNH_20240628T223450,2024-06-28 16:05:11.024,3.75,16.0,-0.024090909090909,11,-0.011990909090909,11,-0.0733636363636363,11
FLAB15,2024-08-15,0.009,18.1,5.04,0.005,8.4,0.023,39.6,0.7,1.42,4.4,32.7,25.121381,-80.802881,S2B_MSIL2A_20240812T160519_N0511_R054_T17RNH_20240812T194800,2024-08-12 16:05:19.024,6.99,2.0,-0.0607727272727272,11,-0.0322727272727272,11,-0.0845545454545454,11
FLAB15,2024-09-12,0.013,12.8,5.41,0.005,8.2,0.018,35.8,0.8,1.24,3.8,31.0,25.121381,-80.802881,S2B_MSIL2A_20241001T160509_N0511_R054_T17RNH_20241001T210909,2024-10-01 16:05:09.024,5.16,19.0,-0.0804272727272727,11,-0.037790909090909,11,-0.0975545454545454,11
FLAB15,2024-10-14,0.006,36.9,7.52,0.005,8.0,0.034,29.1,0.6,2.0,9.0,26.7,25.121381,-80.802881,S2B_MSIL2A_20241001T160509_N0511_R054_T17RNH_20241001T210909,2024-10-01 16:05:09.024,5.16,12.0,-0.0804272727272727,11,-0.037790909090909,11,-0.0975545454545454,11
FLAB15,2024-11-14,0.146,3.53,7.33,0.006,8.2,0.008,22.3,1.2,0.884,3.9,25.6,25.121381,-80.802881,S2A_MSIL2A_20241115T160511_N0511_R054_T17RNH_20241115T205649,2024-11-15 16:05:11.024,4.75,1.0,-0.1543,11,-0.0732090909090909,11,-0.1053363636363636,11
FLAB15,2024-12-09,0.01,4.52,8.2,0.005,8.3,0.016,29.4,0.9,1.26,5.3,20.3,25.121381,-80.802881,S2A_MSIL2A_20241115T160511_N0511_R054_T17RNH_20241115T205649,2024-11-15 16:05:11.024,4.75,23.0,-0.1543,11,-0.0732090909090909,11,-0.1053363636363636,11
FLAB15,2025-01-27,0.024,4.24,8.98,0.005,8.2,0.015,28.9,1.1,0.833,4.8,17.8,25.121381,-80.802881,S2B_MSIL2A_20250119T160509_N0511_R054_T17RNH_20250119T211653,2025-01-19 16:05:09.024,1.34,7.0,-0.1152545454545454,11,-0.0527363636363636,11,-0.1002272727272727,11
FLAB15,2025-02-05,0.015,6.17,7.09,0.005,8.3,0.014,30.4,1.0,0.758,4.4,24.9,25.121381,-80.802881,S2B_MSIL2A_20250119T160509_N0511_R054_T17RNH_20250119T211653,2025-01-19 16:05:09.024,1.34,16.0,-0.1152545454545454,11,-0.0527363636363636,11,-0.1002272727272727,11
FLAB15,2025-03-10,0.016,0.277,7.24,0.005,8.5,0.008,34.7,1.7,0.445,1.1,25.5,25.121381,-80.802881,S2B_MSIL2A_20250228T160509_N0511_R054_T17RNH_20250228T194642,2025-02-28 16:05:09.024,0.47,9.0,-0.0610272727272727,11,-0.0262454545454545,11,-0.0879454545454545,11
FLAB15,2025-04-28,0.021,0.315,6.51,0.005,8.2,0.008,38.6,1.0,1.02,1.4,26.8,25.121381,-80.802881,S2A_MSIL2A_20250416T160521_N0511_R054_T17RNH_20250417T013913,2025-04-16 16:05:21.024,4.846258,11.0,-0.0274545454545454,11,-0.0123454545454545,11,-0.0906818181818181,11
FLAB15,2025-05-27,0.042,0.456,5.48,0.005,8.1,0.01,44.8,1.5,0.988,1.5,30.6,25.121381,-80.802881,S2A_MSIL2A_20250526T160531_N0511_R054_T17RNH_20250526T203213,2025-05-26 16:05:31.024,2.662065,0.0,-0.0319818181818181,11,-0.0176454545454545,11,-0.067090909090909,11
FLAB15,2025-06-18,0.079,0.792,5.54,0.005,8.1,0.012,40.6,1.6,1.14,2.8,29.7,25.121381,-80.802881,S2A_MSIL2A_20250615T160521_N0511_R054_T17RNH_20250615T222322,2025-06-15 16:05:21.024,8.885614,2.0,-0.0930454545454545,11,-0.0530272727272727,11,-0.0938454545454545,11
FLAB15,2025-07-17,0.09,1.36,4.83,0.005,8.0,0.008,39.1,1.2,0.866,1.9,28.7,25.121381,-80.802881,S2C_MSIL2A_20250802T160531_N0511_R054_T17RNH_20250802T202613,2025-08-02 16:05:31.025,4.725419,16.0,-0.1374,11,-0.0764181818181818,11,-0.1542545454545454,11
FLAB15,2025-08-18,0.055,0.539,3.97,0.005,8.2,0.007,38.9,1.8,0.73,1.2,32.3,25.121381,-80.802881,S2C_MSIL2A_20250822T160531_N0511_R054_T17RNH_20250822T205612,2025-08-22 16:05:31.025,4.462308,4.0,-0.0904909090909091,11,-0.042390909090909,11,-0.0921636363636363,11
FLAB15,2025-09-15,0.08,1.17,4.59,0.005,8.1,0.007,32.9,1.3,0.542,3.2,29.9,25.121381,-80.802881,S2C_MSIL2A_20251001T160531_N0511_R054_T17RNH_20251001T205018,2025-10-01 16:05:31.025,1.61,16.0,-0.0303363636363636,11,-0.0130090909090909,11,-0.0720909090909091,11
FLAB15,2025-10-01,0.016,3.2,5.23,0.005,8.0,0.013,32.9,1.8,0.919,2.3,28.9,25.121381,-80.802881,S2C_MSIL2A_20251001T160531_N0511_R054_T17RNH_20251001T205018,2025-10-01 16:05:31.025,1.61,0.0,-0.0303363636363636,11,-0.0130090909090909,11,-0.0720909090909091,11
FLAB15,2025-11-12,0.069,6.82,7.46,0.005,8.1,0.029,36.2,0.4,1.3,24.3,17.6,25.121381,-80.802881,S2A_MSIL2A_20251122T160531_N0511_R054_T17RNH_20251122T183708,2025-11-22 16:05:31.024,5.56,10.0,-0.0423454545454545,11,-0.0181090909090909,11,-0.0853090909090909,11
FLAB15,2025-12-11,0.127,1.28,6.81,0.005,8.0,0.01,33.8,1.5,0.811,2.8,22.7,25.121381,-80.802881,S2C_MSIL2A_20251220T160521_N0511_R054_T17RNH_20251220T191014,2025-12-20 16:05:21.025,10.66,9.0,-0.1090818181818181,11,-0.0506545454545454,11,-0.1328818181818181,11
FLAB16,2016-01-21,0.015,1.02,7.94,0.005,7.8,0.013,33.1,1.4,0.42,6.7,16.4,25.118269,-80.93965,S2A_MSIL2A_20160102T155642_N0500_R054_T17RNH_20231010T064726,2016-01-02 15:56:42.030,8.37,18.0,-0.03489,10,-0.02963,10,-0.00948,10
FLAB16,2016-02-16,0.022,3.9,7.19,0.03,7.9,0.019,30.2,2.2,0.466,8.2,20.0,25.118269,-80.93965,,,,,,0,,0,,0
FLAB16,2016-04-14,0.005,1.4,5.74,0.005,7.9,0.016,32.4,0.8,0.305,7.8,25.8,25.118269,-80.93965,S2A_MSIL2A_20160401T154922_N0500_R054_T17RNH_20231021T232321,2016-04-01 15:49:22.030,10.03,12.0,-0.24709,10,-0.14992,10,-0.16574,10
FLAB16,2016-06-29,0.01,1.47,5.43,0.005,8.0,0.018,35.3,1.0,0.369,7.8,30.1,25.118269,-80.93965,S2A_MSIL2A_20160630T160512_N0500_R054_T17RNH_20231015T211056,2016-06-30 16:05:12.027,18.46,1.0,-0.31429,10,-0.18419,10,-0.1917599999999999,10
FLAB16,2016-08-25,0.032,3.9,5.05,0.014,8.0,0.028,36.7,0.8,0.399,17.4,30.1,25.118269,-80.93965,S2A_MSIL2A_20160918T160512_N0500_R054_T17RNH_20230930T023451,2016-09-18 16:05:12.026,14.25,24.0,-0.28038,10,-0.15143,10,-0.24023,10
FLAB16,2016-10-24,0.018,4.49,6.18,0.005,7.9,0.022,33.9,1.5,0.376,11.7,24.3,25.118269,-80.93965,,,,,,0,,0,,0
FLAB16,2016-12-21,0.026,8.0,6.52,0.051,8.0,0.017,33.5,2.2,0.502,13.6,25.1,25.118269,-80.93965,S2A_MSIL2A_20161127T160512_N0500_R054_T17RNH_20230927T160903,2016-11-27 16:05:12.026,11.47,23.0,-0.2609599999999999,10,-0.14243,10,-0.2312699999999999,10
FLAB16,2017-02-20,0.03,1.53,6.05,0.008,7.9,0.016,35.1,2.0,0.31,6.1,24.1,25.118269,-80.93965,S2A_MSIL2A_20170215T160511_N0500_R054_T17RNH_20230917T075421,2017-02-15 16:05:11.026,3.45,4.0,-0.31167,10,-0.17902,10,-0.25454,10
FLAB16,2017-04-20,0.068,2.72,5.43,0.098,7.9,0.031,45.1,1.3,1.22,18.1,24.5,25.118269,-80.93965,,,,,,0,,0,,0
FLAB16,2017-08-01,0.036,3.04,5.2,0.02,8.1,0.02,39.0,1.7,0.423,8.3,28.7,25.118269,-80.93965,S2A_MSIL2A_20170804T160511_N0500_R054_T17RNH_20230826T141136,2017-08-04 16:05:11.026,7.87,3.0,-0.16494,10,-0.10894,10,-0.10493,10
FLAB16,2017-10-12,0.482,10.5,5.4,0.019,7.8,0.036,33.3,0.67,1.18,17.7,28.1,25.118269,-80.93965,S2A_MSIL2A_20171003T160511_N0500_R054_T17RNH_20230817T084655,2017-10-03 16:05:11.026,13.94,8.0,-0.11331,10,-0.08427,10,-0.1205,10
FLAB16,2017-12-13,0.148,6.48,7.47,0.05,7.6,0.036,28.9,0.4,0.57,23.8,17.8,25.118269,-80.93965,S2A_MSIL2A_20171202T160511_N0500_R054_T17RNH_20230806T075400,2017-12-02 16:05:11.026,15.47,10.0,-0.14642,10,-0.07342,10,-0.19119,10
FLAB16,2018-02-28,0.161,13.8,8.58,0.104,7.7,0.059,32.4,0.4,1.17,53.7,25.1,25.118269,-80.93965,S2B_MSIL2A_20180317T160509_N0500_R054_T17RNH_20230710T201059,2018-03-17 16:05:09.027,3.5,17.0,-0.3129699999999999,10,-0.17923,10,-0.27526,10
FLAB16,2018-04-10,0.056,4.15,1.29,0.116,7.7,0.027,36.5,1.0,0.628,8.4,28.5,25.118269,-80.93965,S2A_MSIL2A_20180421T160511_N0500_R054_T17RNH_20230630T222736,2018-04-21 16:05:11.026,19.08,11.0,-0.16202,10,-0.0919,10,-0.10048,10
FLAB16,2018-06-07,0.075,2.94,4.65,0.102,7.8,0.032,32.8,0.6,0.657,19.4,29.7,25.118269,-80.93965,S2B_MSIL2A_20180605T160509_N0500_R054_T17RNH_20230715T182439,2018-06-05 16:05:09.024,13.59,1.0,-0.21741,10,-0.14204,10,-0.1688599999999999,10
FLAB16,2018-08-06,0.029,3.9,5.4,0.03,7.8,0.037,35.8,0.6,0.561,21.3,29.5,25.118269,-80.93965,S2A_MSIL2A_20180809T160511_N0500_R054_T17RNH_20230711T022345,2018-08-09 16:05:11.024,8.3,3.0,-0.19888,10,-0.12754,10,-0.21456,10
FLAB16,2018-10-03,0.016,8.07,5.46,0.005,7.9,0.02,37.1,1.5,0.398,4.0,28.1,25.118269,-80.93965,S2A_MSIL2A_20180928T160511_N0510_R054_T17RNH_20250531T034550,2018-09-28 16:05:11.024,3.004363,4.0,-0.18214,10,-0.10325,10,-0.16535,10
FLAB16,2018-12-17,0.007,11.8,7.43,0.005,7.9,0.02,32.6,0.8,0.466,10.4,21.5,25.118269,-80.93965,S2A_MSIL2A_20181217T160501_N0500_R054_T17RNH_20230630T025600,2018-12-17 16:05:01.024,3.73,0.0,-0.11312,10,-0.0520299999999999,10,-0.11797,10
FLAB16,2019-02-26,0.199,5.53,5.78,0.126,7.7,0.031,33.3,0.3,0.92,24.7,25.1,25.118269,-80.93965,S2B_MSIL2A_20190302T160509_N0500_R054_T17RNH_20221114T204209,2019-03-02 16:05:09.024,3.51,4.0,-0.33163,10,-0.20151,10,-0.31137,10
FLAB16,2019-04-15,0.048,2.97,5.48,0.023,8.2,0.033,36.3,0.5,0.76,22.4,27.6,25.118269,-80.93965,S2A_MSIL2A_20190416T160511_N0500_R054_T17RNH_20221023T193830,2019-04-16 16:05:11.024,0.71,1.0,-0.22784,10,-0.14593,10,-0.24519,10
FLAB16,2019-06-11,0.057,2.27,4.76,0.077,7.3,0.027,37.6,1.0,0.517,11.0,30.3,25.118269,-80.93965,S2A_MSIL2A_20190625T160521_N0500_R054_T17RNH_20230508T164541,2019-06-25 16:05:21.024,2.13,14.0,-0.27162,10,-0.15766,10,-0.1234,10
FLAB16,2019-08-08,0.02,3.6,4.63,0.03,7.8,0.018,36.0,0.9,0.396,8.5,31.1,25.118269,-80.93965,S2B_MSIL2A_20190819T160519_N0500_R054_T17RNH_20230505T071445,2019-08-19 16:05:19.024,12.15,11.0,-0.25634,10,-0.15911,10,-0.15416,10
FLAB16,2019-10-08,0.013,12.2,5.66,0.005,7.7,0.022,32.5,0.8,0.533,7.5,27.3,25.118269,-80.93965,S2A_MSIL2A_20191013T160511_N0500_R054_T17RNH_20230614T052238,2019-10-13 16:05:11.024,9.57,5.0,-0.08066,10,-0.03772,10,-0.11825,10
FLAB16,2019-12-05,0.005,5.49,7.11,0.005,8.0,0.013,32.5,1.7,0.403,4.4,21.5,25.118269,-80.93965,S2B_MSIL2A_20191207T160509_N0500_R054_T17RNH_20230525T143258,2019-12-07 16:05:09.024,9.01,2.0,-0.13052,10,-0.05887,10,-0.0905,10
FLAB16,2020-02-03,0.018,1.33,7.18,0.034,8.0,0.02,32.2,1.4,0.458,5.2,19.3,25.118269,-80.93965,S2B_MSIL2A_20200126T160509_N0500_R054_T17RNH_20230424T055929,2020-01-26 16:05:09.024,0.01,7.0,-0.29767,10,-0.1703599999999999,10,-0.27073,10
FLAB16,2020-04-01,0.011,4.29,6.56,0.005,7.9,0.042,36.9,0.3,0.51,38.7,26.8,25.118269,-80.93965,S2B_MSIL2A_20200326T160509_N0500_R054_T17RNH_20230409T144543,2020-03-26 16:05:09.024,3.76,5.0,-0.3685199999999999,10,-0.25072,10,-0.3245099999999999,10
FLAB16,2020-06-01,0.005,6.76,5.21,0.005,8.1,0.029,35.5,0.4,0.47,19.3,29.8,25.118269,-80.93965,S2A_MSIL2A_20200609T160521_N0500_R054_T17RNH_20230412T130437,2020-06-09 16:05:21.024,11.27,8.0,-0.20851,10,-0.12628,10,-0.18709,10
FLAB16,2020-08-13,0.005,3.94,5.67,0.005,7.9,0.017,36.3,1.1,0.385,5.8,31.0,25.118269,-80.93965,S2B_MSIL2A_20200813T160519_N0500_R054_T17RNH_20230317T064934,2020-08-13 16:05:19.024,8.8,0.0,-0.28645,10,-0.17778,10,-0.13906,10
FLAB16,2020-10-12,0.007,8.07,5.77,0.005,7.9,0.027,35.1,1.0,0.637,7.5,29.9,25.118269,-80.93965,S2B_MSIL2A_20201012T160519_N0500_R054_T17RNH_20230307T135614,2020-10-12 16:05:19.024,7.31,0.0,-0.1973099999999999,10,-0.09808,10,-0.13717,10
FLAB16,2020-12-09,0.009,5.89,7.6,0.005,8.1,0.013,30.0,1.2,0.435,6.8,18.6,25.118269,-80.93965,S2A_MSIL2A_20201126T160511_N0500_R054_T17RNH_20230304T135940,2020-11-26 16:05:11.024,7.4,12.0,-0.21836,10,-0.12038,10,-0.23399,10
FLAB16,2021-01-07,0.011,1.64,7.47,0.005,8.1,0.013,29.0,1.5,0.335,5.9,20.5,25.118269,-80.93965,S2A_MSIL2A_20210105T160511_N0500_R054_T17RNH_20230224T230042,2021-01-05 16:05:11.024,0.15,1.0,-0.21402,10,-0.10987,10,-0.16265,10
FLAB16,2021-03-17,0.049,4.76,6.36,0.005,7.8,0.026,33.6,1.0,0.415,17.6,23.7,25.118269,-80.93965,S2B_MSIL2A_20210331T160509_N0500_R054_T17RNH_20230519T193433,2021-03-31 16:05:09.024,4.3,14.0,-0.22166,10,-0.16904,10,-0.2379099999999999,10
FLAB16,2021-05-24,0.008,16.4,5.63,0.005,8.0,0.05,40.9,0.4,1.01,44.2,25.1,25.118269,-80.93965,S2B_MSIL2A_20210510T160509_N0500_R054_T17RNH_20230208T043056,2021-05-10 16:05:09.024,3.55,13.0,-0.2522,10,-0.16965,10,-0.22501,10
FLAB16,2021-07-01,0.018,3.01,5.51,0.022,7.9,0.022,39.1,0.8,0.662,9.8,27.5,25.118269,-80.93965,S2A_MSIL2A_20210704T160511_N0500_R054_T17RNH_20230129T022912,2021-07-04 16:05:11.024,4.55,3.0,-0.2207599999999999,10,-0.13526,10,-0.13612,10
FLAB16,2021-10-13,0.018,2.27,5.48,0.005,7.9,0.019,36.7,0.9,0.357,9.7,28.6,25.118269,-80.93965,S2B_MSIL2A_20211017T160509_N0500_R054_T17RNH_20230105T060942,2021-10-17 16:05:09.024,1.5,4.0,-0.3607599999999999,10,-0.21175,10,-0.2332,10
FLAB16,2021-12-27,0.017,2.83,6.87,0.005,7.9,0.02,31.8,0.9,0.341,8.4,23.0,25.118269,-80.93965,S2A_MSIL2A_20211231T160511_N0500_R054_T17RNH_20221227T085604,2021-12-31 16:05:11.024,1.67,4.0,-0.24758,10,-0.15437,10,-0.21894,10
FLAB16,2022-02-08,0.006,1.13,6.81,0.005,7.9,0.015,32.4,1.5,0.329,5.3,22.5,25.118269,-80.93965,S2A_MSIL2A_20220130T160511_N0510_R054_T17RNH_20240508T134151,2022-01-30 16:05:11.024,4.314916,8.0,-0.29334,10,-0.1875099999999999,10,-0.29613,10
FLAB16,2022-04-07,0.019,12.4,6.12,0.005,8.0,0.034,37.5,0.4,0.682,24.3,27.9,25.118269,-80.93965,S2B_MSIL2A_20220425T160509_N0510_R054_T17RNH_20240605T092546,2022-04-25 16:05:09.024,11.56,18.0,-0.21358,10,-0.15895,10,-0.23089,10
FLAB16,2022-06-22,0.015,3.08,6.09,0.005,7.9,0.021,36.1,0.8,0.459,10.1,29.4,25.118269,-80.93965,S2A_MSIL2A_20220629T160521_N0510_R054_T17RNH_20240628T194938,2022-06-29 16:05:21.024,4.056241,7.0,-0.25803,10,-0.14115,10,-0.13375,10
FLAB16,2022-08-18,0.014,10.7,5.55,0.005,8.1,0.063,41.0,1.0,1.26,10.4,32.1,25.118269,-80.93965,S2A_MSIL2A_20220818T160521_N0510_R054_T17RNH_20240629T103659,2022-08-18 16:05:21.024,4.266037,0.0,-0.1248599999999999,10,-0.06401,10,-0.13659,10
FLAB16,2022-10-20,0.017,3.75,6.44,0.007,8.0,0.016,36.8,1.3,0.37,7.2,24.6,25.118269,-80.93965,S2B_MSIL2A_20221022T160509_N0510_R054_T17RNH_20240729T211221,2022-10-22 16:05:09.024,18.645181,2.0,-0.25977,10,-0.14124,10,-0.2052699999999999,10
FLAB16,2022-12-19,0.009,1.97,6.91,0.005,7.9,0.017,31.5,1.2,0.323,7.6,23.5,25.118269,-80.93965,S2B_MSIL2A_20221211T160509_N0510_R054_T17RNH_20240806T114151,2022-12-11 16:05:09.024,0.090929,7.0,-0.29611,10,-0.16588,10,-0.23858,10
FLAB16,2023-01-30,0.009,2.1,7.09,0.005,7.9,0.019,31.8,0.8,0.343,10.8,22.9,25.118269,-80.93965,S2A_MSIL2A_20230125T160511_N0510_R054_T17RNH_20240807T063957,2023-01-25 16:05:11.024,8.66,4.0,-0.27339,10,-0.14599,10,-0.20903,10
FLAB16,2023-03-14,0.005,1.23,6.16,0.005,8.0,0.014,35.4,1.0,0.254,6.4,25.8,25.118269,-80.93965,S2B_MSIL2A_20230301T160509_N0510_R054_T17RNH_20240817T102704,2023-03-01 16:05:09.025,0.13,12.0,-0.3456599999999999,10,-0.19513,10,-0.20475,10
FLAB16,2023-05-11,0.017,1.95,5.55,0.005,7.9,0.025,38.2,0.9,0.319,8.8,28.0,25.118269,-80.93965,S2A_MSIL2A_20230515T160511_N0510_R054_T17RNH_20240810T080114,2023-05-15 16:05:11.024,9.75,4.0,-0.2625699999999999,10,-0.16944,10,-0.17747,10
FLAB16,2023-07-27,0.005,0.965,5.72,0.005,8.3,0.02,38.5,1.5,0.308,4.2,30.1,25.118269,-80.93965,S2A_MSIL2A_20230724T160511_N0510_R054_T17RNH_20240820T071355,2023-07-24 16:05:11.024,5.24,2.0,-0.14304,10,-0.0819,10,-0.05672,10
FLAB16,2023-09-27,0.011,3.97,5.88,0.005,8.1,0.015,38.1,1.4,0.412,3.6,29.1,25.118269,-80.93965,S2B_MSIL2A_20231007T160509_N0510_R054_T17RNH_20241022T112823,2023-10-07 16:05:09.024,1.06,10.0,-0.31106,10,-0.16934,10,-0.1180799999999999,10
FLAB16,2023-11-13,0.01,1.67,5.01,0.005,7.9,0.013,37.7,1.2,0.414,6.3,26.4,25.118269,-80.93965,S2A_MSIL2A_20231121T160511_N0510_R054_T17RNH_20241020T231123,2023-11-21 16:05:11.024,8.03,8.0,-0.29255,10,-0.17103,10,-0.24248,10
FLAB16,2024-01-08,0.016,1.08,6.51,0.007,7.9,0.013,30.0,1.0,0.403,8.0,20.0,25.118269,-80.93965,S2A_MSIL2A_20231231T160511_N0510_R054_T17RNH_20231231T210949,2023-12-31 16:05:11.024,0.01,7.0,-0.23396,10,-0.1208299999999999,10,-0.16183,10
FLAB16,2024-03-04,0.005,0.644,6.69,0.005,8.0,0.011,30.8,1.7,0.377,3.7,25.1,25.118269,-80.93965,S2B_MSIL2A_20240315T160509_N0510_R054_T17RNH_20240315T200115,2024-03-15 16:05:09.024,8.77,11.0,-0.26433,10,-0.14379,10,-0.13944,10
FLAB16,2024-05-13,0.028,2.12,5.24,0.009,8.2,0.023,36.5,1.0,0.6895,7.0,29.4,25.118269,-80.93965,S2A_MSIL2A_20240509T160511_N0510_R054_T17RNH_20240509T224244,2024-05-09 16:05:11.024,3.91,3.0,-0.14265,10,-0.0814,10,-0.15757,10
FLAB16,2024-07-15,0.005,1.46,5.98,0.005,8.0,0.014,37.6,1.6,0.424,4.0,29.8,25.118269,-80.93965,S2A_MSIL2A_20240628T160511_N0510_R054_T17RNH_20240628T223450,2024-06-28 16:05:11.024,3.75,16.0,-0.17742,10,-0.09887,10,-0.08725,10
FLAB16,2024-09-12,0.007,1.42,5.51,0.005,8.0,0.009,38.5,1.6,0.363,3.2,31.5,25.118269,-80.93965,S2B_MSIL2A_20241001T160509_N0511_R054_T17RNH_20241001T210909,2024-10-01 16:05:09.024,5.16,19.0,-0.10272,10,-0.04986,10,-0.12679,10
FLAB16,2024-12-09,0.005,2.78,7.89,0.005,8.0,0.016,31.2,1.3,0.44,4.1,20.2,25.118269,-80.93965,S2A_MSIL2A_20241115T160511_N0511_R054_T17RNH_20241115T205649,2024-11-15 16:05:11.024,4.75,23.0,-0.17307,10,-0.08814,10,-0.21791,10
FLAB16,2025-02-05,0.01,1.87,6.7,0.005,8.0,0.013,31.0,1.5,0.256,3.2,23.8,25.118269,-80.93965,S2B_MSIL2A_20250119T160509_N0511_R054_T17RNH_20250119T211653,2025-01-19 16:05:09.024,1.34,16.0,-0.2873699999999999,10,-0.15411,10,-0.175,10
FLAB16,2025-06-18,0.015,3.81,5.84,0.005,8.2,0.016,36.8,1.5,0.571,3.8,29.5,25.118269,-80.93965,S2A_MSIL2A_20250615T160521_N0511_R054_T17RNH_20250615T222322,2025-06-15 16:05:21.024,8.885614,2.0,-0.13538,10,-0.08043,10,-0.1241599999999999,10
FLAB16,2025-08-18,0.005,1.01,6.49,0.005,8.2,0.012,37.9,1.9,0.313,3.0,32.2,25.118269,-80.93965,S2C_MSIL2A_20250822T160531_N0511_R054_T17RNH_20250822T205612,2025-08-22 16:05:31.025,4.462308,4.0,-0.34481,10,-0.20984,10,-0.1971,10
FLAB16,2025-10-01,0.005,1.5,5.8,0.005,7.9,0.012,35.5,1.7,0.32,2.7,29.4,25.118269,-80.93965,S2C_MSIL2A_20251001T160531_N0511_R054_T17RNH_20251001T205018,2025-10-01 16:05:31.025,1.61,0.0,-0.16233,10,-0.07637,10,-0.09252,10
FLAB16,2025-11-12,0.008,3.53,7.16,0.005,8.0,0.019,34.1,1.2,0.4,9.0,19.7,25.118269,-80.93965,S2A_MSIL2A_20251122T160531_N0511_R054_T17RNH_20251122T183708,2025-11-22 16:05:31.024,5.56,10.0,-0.21534,10,-0.1123599999999999,10,-0.23054,10
FLAB18,2016-01-26,0.018,0.267,9.62,0.005,8.0,0.006,32.7,1.4,0.356,2.1,17.5,25.002419,-80.9001,S2A_MSIL2A_20160102T155642_N0500_R054_T17RNH_20231010T064726,2016-01-02 15:56:42.030,8.37,23.0,0.00675,12,0.0026666666666666,12,-0.0183916666666666,12
FLAB18,2016-02-23,0.017,0.137,7.04,0.005,8.0,0.006,31.9,1.9,0.387,0.4,22.6,25.002419,-80.9001,,,,,,0,,0,,0
FLAB18,2016-04-06,0.02,0.236,7.11,0.005,8.2,0.007,31.7,1.6,0.495,0.8,25.2,25.002419,-80.9001,S2A_MSIL2A_20160401T154922_N0500_R054_T17RNH_20231021T232321,2016-04-01 15:49:22.030,10.03,4.0,-0.0922166666666666,12,-0.0478833333333333,12,-0.0485083333333333,12
FLAB18,2016-06-30,0.005,0.32,4.73,0.005,8.0,0.008,36.2,1.9,0.489,0.2,31.1,25.002419,-80.9001,S2A_MSIL2A_20160630T160512_N0500_R054_T17RNH_20231015T211056,2016-06-30 16:05:12.027,18.46,0.0,-0.0191666666666666,12,-0.0083,12,-0.0220666666666666,12
FLAB18,2016-09-14,0.033,1.29,4.58,0.005,7.9,0.009,37.7,2.2,0.682,0.9,29.9,25.002419,-80.9001,S2A_MSIL2A_20160918T160512_N0500_R054_T17RNH_20230930T023451,2016-09-18 16:05:12.026,14.25,4.0,0.0098916666666666,12,0.0039583333333333,12,-0.0221916666666666,12
FLAB18,2016-11-15,0.03,24.2,5.12,0.005,8.0,0.048,35.3,1.9,1.93,6.8,24.9,25.002419,-80.9001,S2A_MSIL2A_20161127T160512_N0500_R054_T17RNH_20230927T160903,2016-11-27 16:05:12.026,11.47,12.0,0.0002666666666666,12,9.166666666666668e-05,12,-0.0183333333333333,12
FLAB18,2016-12-14,0.01,5.28,7.82,0.005,8.0,0.015,32.2,1.8,0.676,1.0,25.3,25.002419,-80.9001,S2A_MSIL2A_20161127T160512_N0500_R054_T17RNH_20230927T160903,2016-11-27 16:05:12.026,11.47,16.0,0.0002666666666666,12,9.166666666666668e-05,12,-0.0183333333333333,12
FLAB18,2017-02-09,0.017,0.114,8.94,0.005,8.3,0.007,36.0,1.4,0.322,0.5,25.9,25.002419,-80.9001,S2A_MSIL2A_20170215T160511_N0500_R054_T17RNH_20230917T075421,2017-02-15 16:05:11.026,3.45,6.0,-0.0153833333333333,12,-0.0064,12,-0.0234,12
FLAB18,2017-04-24,0.02,0.325,6.4,0.005,8.1,0.01,40.9,1.9,0.574,1.0,25.5,25.002419,-80.9001,,,,,,0,,0,,0
FLAB18,2017-07-26,0.014,1.01,4.45,0.005,8.1,0.009,43.0,1.8,0.713,0.9,31.1,25.002419,-80.9001,S2A_MSIL2A_20170804T160511_N0500_R054_T17RNH_20230826T141136,2017-08-04 16:05:11.026,7.87,9.0,-0.00505,12,-0.0028333333333333,12,-0.0214916666666666,12
FLAB18,2017-08-22,0.024,3.08,4.47,0.005,8.2,0.009,41.7,1.4,0.633,0.5,29.8,25.002419,-80.9001,S2A_MSIL2A_20170804T160511_N0500_R054_T17RNH_20230826T141136,2017-08-04 16:05:11.026,7.87,17.0,-0.00505,12,-0.0028333333333333,12,-0.0214916666666666,12
FLAB18,2017-10-16,0.006,17.5,4.35,0.005,8.1,0.031,33.1,1.8,1.53,3.6,29.0,25.002419,-80.9001,S2A_MSIL2A_20171003T160511_N0500_R054_T17RNH_20230817T084655,2017-10-03 16:05:11.026,13.94,12.0,-0.0522666666666666,12,-0.02555,12,-0.0293666666666666,12
FLAB18,2017-12-19,0.014,1.39,7.27,0.005,8.2,0.01,28.9,1.3,0.416,1.3,22.8,25.002419,-80.9001,S2B_MSIL2A_20171227T160459_N0500_R054_T17RNH_20230720T070737,2017-12-27 16:04:59.027,6.53,8.0,-0.0429833333333333,12,-0.0166166666666666,12,-0.0208083333333333,12
FLAB18,2018-02-15,0.019,0.343,5.74,0.005,8.1,0.011,32.0,2.1,1.0,1.6,24.5,25.002419,-80.9001,S2B_MSIL2A_20180205T160509_N0500_R054_T17RNH_20230804T115018,2018-02-05 16:05:09.027,6.15,9.0,-0.0762333333333333,12,-0.031275,12,-0.049275,12
FLAB18,2018-04-12,0.01,0.358,5.23,0.005,8.4,0.011,38.0,1.2,0.627,1.0,26.7,25.002419,-80.9001,S2A_MSIL2A_20180421T160511_N0500_R054_T17RNH_20230630T222736,2018-04-21 16:05:11.026,19.08,9.0,-0.0744583333333333,12,-0.0376583333333333,12,-0.0454166666666666,12
FLAB18,2018-06-12,0.012,0.532,6.01,0.005,8.2,0.009,33.5,1.6,0.478,0.4,29.5,25.002419,-80.9001,S2B_MSIL2A_20180605T160509_N0500_R054_T17RNH_20230715T182439,2018-06-05 16:05:09.024,13.59,6.0,-0.066675,12,-0.038275,12,-0.0369083333333333,12
FLAB18,2018-08-09,0.012,0.313,5.02,0.005,7.9,0.006,35.2,1.3,0.511,0.4,30.8,25.002419,-80.9001,S2A_MSIL2A_20180809T160511_N0500_R054_T17RNH_20230711T022345,2018-08-09 16:05:11.024,8.3,0.0,0.0305333333333333,12,0.0140916666666666,12,-0.0151416666666666,12
FLAB18,2018-10-22,0.021,19.0,5.42,0.005,8.1,0.03,37.4,0.7,1.83,4.2,27.9,25.002419,-80.9001,S2A_MSIL2A_20181018T160511_N0500_R054_T17RNH_20230706T010334,2018-10-18 16:05:11.024,8.03,3.0,-0.0214583333333333,12,-0.0096083333333333,12,-0.0676333333333333,12
FLAB18,2018-12-04,0.023,4.34,7.8,0.005,8.0,0.01,35.9,1.7,0.483,1.5,24.1,25.002419,-80.9001,S2B_MSIL2A_20181202T160509_N0500_R054_T17RNH_20230623T141113,2018-12-02 16:05:09.024,10.75,1.0,-0.1072416666666666,12,-0.0487916666666666,12,-0.0548583333333333,12
FLAB18,2019-02-18,0.021,0.357,7.63,0.005,8.0,0.01,33.3,1.4,1.14,1.7,25.0,25.002419,-80.9001,S2B_MSIL2A_20190302T160509_N0500_R054_T17RNH_20221114T204209,2019-03-02 16:05:09.024,3.51,12.0,-0.05515,12,-0.02225,12,-0.0462,12
FLAB18,2019-04-03,0.019,0.524,5.41,0.005,7.6,0.013,36.2,1.8,0.471,1.3,26.1,25.002419,-80.9001,S2B_MSIL2A_20190411T160519_N0500_R054_T17RNH_20221023T185626,2019-04-11 16:05:19.024,3.66,8.0,-0.1078583333333333,12,-0.047875,12,-0.0580083333333333,12
FLAB18,2019-07-15,0.013,0.508,5.33,0.005,7.5,0.007,36.9,1.6,0.483,0.5,29.7,25.002419,-80.9001,S2A_MSIL2A_20190625T160521_N0500_R054_T17RNH_20230508T164541,2019-06-25 16:05:21.024,2.13,19.0,-0.0863333333333333,12,-0.0408333333333333,12,-0.0513583333333333,12
FLAB18,2019-08-12,0.019,0.396,3.75,0.006,7.9,0.008,35.6,1.6,0.458,0.8,32.3,25.002419,-80.9001,S2B_MSIL2A_20190819T160519_N0500_R054_T17RNH_20230505T071445,2019-08-19 16:05:19.024,12.15,7.0,-0.0725416666666666,12,-0.0418916666666666,12,-0.0369916666666666,12
FLAB18,2019-10-09,0.034,6.24,4.44,0.005,7.9,0.024,38.4,1.0,1.19,3.6,27.9,25.002419,-80.9001,S2A_MSIL2A_20191013T160511_N0500_R054_T17RNH_20230614T052238,2019-10-13 16:05:11.024,9.57,4.0,-0.0585666666666666,12,-0.0276083333333333,12,-0.0617333333333333,12
FLAB18,2020-01-28,0.008,0.412,8.4,0.005,7.6,0.01,34.2,1.6,0.388,1.7,20.5,25.002419,-80.9001,S2B_MSIL2A_20200126T160509_N0500_R054_T17RNH_20230424T055929,2020-01-26 16:05:09.024,0.01,1.0,-0.1645916666666666,12,-0.0757416666666666,12,-0.0841083333333333,12
FLAB18,2020-02-05,0.007,0.124,10.2,0.005,8.2,0.008,32.8,1.4,0.412,0.8,22.0,25.002419,-80.9001,S2B_MSIL2A_20200126T160509_N0500_R054_T17RNH_20230424T055929,2020-01-26 16:05:09.024,0.01,9.0,-0.1645916666666666,12,-0.0757416666666666,12,-0.0841083333333333,12
FLAB18,2020-04-07,0.009,0.441,5.62,0.005,8.2,0.012,38.0,1.0,0.494,1.3,26.6,25.002419,-80.9001,S2B_MSIL2A_20200326T160509_N0500_R054_T17RNH_20230409T144543,2020-03-26 16:05:09.024,3.76,11.0,-0.0670666666666666,12,-0.0287333333333333,12,-0.039275,12
FLAB18,2020-06-17,0.007,3.08,5.55,0.005,8.2,0.009,36.6,1.2,0.658,0.7,29.3,25.002419,-80.9001,S2A_MSIL2A_20200609T160521_N0500_R054_T17RNH_20230412T130437,2020-06-09 16:05:21.024,11.27,7.0,-0.0472083333333333,12,-0.024,12,-0.0363666666666666,12
FLAB18,2020-08-18,0.019,0.501,3.86,0.005,8.0,0.008,38.0,1.0,0.555,0.5,32.7,25.002419,-80.9001,S2B_MSIL2A_20200813T160519_N0500_R054_T17RNH_20230317T064934,2020-08-13 16:05:19.024,8.8,4.0,-0.04215,12,-0.0214,12,-0.0269583333333333,12
FLAB18,2020-10-13,0.012,14.8,5.25,0.005,8.3,0.029,38.9,0.4,1.54,4.4,29.4,25.002419,-80.9001,S2B_MSIL2A_20201012T160519_N0500_R054_T17RNH_20230307T135614,2020-10-12 16:05:19.024,7.31,0.0,-0.0751666666666666,12,-0.0328083333333333,12,-0.0600833333333333,12
FLAB18,2021-02-09,0.012,0.267,8.72,0.005,8.3,0.006,29.8,1.4,0.322,1.0,23.6,25.002419,-80.9001,S2B_MSIL2A_20210301T160509_N0500_R054_T17RNH_20230513T142932,2021-03-01 16:05:09.024,5.26,20.0,-0.0839833333333333,12,-0.0565666666666666,12,-0.0292666666666666,12
FLAB18,2021-03-24,0.021,0.199,8.17,0.005,8.2,0.006,34.6,1.4,0.288,0.4,23.3,25.002419,-80.9001,S2B_MSIL2A_20210331T160509_N0500_R054_T17RNH_20230519T193433,2021-03-31 16:05:09.024,4.3,7.0,-0.0620583333333333,12,-0.0323666666666666,12,-0.0454416666666666,12
FLAB18,2021-06-07,0.012,0.372,5.36,0.005,8.1,0.007,40.8,1.0,0.657,0.7,28.2,25.002419,-80.9001,S2B_MSIL2A_20210609T160509_N0500_R054_T17RNH_20230128T121728,2021-06-09 16:05:09.024,11.23,2.0,-0.0627666666666666,12,-0.03665,12,-0.05165,12
FLAB18,2021-08-05,0.04,0.791,3.6,0.007,8.0,0.008,38.0,1.2,0.516,0.6,30.0,25.002419,-80.9001,S2B_MSIL2A_20210818T160509_N0500_R054_T17RNH_20230117T162001,2021-08-18 16:05:09.024,6.15,13.0,-0.0502,12,-0.0282583333333333,12,-0.0346833333333333,12
FLAB18,2021-10-20,0.027,0.36,5.82,0.005,7.9,0.008,37.8,0.8,0.608,0.6,26.2,25.002419,-80.9001,S2B_MSIL2A_20211017T160509_N0500_R054_T17RNH_20230105T060942,2021-10-17 16:05:09.024,1.5,2.0,-0.0639333333333333,12,-0.0272833333333333,12,-0.0319833333333333,12
FLAB18,2021-12-15,0.027,0.24,8.33,0.005,8.3,0.008,32.0,1.4,0.476,0.4,25.1,25.002419,-80.9001,S2A_MSIL2A_20211201T160511_N0500_R054_T17RNH_20221224T161347,2021-12-01 16:05:11.024,2.02,13.0,-0.0366916666666666,12,-0.0155416666666666,12,-0.0312666666666666,12
FLAB18,2022-01-27,0.013,0.176,8.28,0.005,8.1,0.007,33.5,1.5,0.29,0.3,21.1,25.002419,-80.9001,S2A_MSIL2A_20220130T160511_N0510_R054_T17RNH_20240508T134151,2022-01-30 16:05:11.024,4.314916,3.0,-0.349525,12,-0.2048916666666666,12,-0.2641833333333333,12
FLAB18,2022-04-12,0.013,0.24,6.68,0.005,8.4,0.007,39.1,1.1,0.575,0.5,22.9,25.002419,-80.9001,S2B_MSIL2A_20220425T160509_N0510_R054_T17RNH_20240605T092546,2022-04-25 16:05:09.024,11.56,13.0,-0.03665,12,-0.0199333333333333,12,-0.0249666666666666,12
FLAB18,2022-06-27,0.013,0.24,4.99,0.005,8.2,0.008,37.5,1.9,0.497,0.5,30.5,25.002419,-80.9001,S2A_MSIL2A_20220629T160521_N0510_R054_T17RNH_20240628T194938,2022-06-29 16:05:21.024,4.056241,2.0,-0.0217083333333333,12,-0.0097666666666666,12,-0.023925,12
FLAB18,2022-07-11,0.016,0.32,5.44,0.005,8.3,0.007,39.1,1.95,0.599,0.3,31.4,25.002419,-80.9001,S2A_MSIL2A_20220629T160521_N0510_R054_T17RNH_20240628T194938,2022-06-29 16:05:21.024,4.056241,11.0,-0.0217083333333333,12,-0.0097666666666666,12,-0.023925,12
FLAB18,2022-09-21,0.016,0.276,6.3,0.005,8.3,0.007,40.6,1.8,0.591,0.5,30.5,25.002419,-80.9001,S2B_MSIL2A_20220902T160509_N0510_R054_T17RNH_20240719T005650,2022-09-02 16:05:09.024,4.340765,18.0,-0.0758083333333333,12,-0.0386833333333333,12,-0.046875,12
FLAB18,2023-01-19,0.013,0.1,10.2,0.005,8.4,0.003,32.2,1.3,0.336,0.4,20.0,25.002419,-80.9001,S2A_MSIL2A_20230115T160511_N0510_R054_T17RNH_20240726T230934,2023-01-15 16:05:11.024,0.01,3.0,-0.0464666666666666,12,-0.0194166666666666,12,-0.0411083333333333,12
FLAB18,2023-03-06,0.009,0.154,7.76,0.005,8.3,0.007,40.6,1.5,0.318,0.4,27.1,25.002419,-80.9001,S2B_MSIL2A_20230301T160509_N0510_R054_T17RNH_20240817T102704,2023-03-01 16:05:09.025,0.13,4.0,-0.0268916666666666,12,-0.0107916666666666,12,-0.0146833333333333,12
FLAB18,2023-05-16,0.014,0.461,5.05,0.005,8.2,0.013,41.7,1.8,0.548,0.6,28.1,25.002419,-80.9001,S2A_MSIL2A_20230515T160511_N0510_R054_T17RNH_20240810T080114,2023-05-15 16:05:11.024,9.75,0.0,-0.07335,12,-0.0356166666666666,12,-0.040025,12
FLAB18,2023-07-17,0.008,1.09,4.69,0.005,8.2,0.014,37.6,1.9,0.425,0.3,33.0,25.002419,-80.9001,S2B_MSIL2A_20230709T160519_N0510_R054_T17RNH_20241014T004835,2023-07-09 16:05:19.024,3.25,7.0,-0.0484583333333333,12,-0.023025,12,-0.0212833333333333,12
FLAB18,2023-09-26,0.024,0.766,5.25,0.005,8.1,0.006,38.7,2.3,0.596,0.2,29.4,25.002419,-80.9001,S2B_MSIL2A_20231007T160509_N0510_R054_T17RNH_20241022T112823,2023-10-07 16:05:09.024,1.06,11.0,-0.0404583333333333,12,-0.0171166666666666,12,-0.0061083333333333,12
FLAB18,2023-11-27,0.01,11.1,5.6,0.005,8.1,0.019,32.2,1.3,1.02,1.7,26.3,25.002419,-80.9001,S2A_MSIL2A_20231121T160511_N0510_R054_T17RNH_20241020T231123,2023-11-21 16:05:11.024,8.03,5.0,-0.0360666666666666,12,-0.01645,12,-0.0374416666666666,12
FLAB18,2024-02-21,0.008,0.098,8.36,0.005,8.4,0.008,31.0,1.5,0.415,0.2,19.4,25.002419,-80.9001,S2A_MSIL2A_20240130T160511_N0510_R054_T17RNH_20240130T210100,2024-01-30 16:05:11.024,3.12,21.0,-0.0195333333333333,12,-0.0081166666666666,12,-0.0273583333333333,12
FLAB18,2024-04-18,0.005,0.205,8.9,0.005,8.7,0.006,35.0,1.7,0.7875000000000001,0.2,25.4,25.002419,-80.9001,S2A_MSIL2A_20240409T160511_N0510_R054_T17RNH_20240409T221856,2024-04-09 16:05:11.024,8.95,8.0,0.0030833333333333,12,0.0015,12,-0.020225,12
FLAB18,2024-07-31,0.015,0.621,4.19,0.005,8.0,0.007,39.7,1.0,0.786,0.2,30.8,25.002419,-80.9001,S2B_MSIL2A_20240812T160519_N0511_R054_T17RNH_20240812T194800,2024-08-12 16:05:19.024,6.99,12.0,-0.0314416666666666,12,-0.0158166666666666,12,-0.0260083333333333,12
FLAB18,2024-09-30,0.013,0.341,5.93,0.005,7.8,0.005,37.0,1.8,0.538,0.2,30.7,25.002419,-80.9001,S2B_MSIL2A_20241001T160509_N0511_R054_T17RNH_20241001T210909,2024-10-01 16:05:09.024,5.16,1.0,-0.0353583333333333,12,-0.0153916666666666,12,-0.0077583333333333,12
FLAB18,2024-11-19,0.024,0.405,6.48,0.005,8.1,0.005,31.0,1.6,0.56,1.3,24.0,25.002419,-80.9001,S2A_MSIL2A_20241115T160511_N0511_R054_T17RNH_20241115T205649,2024-11-15 16:05:11.024,4.75,3.0,-0.0253333333333333,12,-0.0107083333333333,12,-0.0189333333333333,12
FLAB18,2025-02-13,0.012,0.186,7.45,0.005,8.3,0.007,32.8,1.6,0.373,0.8,25.9,25.002419,-80.9001,S2B_MSIL2A_20250228T160509_N0511_R054_T17RNH_20250228T194642,2025-02-28 16:05:09.024,0.47,15.0,-0.043625,12,-0.0179583333333333,12,-0.0361,12
FLAB18,2025-03-25,0.012,0.344,7.53,0.005,8.5,0.012,35.5,1.86,0.363,0.4,25.6,25.002419,-80.9001,S2B_MSIL2A_20250320T160509_N0511_R054_T17RNH_20250320T211202,2025-03-20 16:05:09.024,0.418068,4.0,-0.046975,12,-0.0196583333333333,12,-0.038725,12
FLAB18,2025-05-07,0.012,0.333,7.3,0.005,8.4,0.007,41.1,1.5,0.678,0.2,28.6,25.002419,-80.9001,S2A_MSIL2A_20250526T160531_N0511_R054_T17RNH_20250526T203213,2025-05-26 16:05:31.024,2.662065,19.0,-0.0178833333333333,12,-0.0098583333333333,12,-0.0239583333333333,12
FLAB18,2025-07-10,0.037,1.05,3.48,0.005,8.0,0.008,39.1,1.6,0.668,0.3,29.5,25.002419,-80.9001,S2C_MSIL2A_20250802T160531_N0511_R054_T17RNH_20250802T202613,2025-08-02 16:05:31.025,4.725419,23.0,-0.017,12,-0.0078666666666666,12,-0.0167833333333333,12
FLAB18,2025-09-09,0.018,0.464,4.64,0.005,7.8,0.007,37.0,1.9,0.391,0.3,30.3,25.002419,-80.9001,S2C_MSIL2A_20250822T160531_N0511_R054_T17RNH_20250822T205612,2025-08-22 16:05:31.025,4.462308,17.0,-0.055625,12,-0.0251666666666666,12,-0.0249166666666666,12
FLAB18,2025-11-19,0.021,0.301,7.35,0.005,8.2,0.008,36.7,1.8,0.428,0.2,24.2,25.002419,-80.9001,S2A_MSIL2A_20251122T160531_N0511_R054_T17RNH_20251122T183708,2025-11-22 16:05:31.024,5.56,3.0,-0.0074416666666666,12,-0.0030166666666666,12,-0.0225583333333333,12
FLAB19,2016-01-26,0.043,0.233,8.27,0.005,8.0,0.005,34.7,2.5,0.491,2.3,17.4,24.977668999999995,-80.753519,S2A_MSIL2A_20160102T155642_N0500_R054_T17RNH_20231010T064726,2016-01-02 15:56:42.030,8.37,23.0,-0.1920363636363636,11,-0.0899727272727272,11,-0.0768,11
FLAB19,2016-02-23,0.073,1.12,7.0,0.008,8.0,0.007,32.3,1.6,0.82,3.0,22.3,24.977668999999995,-80.753519,,,,,,0,,0,,0
FLAB19,2016-04-06,0.034,1.06,4.2,0.005,8.2,0.008,34.5,2.3,0.69,1.5,25.7,24.977668999999995,-80.753519,S2A_MSIL2A_20160401T154922_N0500_R054_T17RNH_20231021T232321,2016-04-01 15:49:22.030,10.03,4.0,-0.0525090909090909,11,-0.0502363636363636,11,-0.0486727272727272,11
FLAB19,2016-06-30,0.051,0.82,5.23,0.005,8.1,0.006,37.1,2.4,0.633,0.8,31.3,24.977668999999995,-80.753519,S2A_MSIL2A_20160630T160512_N0500_R054_T17RNH_20231015T211056,2016-06-30 16:05:12.027,18.46,0.0,-0.1192181818181818,11,-0.060390909090909,11,-0.0651545454545454,11
FLAB19,2016-09-14,0.033,1.26,5.3,0.005,8.0,0.007,39.2,2.6,0.964,1.9,30.0,24.977668999999995,-80.753519,S2A_MSIL2A_20160918T160512_N0500_R054_T17RNH_20230930T023451,2016-09-18 16:05:12.026,14.25,4.0,-0.0746545454545454,11,-0.032,11,-0.0653090909090909,11
FLAB19,2016-11-15,0.06,0.482,6.65,0.005,8.1,0.005,35.6,2.4,0.46,0.9,24.9,24.977668999999995,-80.753519,S2A_MSIL2A_20161127T160512_N0500_R054_T17RNH_20230927T160903,2016-11-27 16:05:12.026,11.47,12.0,-0.1448545454545454,11,-0.0684,11,-0.0734818181818181,11
FLAB19,2016-12-14,0.014,4.75,6.95,0.005,8.0,0.009,32.9,1.2,0.917,2.8,25.9,24.977668999999995,-80.753519,S2A_MSIL2A_20161127T160512_N0500_R054_T17RNH_20230927T160903,2016-11-27 16:05:12.026,11.47,16.0,-0.1448545454545454,11,-0.0684,11,-0.0734818181818181,11
FLAB19,2017-02-09,0.05,1.15,7.46,0.005,8.0,0.008,35.4,2.5,0.52,3.6,25.4,24.977668999999995,-80.753519,S2A_MSIL2A_20170215T160511_N0500_R054_T17RNH_20230917T075421,2017-02-15 16:05:11.026,3.45,6.0,-0.1411545454545454,11,-0.0653,11,-0.0899545454545454,11
FLAB19,2017-04-24,0.029,0.171,6.26,0.005,7.9,0.003,38.0,2.5,0.218,1.3,25.3,24.977668999999995,-80.753519,,,,,,0,,0,,0
FLAB19,2017-07-26,0.026,0.98,5.26,0.005,8.1,0.006,44.8,2.2,0.764,2.0,31.5,24.977668999999995,-80.753519,S2A_MSIL2A_20170804T160511_N0500_R054_T17RNH_20230826T141136,2017-08-04 16:05:11.026,7.87,9.0,-0.0697090909090909,11,-0.0427090909090909,11,-0.0563,11
FLAB19,2017-08-22,0.028,1.22,5.47,0.005,8.1,0.008,45.4,2.4,0.969,0.7,30.2,24.977668999999995,-80.753519,S2A_MSIL2A_20170804T160511_N0500_R054_T17RNH_20230826T141136,2017-08-04 16:05:11.026,7.87,17.0,-0.0697090909090909,11,-0.0427090909090909,11,-0.0563,11
FLAB19,2017-10-16,0.089,0.562,5.54,0.005,8.0,0.004,32.4,2.6,0.565,1.3,28.6,24.977668999999995,-80.753519,S2A_MSIL2A_20171003T160511_N0500_R054_T17RNH_20230817T084655,2017-10-03 16:05:11.026,13.94,12.0,-0.2700818181818182,11,-0.1584909090909091,11,-0.1478818181818181,11
FLAB19,2017-12-19,0.045,0.469,6.9,0.008,8.1,0.007,27.9,2.5,0.54,0.8,21.3,24.977668999999995,-80.753519,S2B_MSIL2A_20171227T160459_N0500_R054_T17RNH_20230720T070737,2017-12-27 16:04:59.027,6.53,8.0,-0.1405818181818181,11,-0.0588454545454545,11,-0.0978727272727272,11
FLAB19,2018-02-15,0.044,0.556,5.2,0.012,8.0,0.009,31.7,2.3,0.583,1.3,24.7,24.977668999999995,-80.753519,S2B_MSIL2A_20180205T160509_N0500_R054_T17RNH_20230804T115018,2018-02-05 16:05:09.027,6.15,9.0,-0.1927272727272727,11,-0.0873727272727272,11,-0.1198363636363636,11
FLAB19,2018-04-12,0.013,1.87,5.86,0.005,8.3,0.012,38.2,2.3,0.867,2.8,27.1,24.977668999999995,-80.753519,S2A_MSIL2A_20180421T160511_N0500_R054_T17RNH_20230630T222736,2018-04-21 16:05:11.026,19.08,9.0,-0.1149909090909091,11,-0.0619272727272727,11,-0.0945090909090909,11
FLAB19,2018-06-12,0.01,4.83,6.51,0.005,8.4,0.015,33.6,2.0,0.641,2.9,29.8,24.977668999999995,-80.753519,S2B_MSIL2A_20180605T160509_N0500_R054_T17RNH_20230715T182439,2018-06-05 16:05:09.024,13.59,6.0,-0.1072909090909091,11,-0.0640545454545454,11,-0.0738090909090909,11
FLAB19,2018-08-09,0.03,0.919,5.52,0.005,7.9,0.007,36.3,2.3,0.544,1.5,30.7,24.977668999999995,-80.753519,S2A_MSIL2A_20180809T160511_N0500_R054_T17RNH_20230711T022345,2018-08-09 16:05:11.024,8.3,0.0,-0.0772545454545454,11,-0.0400272727272727,11,-0.0654454545454545,11
FLAB19,2018-10-22,0.025,0.329,6.26,0.005,8.0,0.003,37.5,2.4,0.39,0.8,27.7,24.977668999999995,-80.753519,S2A_MSIL2A_20181018T160511_N0500_R054_T17RNH_20230706T010334,2018-10-18 16:05:11.024,8.03,3.0,-0.2170363636363636,11,-0.1088818181818181,11,-0.0897454545454545,11
FLAB19,2018-12-04,0.027,2.66,7.06,0.005,8.1,0.009,37.9,1.5,0.698,1.1,23.7,24.977668999999995,-80.753519,S2B_MSIL2A_20181202T160509_N0500_R054_T17RNH_20230623T141113,2018-12-02 16:05:09.024,10.75,1.0,-0.1121636363636363,11,-0.0515,11,-0.1021363636363636,11
FLAB19,2019-02-18,0.015,0.58,7.16,0.005,8.1,0.008,34.3,2.3,0.514,1.3,24.7,24.977668999999995,-80.753519,S2B_MSIL2A_20190302T160509_N0500_R054_T17RNH_20221114T204209,2019-03-02 16:05:09.024,3.51,12.0,-0.2405545454545454,11,-0.1134818181818181,11,-0.1122727272727272,11
FLAB19,2019-04-03,0.011,1.41,6.84,0.005,8.0,0.008,37.8,2.5,0.862,0.9,26.1,24.977668999999995,-80.753519,S2B_MSIL2A_20190411T160519_N0500_R054_T17RNH_20221023T185626,2019-04-11 16:05:19.024,3.66,8.0,-0.1423545454545454,11,-0.0638090909090909,11,-0.0745454545454545,11
FLAB19,2019-07-15,0.023,0.581,6.2,0.005,7.8,0.007,40.4,2.7,0.848,0.9,29.9,24.977668999999995,-80.753519,S2A_MSIL2A_20190625T160521_N0500_R054_T17RNH_20230508T164541,2019-06-25 16:05:21.024,2.13,19.0,-0.1064909090909091,11,-0.050890909090909,11,-0.0695545454545454,11
FLAB19,2019-08-12,0.037,1.0,4.63,0.005,8.1,0.009,39.7,1.8,1.05,1.7,32.5,24.977668999999995,-80.753519,S2B_MSIL2A_20190819T160519_N0500_R054_T17RNH_20230505T071445,2019-08-19 16:05:19.024,12.15,7.0,-0.1182909090909091,11,-0.0651363636363636,11,-0.0656818181818181,11
FLAB19,2019-10-09,0.063,0.151,5.5,0.005,8.0,0.004,36.0,2.5,0.353,0.7,27.8,24.977668999999995,-80.753519,S2A_MSIL2A_20191013T160511_N0500_R054_T17RNH_20230614T052238,2019-10-13 16:05:11.024,9.57,4.0,-0.1937454545454545,11,-0.1060090909090909,11,-0.0976454545454545,11
FLAB19,2020-01-28,0.029,0.375,7.65,0.005,7.7,0.008,38.1,2.4,0.834,0.8,20.2,24.977668999999995,-80.753519,S2B_MSIL2A_20200126T160509_N0500_R054_T17RNH_20230424T055929,2020-01-26 16:05:09.024,0.01,1.0,-0.2106363636363636,11,-0.1013636363636363,11,-0.0948,11
FLAB19,2020-02-05,0.043,0.169,6.83,0.009,8.0,0.004,36.2,2.2,0.705,0.6,21.4,24.977668999999995,-80.753519,S2B_MSIL2A_20200126T160509_N0500_R054_T17RNH_20230424T055929,2020-01-26 16:05:09.024,0.01,9.0,-0.2106363636363636,11,-0.1013636363636363,11,-0.0948,11
FLAB19,2020-04-07,0.039,0.212,5.46,0.006,8.3,0.007,40.4,2.2,0.797,0.5,27.0,24.977668999999995,-80.753519,S2B_MSIL2A_20200326T160509_N0500_R054_T17RNH_20230409T144543,2020-03-26 16:05:09.024,3.76,11.0,-0.2389909090909091,11,-0.1163636363636363,11,-0.1036272727272727,11
FLAB19,2020-06-17,0.039,0.83,5.72,0.005,8.2,0.006,38.2,2.1,0.714,1.0,29.5,24.977668999999995,-80.753519,S2A_MSIL2A_20200609T160521_N0500_R054_T17RNH_20230412T130437,2020-06-09 16:05:21.024,11.27,7.0,-0.1497545454545454,11,-0.0833090909090909,11,-0.0750727272727272,11
FLAB19,2020-08-18,0.02,5.47,4.86,0.005,8.1,0.013,40.7,1.8,1.24,1.8,33.0,24.977668999999995,-80.753519,S2B_MSIL2A_20200813T160519_N0500_R054_T17RNH_20230317T064934,2020-08-13 16:05:19.024,8.8,4.0,-0.091890909090909,11,-0.0481636363636363,11,-0.0661454545454545,11
FLAB19,2020-10-13,0.077,0.492,5.28,0.005,8.2,0.004,33.5,2.3,0.483,0.8,29.5,24.977668999999995,-80.753519,S2B_MSIL2A_20201012T160519_N0500_R054_T17RNH_20230307T135614,2020-10-12 16:05:19.024,7.31,0.0,-0.2195454545454545,11,-0.1072909090909091,11,-0.0743090909090909,11
FLAB19,2021-02-09,0.028,0.332,7.94,0.005,8.2,0.007,30.0,2.7,0.369,0.6,22.6,24.977668999999995,-80.753519,S2B_MSIL2A_20210301T160509_N0500_R054_T17RNH_20230513T142932,2021-03-01 16:05:09.024,5.26,20.0,-0.2573090909090909,11,-0.1375090909090909,11,-0.1005545454545454,11
FLAB19,2021-03-24,0.032,0.412,6.73,0.005,8.4,0.006,33.4,2.1,0.67,0.6,23.6,24.977668999999995,-80.753519,S2B_MSIL2A_20210331T160509_N0500_R054_T17RNH_20230519T193433,2021-03-31 16:05:09.024,4.3,7.0,-0.1013818181818181,11,-0.0543,11,-0.0640181818181818,11
FLAB19,2021-06-07,0.029,0.299,5.67,0.005,8.2,0.005,39.2,2.1,0.272,1.8,27.9,24.977668999999995,-80.753519,S2B_MSIL2A_20210609T160509_N0500_R054_T17RNH_20230128T121728,2021-06-09 16:05:09.024,11.23,2.0,-0.1684636363636363,11,-0.1082272727272727,11,-0.0655545454545454,11
FLAB19,2021-08-05,0.058,0.715,4.53,0.005,8.0,0.005,40.8,2.3,0.908,0.7,30.1,24.977668999999995,-80.753519,S2B_MSIL2A_20210818T160509_N0500_R054_T17RNH_20230117T162001,2021-08-18 16:05:09.024,6.15,13.0,-0.1137272727272727,11,-0.0685636363636363,11,-0.0559727272727272,11
FLAB19,2021-10-20,0.037,0.746,5.97,0.005,7.9,0.007,39.3,2.4,0.864,1.0,26.4,24.977668999999995,-80.753519,S2B_MSIL2A_20211017T160509_N0500_R054_T17RNH_20230105T060942,2021-10-17 16:05:09.024,1.5,2.0,-0.1450545454545454,11,-0.0659181818181818,11,-0.0573727272727272,11
FLAB19,2021-12-15,0.164,0.532,6.28,0.008,8.0,0.005,32.9,2.0,0.77,0.7,24.9,24.977668999999995,-80.753519,S2A_MSIL2A_20211201T160511_N0500_R054_T17RNH_20221224T161347,2021-12-01 16:05:11.024,2.02,13.0,-0.1244818181818181,11,-0.0563818181818181,11,-0.0667636363636363,11
FLAB19,2022-01-27,0.053,0.827,7.33,0.012,8.0,0.006,33.4,2.2,0.52,0.6,20.8,24.977668999999995,-80.753519,S2A_MSIL2A_20220130T160511_N0510_R054_T17RNH_20240508T134151,2022-01-30 16:05:11.024,4.314916,3.0,-0.1862181818181818,11,-0.0916818181818181,11,-0.1139454545454545,11
FLAB19,2022-04-12,0.038,0.391,6.81,0.005,8.2,0.006,38.5,2.0,0.748,1.5,23.5,24.977668999999995,-80.753519,S2B_MSIL2A_20220425T160509_N0510_R054_T17RNH_20240605T092546,2022-04-25 16:05:09.024,11.56,13.0,-0.1277636363636363,11,-0.1122636363636363,11,-0.0169545454545454,11
FLAB19,2022-06-27,0.005,20.1,5.32,0.005,8.2,0.033,36.3,0.7,1.76,5.9,30.9,24.977668999999995,-80.753519,S2A_MSIL2A_20220629T160521_N0510_R054_T17RNH_20240628T194938,2022-06-29 16:05:21.024,4.056241,2.0,-0.0692181818181818,11,-0.031,11,-0.0889454545454545,11
FLAB19,2022-07-11,0.008,11.0,6.18,0.005,8.2,0.023,37.7,0.7,1.48,3.7,31.6,24.977668999999995,-80.753519,S2A_MSIL2A_20220629T160521_N0510_R054_T17RNH_20240628T194938,2022-06-29 16:05:21.024,4.056241,11.0,-0.0692181818181818,11,-0.031,11,-0.0889454545454545,11
FLAB19,2022-09-21,0.009,9.83,5.98,0.005,8.0,0.022,41.3,1.1,1.68,4.1,30.2,24.977668999999995,-80.753519,S2B_MSIL2A_20220902T160509_N0510_R054_T17RNH_20240719T005650,2022-09-02 16:05:09.024,4.340765,18.0,-0.0598727272727272,11,-0.0289,11,-0.0320636363636363,11
FLAB19,2023-01-19,0.036,0.315,8.42,0.005,8.2,0.005,33.7,2.5,0.643,1.0,20.5,24.977668999999995,-80.753519,S2A_MSIL2A_20230115T160511_N0510_R054_T17RNH_20240726T230934,2023-01-15 16:05:11.024,0.01,3.0,-0.1252818181818182,11,-0.0570545454545454,11,-0.1051363636363636,11
FLAB19,2023-03-06,0.027,0.424,6.67,0.005,8.2,0.006,41.4,2.6,0.583,0.4,27.1,24.977668999999995,-80.753519,S2B_MSIL2A_20230301T160509_N0510_R054_T17RNH_20240817T102704,2023-03-01 16:05:09.025,0.13,4.0,-0.1147272727272727,11,-0.048790909090909,11,-0.0901636363636363,11
FLAB19,2023-05-01,0.047,0.864,6.0,0.005,8.2,0.015,41.6,2.5,0.805,1.4,26.6,24.977668999999995,-80.753519,S2A_MSIL2A_20230515T160511_N0510_R054_T17RNH_20240810T080114,2023-05-15 16:05:11.024,9.75,14.0,-0.1542727272727272,11,-0.0913454545454545,11,-0.0686909090909091,11
FLAB19,2023-07-17,0.043,1.86,6.3,0.005,8.2,0.011,38.0,2.7,0.642,1.0,33.1,24.977668999999995,-80.753519,S2B_MSIL2A_20230709T160519_N0510_R054_T17RNH_20241014T004835,2023-07-09 16:05:19.024,3.25,7.0,-0.0637818181818181,11,-0.0304272727272727,11,-0.0454272727272727,11
FLAB19,2023-09-26,0.043,0.653,5.26,0.005,8.1,0.006,39.4,2.7,0.999,1.0,29.6,24.977668999999995,-80.753519,S2B_MSIL2A_20231007T160509_N0510_R054_T17RNH_20241022T112823,2023-10-07 16:05:09.024,1.06,11.0,-0.1377818181818181,11,-0.0616363636363636,11,-0.0516,11
FLAB19,2023-11-27,0.05,0.429,7.01,0.005,8.1,0.005,30.6,2.3,0.601,0.5,26.1,24.977668999999995,-80.753519,S2A_MSIL2A_20231121T160511_N0510_R054_T17RNH_20241020T231123,2023-11-21 16:05:11.024,8.03,5.0,-0.1248727272727272,11,-0.0832090909090909,11,-0.0425272727272727,11
FLAB19,2024-02-21,0.036,0.955,7.56,0.005,8.3,0.008,30.1,1.9,0.698,2.2,19.9,24.977668999999995,-80.753519,S2A_MSIL2A_20240130T160511_N0510_R054_T17RNH_20240130T210100,2024-01-30 16:05:11.024,3.12,21.0,-0.2261181818181818,11,-0.1129818181818181,11,-0.1217363636363636,11
FLAB19,2024-04-18,0.009,0.346,7.87,0.005,8.3,0.004,33.9,2.4,0.4695,1.0,25.3,24.977669,-80.753519,S2A_MSIL2A_20240409T160511_N0510_R054_T17RNH_20240409T221856,2024-04-09 16:05:11.024,8.95,8.0,-0.1268909090909091,11,-0.0729272727272727,11,-0.0649636363636363,11
FLAB19,2024-07-31,0.022,4.77,5.07,0.005,7.8,0.009,38.3,1.4,1.1,1.9,31.7,24.977668999999995,-80.753519,S2B_MSIL2A_20240812T160519_N0511_R054_T17RNH_20240812T194800,2024-08-12 16:05:19.024,6.99,12.0,-0.0798545454545454,11,-0.0445818181818181,11,-0.0624454545454545,11
FLAB19,2024-09-30,0.056,0.518,5.82,0.008,7.8,0.004,36.7,2.7,0.544,0.8,30.5,24.977668999999995,-80.753519,S2B_MSIL2A_20241001T160509_N0511_R054_T17RNH_20241001T210909,2024-10-01 16:05:09.024,5.16,1.0,-0.2022090909090909,11,-0.0983818181818181,11,-0.0684090909090909,11
FLAB19,2024-11-19,0.033,0.386,6.39,0.021,8.0,0.004,36.7,2.6,0.257,1.2,24.0,24.977668999999995,-80.753519,S2A_MSIL2A_20241115T160511_N0511_R054_T17RNH_20241115T205649,2024-11-15 16:05:11.024,4.75,3.0,-0.2557636363636363,11,-0.1305636363636363,11,-0.0723636363636363,11
FLAB19,2025-02-13,0.029,0.504,6.73,0.008,8.1,0.004,31.0,2.2,0.545,1.4,25.4,24.977668999999995,-80.753519,S2B_MSIL2A_20250228T160509_N0511_R054_T17RNH_20250228T194642,2025-02-28 16:05:09.024,0.47,15.0,-0.1872909090909091,11,-0.0866545454545454,11,-0.0883090909090909,11
FLAB19,2025-03-25,0.027,0.235,6.62,0.005,8.3,0.006,36.4,2.5,0.46,0.8,26.0,24.977668999999995,-80.753519,S2B_MSIL2A_20250320T160509_N0511_R054_T17RNH_20250320T211202,2025-03-20 16:05:09.024,0.418068,4.0,-0.1812272727272727,11,-0.0837181818181818,11,-0.1004363636363636,11
FLAB19,2025-05-07,0.03,0.229,6.32,0.005,8.2,0.003,39.3,2.1,0.317,1.2,29.0,24.977668999999995,-80.753519,S2A_MSIL2A_20250526T160531_N0511_R054_T17RNH_20250526T203213,2025-05-26 16:05:31.024,2.662065,19.0,-0.1169090909090909,11,-0.0669818181818181,11,-0.076190909090909,11
FLAB19,2025-07-10,0.067,0.954,4.93,0.005,7.9,0.006,40.9,2.5,0.691,0.7,30.0,24.977668999999995,-80.753519,S2C_MSIL2A_20250802T160531_N0511_R054_T17RNH_20250802T202613,2025-08-02 16:05:31.025,4.725419,23.0,-0.1197090909090909,11,-0.1374818181818181,11,-0.0629363636363636,11
FLAB19,2025-09-09,0.05,0.379,6.28,0.005,8.0,0.005,37.7,2.7,0.554,0.5,30.4,24.977668999999995,-80.753519,S2C_MSIL2A_20250822T160531_N0511_R054_T17RNH_20250822T205612,2025-08-22 16:05:31.025,4.462308,17.0,-0.1090545454545454,11,-0.0512636363636363,11,-0.064290909090909,11
FLAB19,2025-11-19,0.07,0.493,6.76,0.015,7.9,0.004,34.9,2.6,0.91,0.5,23.8,24.977668999999995,-80.753519,S2A_MSIL2A_20251122T160531_N0511_R054_T17RNH_20251122T183708,2025-11-22 16:05:31.024,5.56,3.0,-0.0838727272727272,11,-0.0361181818181818,11,-0.0704636363636363,11
FLAB20,2016-01-26,0.063,0.457,8.34,0.005,7.9,0.006,35.1,2.3,0.653,3.8,17.7,24.929500000000004,-80.750469,S2A_MSIL2A_20160102T155642_N0500_R054_T17RNH_20231010T064726,2016-01-02 15:56:42.030,8.37,23.0,-0.28902,10,-0.14895,10,-0.08749,10
FLAB20,2016-02-23,0.046,0.823,6.85,0.011,8.0,0.005,33.0,1.6,0.631,2.8,21.9,24.929500000000004,-80.750469,,,,,,0,,0,,0
FLAB20,2016-04-06,0.045,0.882,5.15,0.005,8.1,0.006,34.4,2.8,0.67,2.7,25.9,24.929500000000004,-80.750469,S2A_MSIL2A_20160401T154922_N0500_R054_T17RNH_20231021T232321,2016-04-01 15:49:22.030,10.03,4.0,-0.24122,10,-0.14352,10,-0.09636,10
FLAB20,2016-06-30,0.05,0.535,4.45,0.006,8.1,0.007,38.5,2.5,0.903,1.0,31.2,24.929500000000004,-80.750469,S2A_MSIL2A_20160630T160512_N0500_R054_T17RNH_20231015T211056,2016-06-30 16:05:12.027,18.46,0.0,-0.1132599999999999,10,-0.0565,10,-0.06924,10
FLAB20,2016-09-14,0.06,0.261,4.72,0.01,7.9,0.004,37.7,3.2,0.451,1.2,29.5,24.929500000000004,-80.750469,S2A_MSIL2A_20160918T160512_N0500_R054_T17RNH_20230930T023451,2016-09-18 16:05:12.026,14.25,4.0,-0.09652,10,-0.04191,10,-0.05942,10
FLAB20,2016-11-15,0.051,0.469,6.33,0.005,8.1,0.004,34.9,5.4,0.332,1.3,25.2,24.929500000000004,-80.750469,S2A_MSIL2A_20161127T160512_N0500_R054_T17RNH_20230927T160903,2016-11-27 16:05:12.026,11.47,12.0,-0.09497,10,-0.04148,10,-0.02903,10
FLAB20,2016-12-14,0.058,0.395,6.39,0.008,7.1,0.004,34.0,2.8,0.429,0.7,25.4,24.929500000000004,-80.750469,S2A_MSIL2A_20161127T160512_N0500_R054_T17RNH_20230927T160903,2016-11-27 16:05:12.026,11.47,16.0,-0.09497,10,-0.04148,10,-0.02903,10
FLAB20,2017-02-09,0.015,4.74,7.25,0.005,8.0,0.01,35.5,1.25,0.774,3.2,25.5,24.929500000000004,-80.750469,S2A_MSIL2A_20170215T160511_N0500_R054_T17RNH_20230917T075421,2017-02-15 16:05:11.026,3.45,6.0,-0.1314,10,-0.0619,10,-0.08638,10
FLAB20,2017-04-24,0.018,0.178,6.8,0.005,8.0,0.004,37.6,2.5,0.167,0.8,25.5,24.929500000000004,-80.750469,,,,,,0,,0,,0
FLAB20,2017-07-26,0.02,0.88,6.04,0.005,8.2,0.005,41.2,2.8,0.52,1.1,31.3,24.929500000000004,-80.750469,S2A_MSIL2A_20170804T160511_N0500_R054_T17RNH_20230826T141136,2017-08-04 16:05:11.026,7.87,9.0,-0.07724,10,-0.04607,10,-0.05919,10
FLAB20,2017-08-22,0.03,1.16,5.46,0.005,8.2,0.006,43.3,2.3,0.787,1.1,30.0,24.929500000000004,-80.750469,S2A_MSIL2A_20170804T160511_N0500_R054_T17RNH_20230826T141136,2017-08-04 16:05:11.026,7.87,17.0,-0.07724,10,-0.04607,10,-0.05919,10
FLAB20,2017-10-16,0.024,0.178,6.43,0.005,8.1,0.004,34.6,2.4,0.223,0.7,28.8,24.929500000000004,-80.750469,S2A_MSIL2A_20171003T160511_N0500_R054_T17RNH_20230817T084655,2017-10-03 16:05:11.026,13.94,12.0,-0.35959,10,-0.23317,10,-0.22336,10
FLAB20,2017-12-19,0.05,2.12,7.15,0.01,8.1,0.009,28.7,2.4,0.677,2.5,22.1,24.929500000000004,-80.750469,S2B_MSIL2A_20171227T160459_N0500_R054_T17RNH_20230720T070737,2017-12-27 16:04:59.027,6.53,8.0,-0.15394,10,-0.0652,10,-0.1098099999999999,10
FLAB20,2018-02-15,0.022,0.276,4.55,0.005,7.9,0.006,35.6,2.0,0.321,2.0,25.0,24.929500000000004,-80.750469,S2B_MSIL2A_20180205T160509_N0500_R054_T17RNH_20230804T115018,2018-02-05 16:05:09.027,6.15,9.0,-0.2651699999999999,10,-0.12928,10,-0.1248799999999999,10
FLAB20,2018-04-12,0.048,0.258,5.7,0.005,8.2,0.008,37.9,2.0,0.544,2.2,27.4,24.929500000000004,-80.750469,S2A_MSIL2A_20180421T160511_N0500_R054_T17RNH_20230630T222736,2018-04-21 16:05:11.026,19.08,9.0,-0.11467,10,-0.06358,10,-0.08365,10
FLAB20,2018-06-12,0.038,0.388,5.32,0.005,8.2,0.008,34.9,2.4,0.687,1.4,28.6,24.929500000000004,-80.750469,S2B_MSIL2A_20180605T160509_N0500_R054_T17RNH_20230715T182439,2018-06-05 16:05:09.024,13.59,6.0,-0.10714,10,-0.06447,10,-0.07543,10
FLAB20,2018-08-09,0.019,0.329,5.63,0.005,7.9,0.005,36.4,2.8,0.725,0.8,30.9,24.929500000000004,-80.750469,S2A_MSIL2A_20180809T160511_N0500_R054_T17RNH_20230711T022345,2018-08-09 16:05:11.024,8.3,0.0,-0.12668,10,-0.06651,10,-0.07771,10
FLAB20,2018-10-22,0.016,0.286,6.32,0.005,8.0,0.002,36.5,2.2,0.195,0.5,27.5,24.929500000000004,-80.750469,S2A_MSIL2A_20181018T160511_N0500_R054_T17RNH_20230706T010334,2018-10-18 16:05:11.024,8.03,3.0,-0.23126,10,-0.11681,10,-0.09394,10
FLAB20,2018-12-04,0.011,12.8,7.15,0.005,7.9,0.018,38.4,1.0,1.24,3.8,23.8,24.929500000000004,-80.750469,S2B_MSIL2A_20181202T160509_N0500_R054_T17RNH_20230623T141113,2018-12-02 16:05:09.024,10.75,1.0,-0.1198299999999999,10,-0.05537,10,-0.1041,10
FLAB20,2019-02-18,0.039,0.485,6.89,0.005,8.0,0.007,35.8,2.3,0.62,2.8,24.8,24.929500000000004,-80.750469,S2B_MSIL2A_20190302T160509_N0500_R054_T17RNH_20221114T204209,2019-03-02 16:05:09.024,3.51,12.0,-0.26321,10,-0.1265599999999999,10,-0.11415,10
FLAB20,2019-04-03,0.037,0.238,6.84,0.005,7.9,0.006,38.6,2.8,0.72,0.8,26.8,24.929500000000004,-80.750469,S2B_MSIL2A_20190411T160519_N0500_R054_T17RNH_20221023T185626,2019-04-11 16:05:19.024,3.66,8.0,-0.2434599999999999,10,-0.11932,10,-0.09917,10
FLAB20,2019-07-15,0.018,0.571,6.13,0.005,7.9,0.007,41.6,2.1,0.817,0.7,30.1,24.929500000000004,-80.750469,S2A_MSIL2A_20190625T160521_N0500_R054_T17RNH_20230508T164541,2019-06-25 16:05:21.024,2.13,19.0,-0.1326099999999999,10,-0.0652,10,-0.0849299999999999,10
FLAB20,2019-08-12,0.037,0.295,3.48,0.007,8.0,0.005,38.7,1.8,0.817,1.0,32.1,24.929500000000004,-80.750469,S2B_MSIL2A_20190819T160519_N0500_R054_T17RNH_20230505T071445,2019-08-19 16:05:19.024,12.15,7.0,-0.06899,10,-0.04678,10,-0.0602899999999999,10
FLAB20,2019-10-09,0.041,0.128,5.96,0.007,7.9,0.004,35.0,2.6,0.304,1.1,27.4,24.929500000000004,-80.750469,S2A_MSIL2A_20191013T160511_N0500_R054_T17RNH_20230614T052238,2019-10-13 16:05:11.024,9.57,4.0,-0.06685,10,-0.03098,10,-0.03052,10
FLAB20,2020-01-28,0.037,0.302,7.8,0.007,7.3,0.006,37.6,2.4,0.678,0.9,20.0,24.929500000000004,-80.750469,S2B_MSIL2A_20200126T160509_N0500_R054_T17RNH_20230424T055929,2020-01-26 16:05:09.024,0.01,1.0,-0.22796,10,-0.11125,10,-0.09747,10
FLAB20,2020-02-05,0.044,0.229,7.17,0.005,8.0,0.004,36.8,2.2,0.722,0.9,21.4,24.929500000000004,-80.750469,S2B_MSIL2A_20200126T160509_N0500_R054_T17RNH_20230424T055929,2020-01-26 16:05:09.024,0.01,9.0,-0.22796,10,-0.11125,10,-0.09747,10
FLAB20,2020-04-07,0.027,0.213,6.19,0.006,8.3,0.005,39.6,2.2,0.489,0.7,27.1,24.929500000000004,-80.750469,S2B_MSIL2A_20200326T160509_N0500_R054_T17RNH_20230409T144543,2020-03-26 16:05:09.024,3.76,11.0,-0.3168,10,-0.16551,10,-0.10434,10
FLAB20,2020-06-17,0.034,0.455,4.98,0.005,8.2,0.006,36.8,2.2,0.625,0.9,28.8,24.929500000000004,-80.750469,S2A_MSIL2A_20200609T160521_N0500_R054_T17RNH_20230412T130437,2020-06-09 16:05:21.024,11.27,7.0,-0.16615,10,-0.09999,10,-0.0723299999999999,10
FLAB20,2020-08-18,0.038,0.512,4.17,0.005,8.0,0.004,39.4,2.2,0.684,0.8,32.4,24.929500000000004,-80.750469,S2B_MSIL2A_20200813T160519_N0500_R054_T17RNH_20230317T064934,2020-08-13 16:05:19.024,8.8,4.0,-0.14495,10,-0.1407,10,-0.03782,10
FLAB20,2020-10-13,0.035,0.277,5.66,0.005,8.2,0.006,34.2,2.1,0.243,0.8,29.0,24.929500000000004,-80.750469,S2B_MSIL2A_20201012T160519_N0500_R054_T17RNH_20230307T135614,2020-10-12 16:05:19.024,7.31,0.0,-0.24856,10,-0.1239,10,-0.07594,10
FLAB20,2021-02-09,0.036,0.27,7.45,0.005,8.2,0.006,30.4,2.6,0.43,1.9,22.8,24.929500000000004,-80.750469,S2B_MSIL2A_20210301T160509_N0500_R054_T17RNH_20230513T142932,2021-03-01 16:05:09.024,5.26,20.0,-0.27863,10,-0.1564299999999999,10,-0.08762,10
FLAB20,2021-03-24,0.025,0.299,7.3,0.005,8.3,0.005,34.1,2.2,0.516,0.8,23.3,24.929500000000004,-80.750469,S2B_MSIL2A_20210331T160509_N0500_R054_T17RNH_20230519T193433,2021-03-31 16:05:09.024,4.3,7.0,-0.24623,10,-0.14876,10,-0.09255,10
FLAB20,2021-06-07,0.011,0.313,5.83,0.005,8.0,0.004,38.5,2.2,0.224,1.0,28.0,24.929500000000004,-80.750469,S2B_MSIL2A_20210609T160509_N0500_R054_T17RNH_20230128T121728,2021-06-09 16:05:09.024,11.23,2.0,-0.25463,10,-0.17451,10,-0.0918399999999999,10
FLAB20,2021-08-05,0.043,0.533,4.36,0.005,7.9,0.005,39.9,2.5,0.688,1.1,29.7,24.929500000000004,-80.750469,S2B_MSIL2A_20210818T160509_N0500_R054_T17RNH_20230117T162001,2021-08-18 16:05:09.024,6.15,13.0,-0.18195,10,-0.12555,10,-0.08189,10
FLAB20,2021-10-20,0.03,0.444,6.26,0.005,8.0,0.005,37.7,2.3,0.622,1.0,26.6,24.929500000000004,-80.750469,S2B_MSIL2A_20211017T160509_N0500_R054_T17RNH_20230105T060942,2021-10-17 16:05:09.024,1.5,2.0,-0.1950599999999999,10,-0.09212,10,-0.0725799999999999,10
FLAB20,2021-12-15,0.075,0.366,6.69,0.005,8.1,0.007,34.0,2.1,0.725,0.6,24.8,24.929500000000004,-80.750469,S2A_MSIL2A_20211201T160511_N0500_R054_T17RNH_20221224T161347,2021-12-01 16:05:11.024,2.02,13.0,-0.15412,10,-0.07139,10,-0.07482,10
FLAB20,2022-01-27,0.056,1.05,7.46,0.005,8.1,0.006,33.4,2.1,0.595,1.3,20.7,24.929500000000004,-80.750469,S2A_MSIL2A_20220130T160511_N0510_R054_T17RNH_20240508T134151,2022-01-30 16:05:11.024,4.314916,3.0,-0.2904199999999999,10,-0.15628,10,-0.1711599999999999,10
FLAB20,2022-04-12,0.035,0.393,6.57,0.005,8.2,0.006,38.3,2.0,0.71,2.3,22.8,24.929500000000004,-80.750469,S2B_MSIL2A_20220425T160509_N0510_R054_T17RNH_20240605T092546,2022-04-25 16:05:09.024,11.56,13.0,-0.23184,10,-0.14642,10,-0.07066,10
FLAB20,2022-06-27,0.005,8.32,5.14,0.005,8.2,0.017,37.0,0.9,1.16,3.0,31.3,24.929500000000004,-80.750469,S2A_MSIL2A_20220629T160521_N0510_R054_T17RNH_20240628T194938,2022-06-29 16:05:21.024,4.056241,2.0,-0.06901,10,-0.0305399999999999,10,-0.0865799999999999,10
FLAB20,2022-07-11,0.025,1.11,5.33,0.005,8.4,0.006,38.1,2.4,0.775,1.4,31.7,24.929500000000004,-80.750469,S2A_MSIL2A_20220629T160521_N0510_R054_T17RNH_20240628T194938,2022-06-29 16:05:21.024,4.056241,11.0,-0.06901,10,-0.0305399999999999,10,-0.0865799999999999,10
FLAB20,2022-09-21,0.013,2.66,5.28,0.005,8.0,0.011,39.4,2.2,0.785,2.5,29.9,24.929500000000004,-80.750469,S2B_MSIL2A_20220902T160509_N0510_R054_T17RNH_20240719T005650,2022-09-02 16:05:09.024,4.340765,18.0,-0.11915,10,-0.068,10,-0.06735,10
FLAB20,2023-01-19,0.031,0.574,7.99,0.005,8.2,0.004,33.8,2.4,0.59,0.9,20.5,24.929500000000004,-80.750469,S2A_MSIL2A_20230115T160511_N0510_R054_T17RNH_20240726T230934,2023-01-15 16:05:11.024,0.01,3.0,-0.1506,10,-0.07034,10,-0.10413,10
FLAB20,2023-03-06,0.048,0.211,6.91,0.005,8.1,0.008,39.4,2.5,0.584,0.8,27.4,24.929500000000004,-80.750469,S2B_MSIL2A_20230301T160509_N0510_R054_T17RNH_20240817T102704,2023-03-01 16:05:09.025,0.13,4.0,-0.13175,10,-0.05683,10,-0.11202,10
FLAB20,2023-05-01,0.03,0.526,5.83,0.005,8.2,0.013,38.2,2.4,0.813,1.1,26.6,24.929500000000004,-80.750469,S2A_MSIL2A_20230515T160511_N0510_R054_T17RNH_20240810T080114,2023-05-15 16:05:11.024,9.75,14.0,-0.21774,10,-0.13763,10,-0.0848299999999999,10
FLAB20,2023-07-17,0.054,1.14,5.24,0.006,8.1,0.011,39.5,2.7,0.646,0.8,32.8,24.929500000000004,-80.750469,S2B_MSIL2A_20230709T160519_N0510_R054_T17RNH_20241014T004835,2023-07-09 16:05:19.024,3.25,7.0,-0.09012,10,-0.04416,10,-0.06439,10
FLAB20,2023-09-26,0.082,0.466,5.63,0.018,8.0,0.005,37.0,2.6,0.603,1.7,29.5,24.929500000000004,-80.750469,S2B_MSIL2A_20231007T160509_N0510_R054_T17RNH_20241022T112823,2023-10-07 16:05:09.024,1.06,11.0,-0.25624,10,-0.12759,10,-0.08695,10
FLAB20,2023-11-27,0.099,0.181,6.68,0.013,7.9,0.004,30.8,2.2,0.406,1.3,26.2,24.929500000000004,-80.750469,S2A_MSIL2A_20231121T160511_N0510_R054_T17RNH_20241020T231123,2023-11-21 16:05:11.024,8.03,5.0,-0.42463,10,-0.27304,10,-0.21955,10
FLAB20,2024-02-21,0.036,0.29,7.23,0.005,8.2,0.007,31.9,2.3,0.528,1.2,20.3,24.929500000000004,-80.750469,S2A_MSIL2A_20240130T160511_N0510_R054_T17RNH_20240130T210100,2024-01-30 16:05:11.024,3.12,21.0,-0.25725,10,-0.13291,10,-0.11147,10
FLAB20,2024-04-18,0.005,0.256,7.1,0.005,8.1,0.0035,36.7,2.2,0.2175,0.8,25.2,24.9295,-80.750469,S2A_MSIL2A_20240409T160511_N0510_R054_T17RNH_20240409T221856,2024-04-09 16:05:11.024,8.95,8.0,-0.20521,10,-0.1231299999999999,10,-0.08086,10
FLAB20,2024-06-20,0.024,0.35,6.08,0.009,8.0,0.003,36.6,2.5,0.221,2.0,28.3,24.929500000000004,-80.750469,S2A_MSIL2A_20240628T160511_N0510_R054_T17RNH_20240628T223450,2024-06-28 16:05:11.024,3.75,8.0,-0.08478,10,-0.0461699999999999,10,-0.06734,10
FLAB20,2024-07-31,0.056,0.362,5.13,0.014,7.8,0.003,38.2,2.1,0.439,0.8,31.3,24.929500000000004,-80.750469,S2B_MSIL2A_20240812T160519_N0511_R054_T17RNH_20240812T194800,2024-08-12 16:05:19.024,6.99,12.0,-0.14462,10,-0.08346,10,-0.0897,10
FLAB20,2024-09-30,0.048,0.462,5.25,0.01,7.8,0.004,36.4,2.6,0.326,1.0,30.3,24.929500000000004,-80.750469,S2B_MSIL2A_20241001T160509_N0511_R054_T17RNH_20241001T210909,2024-10-01 16:05:09.024,5.16,1.0,-0.2661199999999999,10,-0.14076,10,-0.08491,10
FLAB20,2024-11-19,0.021,0.278,6.46,0.006,7.9,0.005,36.6,2.7,0.179,0.9,23.7,24.929500000000004,-80.750469,S2A_MSIL2A_20241115T160511_N0511_R054_T17RNH_20241115T205649,2024-11-15 16:05:11.024,4.75,3.0,-0.32635,10,-0.17699,10,-0.08495,10
FLAB20,2025-02-13,0.012,0.272,6.86,0.005,8.1,0.003,35.2,2.2,0.282,1.5,25.5,24.929500000000004,-80.750469,S2B_MSIL2A_20250228T160509_N0511_R054_T17RNH_20250228T194642,2025-02-28 16:05:09.024,0.47,15.0,-0.32806,10,-0.17346,10,-0.10674,10
FLAB20,2025-03-25,0.021,0.264,7.0,0.005,8.2,0.006,35.7,2.44,0.487,0.6,25.3,24.929500000000004,-80.750469,S2B_MSIL2A_20250320T160509_N0511_R054_T17RNH_20250320T211202,2025-03-20 16:05:09.024,0.418068,4.0,-0.19432,10,-0.09043,10,-0.1134599999999999,10
FLAB20,2025-05-07,0.008,0.251,6.47,0.005,8.0,0.002,38.5,1.9,0.184,0.6,28.0,24.929500000000004,-80.750469,S2A_MSIL2A_20250526T160531_N0511_R054_T17RNH_20250526T203213,2025-05-26 16:05:31.024,2.662065,19.0,-0.18488,10,-0.11631,10,-0.0727299999999999,10
FLAB20,2025-07-10,0.056,1.18,5.63,0.005,8.0,0.005,40.2,2.6,0.605,1.2,30.0,24.929500000000004,-80.750469,S2C_MSIL2A_20250802T160531_N0511_R054_T17RNH_20250802T202613,2025-08-02 16:05:31.025,4.725419,23.0,-0.0763,10,-0.0396899999999999,10,-0.06836,10
FLAB20,2025-09-09,0.04,0.424,6.84,0.005,8.0,0.005,39.0,2.7,0.608,0.6,30.7,24.929500000000004,-80.750469,S2C_MSIL2A_20250822T160531_N0511_R054_T17RNH_20250822T205612,2025-08-22 16:05:31.025,4.462308,17.0,-0.11427,10,-0.05427,10,-0.06781,10
FLAB20,2025-11-19,0.053,0.164,7.1,0.02,8.0,0.003,34.3,2.5,0.476,0.6,23.8,24.929500000000004,-80.750469,S2A_MSIL2A_20251122T160531_N0511_R054_T17RNH_20251122T183708,2025-11-22 16:05:31.024,5.56,3.0,-0.16488,10,-0.07593,10,-0.0807799999999999,10
FLAB21,2016-01-26,0.102,0.704,8.71,0.005,8.0,0.004,31.4,2.0,1.09,4.6,18.0,25.006599999999995,-80.681269,S2A_MSIL2A_20160102T155642_N0500_R054_T17RNH_20231010T064726,2016-01-02 15:56:42.030,8.37,23.0,-0.1368357142857142,14,-0.06115,14,-0.0484714285714285,14
FLAB21,2016-02-23,0.057,1.64,7.53,0.005,7.7,0.007,31.4,2.9,0.918,2.5,21.9,25.006599999999995,-80.681269,,,,,,0,,0,,0
FLAB21,2016-04-06,0.053,0.382,4.8,0.005,8.3,0.004,32.6,2.1,0.76,4.0,24.2,25.006599999999995,-80.681269,S2A_MSIL2A_20160401T154922_N0500_R054_T17RNH_20231021T232321,2016-04-01 15:49:22.030,10.03,4.0,-0.2736928571428572,14,-0.1723142857142857,14,-0.1035857142857143,14
FLAB21,2016-06-30,0.026,1.26,6.29,0.005,8.2,0.008,40.1,2.2,1.47,1.8,31.5,25.006599999999995,-80.681269,S2A_MSIL2A_20160630T160512_N0500_R054_T17RNH_20231015T211056,2016-06-30 16:05:12.027,18.46,0.0,-0.0980428571428571,14,-0.0666857142857142,14,-0.0889714285714285,14
FLAB21,2016-09-14,0.013,0.663,7.13,0.005,8.3,0.004,37.3,2.3,0.872,2.2,30.0,25.006599999999995,-80.681269,S2A_MSIL2A_20160918T160512_N0500_R054_T17RNH_20230930T023451,2016-09-18 16:05:12.026,14.25,4.0,-0.0927142857142857,14,-0.0398214285714285,14,-0.0523642857142857,14
FLAB21,2016-11-15,0.033,0.348,7.5,0.005,8.2,0.004,33.4,2.4,0.486,0.8,24.9,25.006599999999995,-80.681269,S2A_MSIL2A_20161127T160512_N0500_R054_T17RNH_20230927T160903,2016-11-27 16:05:12.026,11.47,12.0,-0.1829,14,-0.0884785714285714,14,-0.0641428571428571,14
FLAB21,2016-12-14,0.026,0.444,7.18,0.005,8.0,0.003,32.1,1.3,0.55,3.0,26.1,25.006599999999995,-80.681269,S2A_MSIL2A_20161127T160512_N0500_R054_T17RNH_20230927T160903,2016-11-27 16:05:12.026,11.47,16.0,-0.1829,14,-0.0884785714285714,14,-0.0641428571428571,14
FLAB21,2017-02-09,0.024,3.7,7.89,0.005,8.1,0.01,33.7,1.5,1.19,5.6,25.7,25.006599999999995,-80.681269,S2A_MSIL2A_20170215T160511_N0500_R054_T17RNH_20230917T075421,2017-02-15 16:05:11.026,3.45,6.0,-0.1842357142857142,14,-0.0916285714285714,14,-0.1491357142857143,14
FLAB21,2017-04-24,0.021,0.226,6.53,0.005,8.0,0.006,38.7,2.3,0.253,1.0,25.6,25.006599999999995,-80.681269,,,,,,0,,0,,0
FLAB21,2017-07-26,0.042,0.411,5.92,0.005,8.2,0.003,41.0,2.3,0.749,1.2,31.7,25.006599999999995,-80.681269,S2A_MSIL2A_20170804T160511_N0500_R054_T17RNH_20230826T141136,2017-08-04 16:05:11.026,7.87,9.0,-0.1059285714285714,14,-0.0674428571428571,14,-0.0585214285714285,14
FLAB21,2017-08-22,0.044,0.635,5.64,0.005,8.2,0.004,40.3,2.2,0.794,2.0,29.8,25.006599999999995,-80.681269,S2A_MSIL2A_20170804T160511_N0500_R054_T17RNH_20230826T141136,2017-08-04 16:05:11.026,7.87,17.0,-0.1059285714285714,14,-0.0674428571428571,14,-0.0585214285714285,14
FLAB21,2017-10-16,0.074,1.22,6.26,0.005,8.1,0.005,31.7,2.4,0.241,2.6,29.2,25.006599999999995,-80.681269,S2A_MSIL2A_20171003T160511_N0500_R054_T17RNH_20230817T084655,2017-10-03 16:05:11.026,13.94,12.0,-0.3524571428571428,14,-0.2204071428571428,14,-0.1829214285714285,14
FLAB21,2017-12-19,0.012,6.66,7.84,0.005,8.2,0.009,27.3,2.3,1.18,4.8,22.2,25.006599999999995,-80.681269,S2B_MSIL2A_20171227T160459_N0500_R054_T17RNH_20230720T070737,2017-12-27 16:04:59.027,6.53,8.0,-0.2681357142857142,14,-0.1296642857142857,14,-0.1924,14
FLAB21,2018-02-15,0.034,0.832,4.69,0.005,8.0,0.006,30.7,0.8,0.669,8.0,25.0,25.006599999999995,-80.681269,S2B_MSIL2A_20180205T160509_N0500_R054_T17RNH_20230804T115018,2018-02-05 16:05:09.027,6.15,9.0,-0.4876357142857143,14,-0.3032571428571428,14,-0.2506357142857142,14
FLAB21,2018-04-12,0.008,2.61,5.92,0.005,8.2,0.011,35.3,0.8,1.04,7.9,26.7,25.006599999999995,-80.681269,S2A_MSIL2A_20180421T160511_N0500_R054_T17RNH_20230630T222736,2018-04-21 16:05:11.026,19.08,9.0,-0.2050857142857142,14,-0.1177857142857142,14,-0.1426071428571428,14
FLAB21,2018-06-12,0.084,1.19,6.02,0.005,8.0,0.008,34.9,1.3,1.0,3.2,28.6,25.006599999999995,-80.681269,S2B_MSIL2A_20180605T160509_N0500_R054_T17RNH_20230715T182439,2018-06-05 16:05:09.024,13.59,6.0,-0.1546928571428571,14,-0.0977285714285714,14,-0.0825,14
FLAB21,2018-08-09,0.027,0.747,6.18,0.005,8.0,0.005,35.6,2.1,0.922,1.1,30.4,25.006599999999995,-80.681269,S2A_MSIL2A_20180809T160511_N0500_R054_T17RNH_20230711T022345,2018-08-09 16:05:11.024,8.3,0.0,-0.1230428571428571,14,-0.0802214285714285,14,-0.0636214285714285,14
FLAB21,2018-10-22,0.018,0.503,6.54,0.005,7.8,0.003,36.8,2.2,0.488,1.1,27.6,25.006599999999995,-80.681269,S2A_MSIL2A_20181018T160511_N0500_R054_T17RNH_20230706T010334,2018-10-18 16:05:11.024,8.03,3.0,-0.2935857142857143,14,-0.1587285714285714,14,-0.1155928571428571,14
FLAB21,2018-12-04,0.027,2.67,8.08,0.005,7.7,0.006,35.4,1.2,1.01,2.8,24.4,25.006599999999995,-80.681269,S2B_MSIL2A_20181202T160509_N0500_R054_T17RNH_20230623T141113,2018-12-02 16:05:09.024,10.75,1.0,-0.2394,14,-0.1179,14,-0.1051071428571428,14
FLAB21,2019-02-18,0.108,0.482,7.06,0.024,7.9,0.005,36.3,2.2,0.92,1.5,24.5,25.006599999999995,-80.681269,S2B_MSIL2A_20190302T160509_N0500_R054_T17RNH_20221114T204209,2019-03-02 16:05:09.024,3.51,12.0,0.0598571428571428,14,0.0222142857142857,14,0.0389571428571428,14
FLAB21,2019-04-03,0.038,0.212,7.06,0.005,7.9,0.003,38.6,2.5,0.684,0.9,26.2,25.006599999999995,-80.681269,S2B_MSIL2A_20190411T160519_N0500_R054_T17RNH_20221023T185626,2019-04-11 16:05:19.024,3.66,8.0,-0.2770857142857142,14,-0.1404642857142857,14,-0.0787071428571428,14
FLAB21,2019-07-15,0.013,1.34,5.7,0.005,7.9,0.006,44.1,2.7,1.02,2.2,29.8,25.006599999999995,-80.681269,S2A_MSIL2A_20190625T160521_N0500_R054_T17RNH_20230508T164541,2019-06-25 16:05:21.024,2.13,19.0,-0.1134714285714285,14,-0.0544285714285714,14,-0.0549571428571428,14
FLAB21,2019-08-12,0.03,1.61,5.54,0.005,8.2,0.007,41.2,1.5,1.37,1.9,32.2,25.006599999999995,-80.681269,S2B_MSIL2A_20190819T160519_N0500_R054_T17RNH_20230505T071445,2019-08-19 16:05:19.024,12.15,7.0,-0.1398571428571428,14,-0.0808214285714285,14,-0.0681,14
FLAB21,2019-10-09,0.056,0.192,5.88,0.005,8.0,0.003,36.0,2.0,0.449,1.9,27.6,25.006599999999995,-80.681269,S2A_MSIL2A_20191013T160511_N0500_R054_T17RNH_20230614T052238,2019-10-13 16:05:11.024,9.57,4.0,-0.2788928571428571,14,-0.1525285714285714,14,-0.1014857142857142,14
FLAB21,2020-01-28,0.068,0.251,7.94,0.005,7.5,0.003,39.0,2.4,0.752,1.1,20.2,25.006599999999995,-80.681269,S2B_MSIL2A_20200126T160509_N0500_R054_T17RNH_20230424T055929,2020-01-26 16:05:09.024,0.01,1.0,-0.2848571428571428,14,-0.1476214285714285,14,-0.0960142857142857,14
FLAB21,2020-02-05,0.084,0.192,7.51,0.005,8.0,0.005,38.2,2.1,0.94,2.1,21.1,25.006599999999995,-80.681269,S2B_MSIL2A_20200126T160509_N0500_R054_T17RNH_20230424T055929,2020-01-26 16:05:09.024,0.01,9.0,-0.2848571428571428,14,-0.1476214285714285,14,-0.0960142857142857,14
FLAB21,2020-04-07,0.068,0.356,6.43,0.005,8.2,0.004,40.9,2.1,0.727,1.0,26.8,25.006599999999995,-80.681269,S2B_MSIL2A_20200326T160509_N0500_R054_T17RNH_20230409T144543,2020-03-26 16:05:09.024,3.76,11.0,-0.3197642857142857,14,-0.1685428571428571,14,-0.0912714285714285,14
FLAB21,2020-06-17,0.059,0.642,6.08,0.005,8.3,0.004,36.5,2.0,0.751,1.5,29.6,25.006599999999995,-80.681269,S2A_MSIL2A_20200609T160521_N0500_R054_T17RNH_20230412T130437,2020-06-09 16:05:21.024,11.27,7.0,-0.2117285714285714,14,-0.1144285714285714,14,-0.0895928571428571,14
FLAB21,2020-08-18,0.055,0.885,6.52,0.005,8.2,0.005,39.4,2.1,0.96,1.3,33.0,25.006599999999995,-80.681269,S2B_MSIL2A_20200813T160519_N0500_R054_T17RNH_20230317T064934,2020-08-13 16:05:19.024,8.8,4.0,-0.2617071428571428,14,-0.1646142857142857,14,-0.0987357142857142,14
FLAB21,2020-10-13,0.028,0.476,5.86,0.005,8.2,0.005,33.0,2.3,0.418,0.7,29.1,25.006599999999995,-80.681269,S2B_MSIL2A_20201012T160519_N0500_R054_T17RNH_20230307T135614,2020-10-12 16:05:19.024,7.31,0.0,-0.2202571428571428,14,-0.1070785714285714,14,-0.0681,14
FLAB21,2021-02-09,0.035,0.34,8.06,0.005,8.0,0.004,28.5,2.0,0.738,1.5,23.5,25.006599999999995,-80.681269,S2B_MSIL2A_20210301T160509_N0500_R054_T17RNH_20230513T142932,2021-03-01 16:05:09.024,5.26,20.0,-0.3835857142857142,14,-0.2339571428571428,14,-0.1373071428571428,14
FLAB21,2021-03-24,0.031,0.183,7.72,0.005,8.2,0.003,32.5,2.0,0.672,0.8,23.3,25.006599999999995,-80.681269,S2B_MSIL2A_20210331T160509_N0500_R054_T17RNH_20230519T193433,2021-03-31 16:05:09.024,4.3,7.0,-0.2884428571428571,14,-0.2124857142857142,14,-0.0929071428571428,14
FLAB21,2021-06-07,0.022,0.288,6.05,0.005,8.2,0.003,40.0,2.0,0.363,1.3,28.2,25.006599999999995,-80.681269,S2B_MSIL2A_20210609T160509_N0500_R054_T17RNH_20230128T121728,2021-06-09 16:05:09.024,11.23,2.0,-0.1656142857142857,14,-0.1052857142857142,14,-0.06845,14
FLAB21,2021-08-05,0.043,0.638,4.83,0.005,8.1,0.004,39.3,2.2,0.664,1.4,30.1,25.006599999999995,-80.681269,S2B_MSIL2A_20210818T160509_N0500_R054_T17RNH_20230117T162001,2021-08-18 16:05:09.024,6.15,13.0,-0.1322857142857142,14,-0.0822357142857142,14,-0.0597357142857142,14
FLAB21,2021-10-20,0.038,0.327,6.37,0.005,8.0,0.003,36.5,2.3,0.655,1.4,26.1,25.006599999999995,-80.681269,S2B_MSIL2A_20211017T160509_N0500_R054_T17RNH_20230105T060942,2021-10-17 16:05:09.024,1.5,2.0,-0.1697,14,-0.0788857142857143,14,-0.0511071428571428,14
FLAB21,2021-12-15,0.054,0.331,6.78,0.005,8.0,0.002,31.3,2.0,0.776,1.2,24.5,25.006599999999995,-80.681269,S2A_MSIL2A_20211201T160511_N0500_R054_T17RNH_20221224T161347,2021-12-01 16:05:11.024,2.02,13.0,-0.1551285714285714,14,-0.0720142857142857,14,-0.0579928571428571,14
FLAB21,2022-01-27,0.02,5.53,7.84,0.005,8.2,0.01,32.2,2.0,1.09,3.2,21.2,25.006599999999995,-80.681269,S2A_MSIL2A_20220130T160511_N0510_R054_T17RNH_20240508T134151,2022-01-30 16:05:11.024,4.314916,3.0,-0.3487571428571428,14,-0.2084571428571428,14,-0.2653714285714286,14
FLAB21,2022-04-12,0.029,0.46,7.01,0.005,8.2,0.004,37.9,2.0,0.709,2.5,22.5,25.006599999999995,-80.681269,S2B_MSIL2A_20220425T160509_N0510_R054_T17RNH_20240605T092546,2022-04-25 16:05:09.024,11.56,13.0,-0.1851857142857143,14,-0.1156571428571428,14,-0.0588071428571428,14
FLAB21,2022-06-27,0.043,0.91,6.75,0.005,8.3,0.004,36.6,2.4,0.911,1.6,31.4,25.006599999999995,-80.681269,S2A_MSIL2A_20220629T160521_N0510_R054_T17RNH_20240628T194938,2022-06-29 16:05:21.024,4.056241,2.0,-0.1297214285714285,14,-0.0585785714285714,14,-0.0561142857142857,14
FLAB21,2022-07-11,0.04,0.596,5.49,0.005,8.3,0.002,38.0,2.3,0.757,1.3,31.7,25.006599999999995,-80.681269,S2A_MSIL2A_20220629T160521_N0510_R054_T17RNH_20240628T194938,2022-06-29 16:05:21.024,4.056241,11.0,-0.1297214285714285,14,-0.0585785714285714,14,-0.0561142857142857,14
FLAB21,2022-09-21,0.029,0.478,5.64,0.005,8.1,0.005,40.4,2.2,0.713,1.4,29.5,25.006599999999995,-80.681269,S2B_MSIL2A_20220902T160509_N0510_R054_T17RNH_20240719T005650,2022-09-02 16:05:09.024,4.340765,18.0,-0.1574285714285714,14,-0.0848857142857142,14,-0.0624428571428571,14
FLAB21,2023-01-19,0.038,0.363,8.72,0.005,8.2,0.003,33.3,2.3,0.879,1.5,20.4,25.006599999999995,-80.681269,S2A_MSIL2A_20230115T160511_N0510_R054_T17RNH_20240726T230934,2023-01-15 16:05:11.024,0.01,3.0,-0.3315,14,-0.1815857142857143,14,-0.1560285714285714,14
FLAB21,2023-03-06,0.044,0.12,7.51,0.005,7.9,0.006,40.5,0.8,0.855,4.6,27.1,25.006599999999995,-80.681269,S2B_MSIL2A_20230301T160509_N0510_R054_T17RNH_20240817T102704,2023-03-01 16:05:09.025,0.13,4.0,-0.1963642857142857,14,-0.0881785714285714,14,-0.0719071428571428,14
FLAB21,2023-05-01,0.061,0.56,6.17,0.005,7.9,0.008,40.3,1.4,1.03,2.9,26.2,25.006599999999995,-80.681269,S2A_MSIL2A_20230515T160511_N0510_R054_T17RNH_20240810T080114,2023-05-15 16:05:11.024,9.75,14.0,-0.2036285714285714,14,-0.1184571428571428,14,-0.0874142857142857,14
FLAB21,2023-07-17,0.065,0.704,7.03,0.006,8.2,0.01,38.7,2.6,0.921,0.8,33.1,25.006599999999995,-80.681269,S2B_MSIL2A_20230709T160519_N0510_R054_T17RNH_20241014T004835,2023-07-09 16:05:19.024,3.25,7.0,-0.1201785714285714,14,-0.05975,14,-0.0560785714285714,14
FLAB21,2023-09-26,0.041,0.23,5.04,0.005,8.2,0.005,37.6,2.6,0.879,1.0,29.8,25.006599999999995,-80.681269,S2B_MSIL2A_20231007T160509_N0510_R054_T17RNH_20241022T112823,2023-10-07 16:05:09.024,1.06,11.0,-0.14625,14,-0.0657928571428571,14,-0.0385785714285714,14
FLAB21,2023-11-27,0.146,0.694,6.48,0.005,7.9,0.004,26.8,1.4,0.811,5.4,25.8,25.006599999999995,-80.681269,S2A_MSIL2A_20231121T160511_N0510_R054_T17RNH_20241020T231123,2023-11-21 16:05:11.024,8.03,5.0,-0.5106142857142857,14,-0.3566571428571428,14,-0.2704214285714286,14
FLAB21,2024-02-21,0.016,2.26,8.11,0.005,8.2,0.008,24.5,1.4,0.796,3.1,19.6,25.006599999999995,-80.681269,S2A_MSIL2A_20240130T160511_N0510_R054_T17RNH_20240130T210100,2024-01-30 16:05:11.024,3.12,21.0,-0.4580214285714285,14,-0.2873714285714285,14,-0.2082857142857142,14
FLAB21,2024-04-18,0.006,0.236,7.36,0.005,8.3,0.0035,32.1,2.2,0.517,2.8,25.4,25.0066,-80.681269,S2A_MSIL2A_20240409T160511_N0510_R054_T17RNH_20240409T221856,2024-04-09 16:05:11.024,8.95,8.0,-0.2783428571428571,14,-0.1798428571428571,14,-0.0999428571428571,14
FLAB21,2024-06-20,0.016,0.82,6.34,0.005,8.2,0.002,34.2,1.9,0.584,3.0,28.3,25.006599999999995,-80.681269,S2A_MSIL2A_20240628T160511_N0510_R054_T17RNH_20240628T223450,2024-06-28 16:05:11.024,3.75,8.0,-0.1207357142857143,14,-0.0566714285714285,14,-0.0497571428571428,14
FLAB21,2024-07-31,0.034,0.9,6.57,0.005,8.1,0.003,36.9,2.0,0.637,1.2,31.5,25.006599999999995,-80.681269,S2B_MSIL2A_20240812T160519_N0511_R054_T17RNH_20240812T194800,2024-08-12 16:05:19.024,6.99,12.0,-0.0955857142857142,14,-0.0510428571428571,14,-0.0519928571428571,14
FLAB21,2024-09-30,0.046,0.467,5.04,0.005,7.8,0.005,35.6,2.6,0.538,1.6,30.1,25.006599999999995,-80.681269,S2B_MSIL2A_20241001T160509_N0511_R054_T17RNH_20241001T210909,2024-10-01 16:05:09.024,5.16,1.0,-0.1680785714285714,14,-0.0807,14,-0.0519142857142857,14
FLAB21,2024-11-19,0.035,0.396,6.63,0.007,8.0,0.007,33.4,2.4,0.347,1.9,23.5,25.006599999999995,-80.681269,S2A_MSIL2A_20241115T160511_N0511_R054_T17RNH_20241115T205649,2024-11-15 16:05:11.024,4.75,3.0,-0.1943785714285714,14,-0.09385,14,-0.0637142857142857,14
FLAB21,2025-02-13,0.021,0.423,7.01,0.005,8.1,0.004,31.9,0.65,0.422,2.7,25.2,25.006599999999995,-80.681269,S2B_MSIL2A_20250228T160509_N0511_R054_T17RNH_20250228T194642,2025-02-28 16:05:09.024,0.47,15.0,-0.2428571428571428,14,-0.1178,14,-0.0651642857142857,14
FLAB21,2025-03-25,0.025,0.483,7.78,0.005,8.2,0.006,32.8,2.42,0.818,2.0,26.7,25.006599999999995,-80.681269,S2B_MSIL2A_20250320T160509_N0511_R054_T17RNH_20250320T211202,2025-03-20 16:05:09.024,0.418068,4.0,-0.3467214285714285,14,-0.1890714285714285,14,-0.1179928571428571,14
FLAB21,2025-05-07,0.018,0.24,6.75,0.005,8.2,0.002,39.3,1.9,0.276,1.2,28.7,25.006599999999995,-80.681269,S2A_MSIL2A_20250526T160531_N0511_R054_T17RNH_20250526T203213,2025-05-26 16:05:31.024,2.662065,19.0,-0.1571142857142857,14,-0.09515,14,-0.0659071428571428,14
FLAB21,2025-07-10,0.048,0.611,5.75,0.005,8.2,0.005,38.3,2.4,0.569,0.9,30.2,25.006599999999995,-80.681269,S2C_MSIL2A_20250802T160531_N0511_R054_T17RNH_20250802T202613,2025-08-02 16:05:31.025,4.725419,23.0,-0.08935,14,-0.0404071428571428,14,-0.0430928571428571,14
FLAB21,2025-09-09,0.032,0.651,8.36,0.005,8.1,0.005,40.6,2.7,1.06,0.9,30.7,25.006599999999995,-80.681269,S2C_MSIL2A_20250822T160531_N0511_R054_T17RNH_20250822T205612,2025-08-22 16:05:31.025,4.462308,17.0,-0.1277642857142857,14,-0.0605071428571428,14,-0.0484428571428571,14
FLAB21,2025-11-19,0.051,0.412,8.15,0.008,8.1,0.003,31.5,2.0,0.66,1.4,24.2,25.006599999999995,-80.681269,S2A_MSIL2A_20251122T160531_N0511_R054_T17RNH_20251122T183708,2025-11-22 16:05:31.024,5.56,3.0,-0.3312857142857142,14,-0.1793142857142857,14,-0.1331571428571428,14
FLAB23,2016-01-25,0.354,0.469,8.26,0.032,7.8,0.004,24.8,0.3,0.967,25.2,15.3,25.117969,-80.599719,S2A_MSIL2A_20160102T155642_N0500_R054_T17RNH_20231010T064726,2016-01-02 15:56:42.030,8.37,22.0,-0.3173285714285714,14,-0.1695142857142857,14,-0.1692642857142857,14
FLAB23,2016-02-22,0.273,0.226,7.94,0.069,8.0,0.003,22.1,0.9,0.875,6.0,21.9,25.117969,-80.599719,,,,,,0,,0,,0
FLAB23,2016-04-05,0.132,0.292,6.78,0.048,8.1,0.003,23.2,1.8,0.708,1.0,24.9,25.117969,-80.599719,S2A_MSIL2A_20160401T154922_N0500_R054_T17RNH_20231021T232321,2016-04-01 15:49:22.030,10.03,3.0,-0.3876142857142857,14,-0.2602285714285714,14,-0.1607142857142857,14
FLAB23,2016-05-31,0.103,0.256,6.37,0.01,8.2,0.002,29.2,1.9,0.708,1.9,29.7,25.117969,-80.599719,S2A_MSIL2A_20160521T160522_N0500_R054_T17RNH_20231008T223616,2016-05-21 16:05:22.027,9.63,9.0,-0.4373571428571428,14,-0.3130928571428572,14,-0.1659571428571428,14
FLAB23,2016-06-20,0.118,0.4,6.03,0.008,8.0,0.004,31.2,1.8,0.823,4.4,28.9,25.117969,-80.599719,S2A_MSIL2A_20160630T160512_N0500_R054_T17RNH_20231015T211056,2016-06-30 16:05:12.027,18.46,10.0,-0.3917357142857142,14,-0.2547071428571428,14,-0.1580714285714285,14
FLAB23,2016-07-12,0.104,0.361,6.03,0.007,8.0,0.003,32.1,1.7,0.821,3.9,31.1,25.117969,-80.599719,S2A_MSIL2A_20160630T160512_N0500_R054_T17RNH_20231015T211056,2016-06-30 16:05:12.027,18.46,11.0,-0.3917357142857142,14,-0.2547071428571428,14,-0.1580714285714285,14
FLAB23,2016-09-08,0.032,0.366,7.06,0.005,8.2,0.002,29.9,2.0,0.749,1.0,29.7,25.117969,-80.599719,S2A_MSIL2A_20160918T160512_N0500_R054_T17RNH_20230930T023451,2016-09-18 16:05:12.026,14.25,10.0,-0.3206642857142857,14,-0.1683285714285714,14,-0.1418285714285714,14
FLAB23,2016-09-13,0.026,0.516,6.22,0.005,8.2,0.002,30.8,1.7,0.747,1.3,29.2,25.117969,-80.599719,S2A_MSIL2A_20160918T160512_N0500_R054_T17RNH_20230930T023451,2016-09-18 16:05:12.026,14.25,5.0,-0.3206642857142857,14,-0.1683285714285714,14,-0.1418285714285714,14
FLAB23,2016-10-26,0.048,0.728,7.45,0.005,8.1,0.004,26.3,0.5,0.891,16.4,23.1,25.117969,-80.599719,,,,,,0,,0,,0
FLAB23,2016-11-14,0.114,0.256,6.84,0.011,8.0,0.003,25.3,1.0,0.757,4.3,25.0,25.117969,-80.599719,S2A_MSIL2A_20161127T160512_N0500_R054_T17RNH_20230927T160903,2016-11-27 16:05:12.026,11.47,13.0,-0.4051928571428571,14,-0.2408785714285714,14,-0.1935785714285714,14
FLAB23,2016-12-13,0.162,0.277,7.13,0.02,8.0,0.003,24.3,1.9,0.74,4.7,23.8,25.117969,-80.599719,S2A_MSIL2A_20161127T160512_N0500_R054_T17RNH_20230927T160903,2016-11-27 16:05:12.026,11.47,15.0,-0.4051928571428571,14,-0.2408785714285714,14,-0.1935785714285714,14
FLAB23,2017-01-25,0.216,0.268,7.23,0.026,8.2,0.003,26.8,0.4,0.811,16.4,22.2,25.117969,-80.599719,S2A_MSIL2A_20170215T160511_N0500_R054_T17RNH_20230917T075421,2017-02-15 16:05:11.026,3.45,21.0,-0.4986571428571428,14,-0.3383,14,-0.2652214285714285,14
FLAB23,2017-02-08,0.198,0.405,6.87,0.025,7.9,0.003,27.7,3.4,0.809,4.0,23.7,25.117969,-80.599719,S2A_MSIL2A_20170215T160511_N0500_R054_T17RNH_20230917T075421,2017-02-15 16:05:11.026,3.45,7.0,-0.4986571428571428,14,-0.3383,14,-0.2652214285714285,14
FLAB23,2017-03-21,0.196,0.341,7.33,0.035,8.1,0.003,31.7,1.7,0.897,2.2,20.8,25.117969,-80.599719,S2A_MSIL2A_20170225T160511_N0500_R054_T17RNH_20230927T065507,2017-02-25 16:05:11.026,2.02,23.0,-0.5076857142857143,14,-0.3351214285714285,14,-0.2241928571428571,14
FLAB23,2017-04-06,0.115,0.232,6.33,0.07,8.0,0.004,31.7,1.8,0.709,6.7,26.4,25.117969,-80.599719,,,,,,0,,0,,0
FLAB23,2017-05-08,0.116,0.249,6.83,0.051,8.1,0.003,36.2,3.1,0.758,6.8,25.5,25.117969,-80.599719,,,,,,0,,0,,0
FLAB23,2017-06-27,0.197,0.32,5.88,0.048,7.9,0.003,37.9,1.8,0.792,1.1,30.8,25.117969,-80.599719,S2A_MSIL2A_20170715T160511_N0500_R054_T17RNH_20230901T104819,2017-07-15 16:05:11.026,6.66,18.0,-0.3793571428571428,14,-0.2573857142857143,14,-0.1584857142857142,14
FLAB23,2017-07-24,0.218,0.332,5.77,0.044,8.1,0.002,37.8,1.9,0.785,1.5,30.6,25.117969,-80.599719,S2A_MSIL2A_20170715T160511_N0500_R054_T17RNH_20230901T104819,2017-07-15 16:05:11.026,6.66,8.0,-0.3793571428571428,14,-0.2573857142857143,14,-0.1584857142857142,14
FLAB23,2017-08-21,0.112,0.315,6.19,0.062,7.6,0.002,39.8,1.8,0.722,1.9,29.9,25.117969,-80.599719,S2A_MSIL2A_20170804T160511_N0500_R054_T17RNH_20230826T141136,2017-08-04 16:05:11.026,7.87,16.0,-0.3370714285714286,14,-0.2492,14,-0.1284,14
FLAB23,2017-09-18,0.158,0.981,6.05,0.008,7.5,0.005,29.8,1.7,0.865,4.1,29.1,25.117969,-80.599719,S2A_MSIL2A_20170913T160511_N0500_R054_T17RNH_20230825T160223,2017-09-13 16:05:11.026,18.56,4.0,-0.5311,14,-0.4201571428571428,14,-0.3979071428571428,14
FLAB23,2017-10-04,0.131,4.61,6.59,0.017,7.9,0.007,24.9,0.2,0.95,52.9,27.6,25.117969,-80.599719,S2A_MSIL2A_20171003T160511_N0500_R054_T17RNH_20230817T084655,2017-10-03 16:05:11.026,13.94,0.0,-0.3847285714285714,14,-0.2683928571428571,14,-0.3273071428571428,14
FLAB23,2017-11-16,0.182,0.306,7.58,0.08,8.1,0.003,21.1,1.5,0.898,4.4,24.5,25.117969,-80.599719,S2B_MSIL2A_20171107T160459_N0500_R054_T17RNH_20230721T141830,2017-11-07 16:04:59.027,7.26,8.0,-0.0778642857142857,14,-0.0416571428571428,14,-0.0217428571428571,14
FLAB23,2017-12-18,0.033,0.176,8.56,0.005,8.2,0.003,19.8,2.8,0.734,2.1,20.8,25.117969,-80.599719,S2B_MSIL2A_20171227T160459_N0500_R054_T17RNH_20230720T070737,2017-12-27 16:04:59.027,6.53,9.0,-0.3338285714285714,14,-0.1691,14,-0.1772857142857143,14
FLAB23,2018-01-16,0.021,0.156,8.38,0.006,8.2,0.003,21.9,0.9,0.704,5.9,18.5,25.117969,-80.599719,S2B_MSIL2A_20171227T160459_N0500_R054_T17RNH_20230720T070737,2017-12-27 16:04:59.027,6.53,19.0,-0.3338285714285714,14,-0.1691,14,-0.1772857142857143,14
FLAB23,2018-02-12,0.051,0.829,6.84,0.014,8.1,0.006,22.9,0.8,0.765,13.8,24.3,25.117969,-80.599719,S2B_MSIL2A_20180205T160509_N0500_R054_T17RNH_20230804T115018,2018-02-05 16:05:09.027,6.15,6.0,-0.19332,5,-0.22134,5,-0.08946,5
FLAB23,2018-03-01,0.091,1.42,7.1,0.017,8.0,0.006,24.2,0.6,0.885,13.5,25.7,25.117969,-80.599719,S2B_MSIL2A_20180317T160509_N0500_R054_T17RNH_20230710T201059,2018-03-17 16:05:09.027,3.5,16.0,-0.5578857142857143,14,-0.4015571428571428,14,-0.33825,14
FLAB23,2018-04-11,0.072,0.548,6.54,0.05,8.1,0.006,28.0,0.5,0.801,19.7,27.1,25.117969,-80.599719,S2A_MSIL2A_20180421T160511_N0500_R054_T17RNH_20230630T222736,2018-04-21 16:05:11.026,19.08,10.0,-0.4036357142857142,14,-0.28245,14,-0.1789642857142857,14
FLAB23,2018-05-22,0.053,0.099,5.84,0.032,8.0,0.004,30.1,0.4,0.693,8.7,24.7,25.117969,-80.599719,S2B_MSIL2A_20180605T160509_N0500_R054_T17RNH_20230715T182439,2018-06-05 16:05:09.024,13.59,14.0,-0.4066785714285714,14,-0.3109428571428571,14,-0.16775,14
FLAB23,2018-06-11,0.146,0.354,6.12,0.042,8.1,0.003,28.8,1.1,0.8,4.8,29.0,25.117969,-80.599719,S2B_MSIL2A_20180605T160509_N0500_R054_T17RNH_20230715T182439,2018-06-05 16:05:09.024,13.59,5.0,-0.4066785714285714,14,-0.3109428571428571,14,-0.16775,14
FLAB23,2018-07-10,0.064,0.338,6.38,0.023,8.0,0.002,30.6,1.8,0.719,1.0,31.7,25.117969,-80.599719,,,,,,0,,0,,0
FLAB23,2018-08-08,0.024,0.075,6.59,0.005,8.0,0.002,29.4,1.7,0.753,2.1,29.8,25.117969,-80.599719,S2A_MSIL2A_20180809T160511_N0500_R054_T17RNH_20230711T022345,2018-08-09 16:05:11.024,8.3,1.0,-0.3168071428571428,14,-0.1925,14,-0.1390071428571428,14
FLAB23,2018-09-06,0.027,0.238,6.15,0.005,8.0,0.002,28.5,2.0,0.83,1.4,28.4,25.117969,-80.599719,S2A_MSIL2A_20180928T160511_N0510_R054_T17RNH_20250531T034550,2018-09-28 16:05:11.024,3.004363,22.0,-0.2637642857142857,14,-0.1494214285714285,14,-0.1274928571428571,14
FLAB23,2018-10-23,0.034,0.236,6.65,0.005,7.9,0.002,26.6,1.8,0.853,1.5,26.8,25.117969,-80.599719,S2A_MSIL2A_20181018T160511_N0500_R054_T17RNH_20230706T010334,2018-10-18 16:05:11.024,8.03,4.0,-0.3322142857142857,14,-0.1858642857142857,14,-0.1441571428571428,14
FLAB23,2018-11-05,0.062,0.228,6.61,0.005,7.6,0.002,26.4,1.3,0.828,4.1,26.2,25.117969,-80.599719,S2A_MSIL2A_20181018T160511_N0500_R054_T17RNH_20230706T010334,2018-10-18 16:05:11.024,8.03,17.0,-0.3322142857142857,14,-0.1858642857142857,14,-0.1441571428571428,14
FLAB23,2018-12-05,0.121,0.478,6.3,0.007,8.0,0.003,27.2,1.9,0.923,7.4,24.3,25.117969,-80.599719,S2B_MSIL2A_20181202T160509_N0500_R054_T17RNH_20230623T141113,2018-12-02 16:05:09.024,10.75,2.0,-0.3853214285714286,14,-0.2183285714285714,14,-0.1497428571428571,14
FLAB23,2019-01-29,0.232,0.432,7.66,0.014,8.0,0.003,29.7,0.3,1.04,31.9,18.1,25.117969,-80.599719,S2B_MSIL2A_20190131T160509_N0500_R054_T17RNH_20221203T130314,2019-01-31 16:05:09.024,10.99,2.0,-0.5719285714285715,14,-0.4461071428571428,14,-0.4153714285714285,14
FLAB23,2019-02-19,0.258,0.24,7.03,0.024,8.0,0.003,30.0,1.5,1.01,3.5,25.4,25.117969,-80.599719,S2B_MSIL2A_20190302T160509_N0500_R054_T17RNH_20221114T204209,2019-03-02 16:05:09.024,3.51,11.0,-0.4485714285714285,14,-0.2613642857142857,14,-0.1971428571428571,14
FLAB23,2019-03-05,0.156,0.233,6.28,0.049,7.8,0.002,31.3,1.8,0.911,2.2,27.6,25.117969,-80.599719,S2B_MSIL2A_20190302T160509_N0500_R054_T17RNH_20221114T204209,2019-03-02 16:05:09.024,3.51,2.0,-0.4485714285714285,14,-0.2613642857142857,14,-0.1971428571428571,14
FLAB23,2019-04-02,0.118,0.363,7.2,0.041,7.9,0.003,33.7,2.1,0.905,2.4,25.9,25.117969,-80.599719,S2B_MSIL2A_20190411T160519_N0500_R054_T17RNH_20221023T185626,2019-04-11 16:05:19.024,3.66,9.0,-0.5196142857142857,14,-0.3401642857142857,14,-0.2017285714285714,14
FLAB23,2019-05-14,0.068,0.386,6.17,0.017,8.0,0.003,38.8,2.0,0.807,1.4,29.0,25.117969,-80.599719,S2A_MSIL2A_20190526T160511_N0500_R054_T17RNH_20221211T081521,2019-05-26 16:05:11.024,5.48,12.0,-0.3421642857142857,14,-0.24395,14,-0.1350714285714285,14
FLAB23,2019-06-13,0.096,0.581,5.47,0.017,7.9,0.004,40.1,0.2,0.902,20.6,30.5,25.117969,-80.599719,S2A_MSIL2A_20190625T160521_N0500_R054_T17RNH_20230508T164541,2019-06-25 16:05:21.024,2.13,12.0,-0.3978357142857143,14,-0.2458142857142857,14,-0.1686928571428571,14
FLAB23,2019-07-29,0.048,0.304,6.43,0.009,8.0,0.003,42.3,0.3,0.896,9.5,31.1,25.117969,-80.599719,S2B_MSIL2A_20190819T160519_N0500_R054_T17RNH_20230505T071445,2019-08-19 16:05:19.024,12.15,21.0,-0.1633928571428571,14,-0.08255,14,-0.0300571428571428,14
FLAB23,2019-08-13,0.042,0.29,5.76,0.049,8.0,0.002,41.2,2.1,0.915,1.0,31.7,25.117969,-80.599719,S2B_MSIL2A_20190819T160519_N0500_R054_T17RNH_20230505T071445,2019-08-19 16:05:19.024,12.15,6.0,-0.1633928571428571,14,-0.08255,14,-0.0300571428571428,14
FLAB23,2019-09-10,0.018,0.51,6.16,0.005,7.9,0.004,41.9,1.5,0.875,1.4,30.2,25.117969,-80.599719,S2B_MSIL2A_20190918T160509_N0500_R054_T17RNH_20230501T120457,2019-09-18 16:05:09.024,8.33,8.0,-0.29275,14,-0.1661214285714286,14,-0.1301928571428571,14
FLAB23,2019-10-10,0.074,0.27,6.06,0.005,8.0,0.002,34.5,1.5,0.884,3.4,28.1,25.117969,-80.599719,S2A_MSIL2A_20191013T160511_N0500_R054_T17RNH_20230614T052238,2019-10-13 16:05:11.024,9.57,3.0,-0.44905,14,-0.2954714285714285,14,-0.2385571428571428,14
FLAB23,2019-11-07,0.072,0.167,6.27,0.008,8.0,0.002,34.9,2.0,0.815,1.1,27.1,25.117969,-80.599719,S2A_MSIL2A_20191013T160511_N0500_R054_T17RNH_20230614T052238,2019-10-13 16:05:11.024,9.57,24.0,-0.44905,14,-0.2954714285714285,14,-0.2385571428571428,14
FLAB23,2019-12-09,0.053,0.119,7.25,0.013,8.0,0.002,36.6,3.1,0.765,1.0,21.7,25.117969,-80.599719,S2B_MSIL2A_20191207T160509_N0500_R054_T17RNH_20230525T143258,2019-12-07 16:05:09.024,9.01,1.0,-0.3847928571428571,14,-0.2141928571428571,14,-0.1649142857142857,14
FLAB23,2020-01-23,0.184,0.288,8.24,0.038,7.9,0.003,34.4,0.4,0.929,19.7,16.4,25.117969,-80.599719,S2B_MSIL2A_20200126T160509_N0500_R054_T17RNH_20230424T055929,2020-01-26 16:05:09.024,0.01,3.0,-0.5243571428571429,14,-0.3649071428571428,14,-0.3166571428571428,14
FLAB23,2020-02-06,0.186,0.114,7.24,0.026,8.1,0.002,34.5,1.8,0.932,1.4,22.4,25.117969,-80.599719,S2B_MSIL2A_20200126T160509_N0500_R054_T17RNH_20230424T055929,2020-01-26 16:05:09.024,0.01,10.0,-0.5243571428571429,14,-0.3649071428571428,14,-0.3166571428571428,14
FLAB23,2020-03-05,0.213,0.26,7.47,0.032,8.2,0.003,34.5,1.6,0.887,1.9,23.3,25.117969,-80.599719,S2B_MSIL2A_20200326T160509_N0500_R054_T17RNH_20230409T144543,2020-03-26 16:05:09.024,3.76,21.0,-0.4436071428571428,14,-0.2696214285714285,14,-0.1855357142857142,14
FLAB23,2020-04-06,0.062,0.187,6.52,0.025,8.0,0.002,39.2,1.6,0.764,1.1,25.7,25.117969,-80.599719,S2B_MSIL2A_20200326T160509_N0500_R054_T17RNH_20230409T144543,2020-03-26 16:05:09.024,3.76,10.0,-0.4436071428571428,14,-0.2696214285714285,14,-0.1855357142857142,14
FLAB23,2020-05-05,0.08,0.358,3.3,0.014,8.0,0.002,41.9,1.6,0.794,1.6,27.4,25.117969,-80.599719,S2B_MSIL2A_20200505T160509_N0500_R054_T17RNH_20230331T132201,2020-05-05 16:05:09.024,13.21,0.0,-0.4172714285714285,14,-0.2692285714285714,14,-0.1597642857142857,14
FLAB23,2020-06-02,0.087,0.331,5.79,0.015,8.0,0.003,39.5,1.7,0.754,1.0,29.3,25.117969,-80.599719,S2A_MSIL2A_20200609T160521_N0500_R054_T17RNH_20230412T130437,2020-06-09 16:05:21.024,11.27,7.0,-0.3307642857142857,14,-0.2266642857142857,14,-0.1372785714285714,14
FLAB23,2020-07-16,0.054,0.503,6.03,0.007,7.8,0.003,37.6,1.5,0.832,1.0,30.2,25.117969,-80.599719,S2A_MSIL2A_20200719T160521_N0500_R054_T17RNH_20230323T200138,2020-07-19 16:05:21.024,15.5,3.0,-0.4085642857142857,14,-0.3263642857142857,14,-0.1810071428571428,14
FLAB23,2020-08-17,0.053,0.229,6.48,0.005,8.1,0.002,33.1,1.6,0.853,0.8,31.7,25.117969,-80.599719,S2B_MSIL2A_20200813T160519_N0500_R054_T17RNH_20230317T064934,2020-08-13 16:05:19.024,8.8,3.0,-0.2950285714285714,14,-0.1822428571428571,14,-0.1146428571428571,14
FLAB23,2020-09-01,,0.315,5.85,,8.1,0.003,34.3,1.7,0.885,1.3,31.6,25.117969,-80.599719,S2B_MSIL2A_20200813T160519_N0500_R054_T17RNH_20230317T064934,2020-08-13 16:05:19.024,8.8,18.0,-0.2950285714285714,14,-0.1822428571428571,14,-0.1146428571428571,14
FLAB23,2020-10-14,0.081,0.404,6.46,0.005,8.1,0.003,29.3,1.7,0.768,1.0,29.1,25.117969,-80.599719,S2B_MSIL2A_20201012T160519_N0500_R054_T17RNH_20230307T135614,2020-10-12 16:05:19.024,7.31,1.0,-0.2467785714285714,14,-0.1228571428571428,14,-0.1215357142857142,14
FLAB23,2020-11-12,0.182,0.682,7.33,0.009,8.0,0.005,15.1,0.2,0.773,34.5,25.1,25.117969,-80.599719,S2A_MSIL2A_20201126T160511_N0500_R054_T17RNH_20230304T135940,2020-11-26 16:05:11.024,7.4,14.0,-0.3501857142857142,14,-0.1992285714285714,14,-0.1988571428571428,14
FLAB23,2020-12-14,0.255,0.535,8.52,0.025,8.2,0.004,15.0,1.7,0.769,2.2,20.9,25.117969,-80.599719,S2A_MSIL2A_20201126T160511_N0500_R054_T17RNH_20230304T135940,2020-11-26 16:05:11.024,7.4,17.0,-0.3501857142857142,14,-0.1992285714285714,14,-0.1988571428571428,14
FLAB23,2021-01-12,0.044,0.13,8.81,0.02,8.3,0.002,18.0,1.5,0.562,1.2,19.3,25.117969,-80.599719,S2A_MSIL2A_20210105T160511_N0500_R054_T17RNH_20230224T230042,2021-01-05 16:05:11.024,0.15,6.0,-0.3066285714285714,14,-0.1656,14,-0.1499857142857142,14
FLAB23,2021-02-08,0.028,0.158,8.3,0.005,8.4,0.002,19.4,1.6,0.537,4.3,22.5,25.117969,-80.599719,S2B_MSIL2A_20210301T160509_N0500_R054_T17RNH_20230513T142932,2021-03-01 16:05:09.024,5.26,21.0,-0.5304357142857143,14,-0.3828357142857143,14,-0.2513928571428571,14
FLAB23,2021-03-25,0.083,0.267,7.35,0.013,8.2,0.002,22.8,0.6,0.585,7.2,24.8,25.117969,-80.599719,S2B_MSIL2A_20210331T160509_N0500_R054_T17RNH_20230519T193433,2021-03-31 16:05:09.024,4.3,6.0,-0.4384642857142857,14,-0.3058642857142857,14,-0.1718,14
FLAB23,2021-04-06,0.103,0.27,7.62,0.01,8.2,0.003,21.6,1.5,0.723,7.2,21.7,25.117969,-80.599719,S2B_MSIL2A_20210331T160509_N0500_R054_T17RNH_20230519T193433,2021-03-31 16:05:09.024,4.3,5.0,-0.4384642857142857,14,-0.3058642857142857,14,-0.1718,14
FLAB23,2021-05-06,0.056,0.217,7.13,0.016,8.0,0.002,24.9,1.5,0.683,2.1,29.8,25.117969,-80.599719,S2B_MSIL2A_20210510T160509_N0500_R054_T17RNH_20230208T043056,2021-05-10 16:05:09.024,3.55,4.0,-0.4710785714285714,14,-0.3722285714285714,14,-0.2212571428571428,14
FLAB23,2021-06-21,0.023,0.018,7.13,0.005,8.2,0.002,31.1,1.5,0.639,1.6,30.7,25.117969,-80.599719,S2B_MSIL2A_20210609T160509_N0500_R054_T17RNH_20230128T121728,2021-06-09 16:05:09.024,11.23,11.0,-0.4080428571428571,14,-0.3204571428571428,14,-0.1695071428571428,14
FLAB23,2021-07-22,0.033,0.315,6.42,0.005,8.1,0.002,31.5,1.7,0.669,1.1,31.4,25.117969,-80.599719,S2A_MSIL2A_20210704T160511_N0500_R054_T17RNH_20230129T022912,2021-07-04 16:05:11.024,4.55,17.0,-0.3537571428571428,14,-0.2375214285714285,14,-0.1363071428571428,14
FLAB23,2021-08-19,0.029,0.416,6.1,0.005,7.9,0.003,32.9,1.5,0.705,2.6,29.7,25.117969,-80.599719,S2B_MSIL2A_20210818T160509_N0500_R054_T17RNH_20230117T162001,2021-08-18 16:05:09.024,6.15,0.0,-0.3884071428571428,14,-0.2912714285714285,14,-0.1593285714285714,14
FLAB23,2021-09-21,0.048,0.489,5.94,0.005,8.0,0.002,32.6,,0.647,1.0,29.6,25.117969,-80.599719,S2B_MSIL2A_20210927T160509_N0500_R054_T17RNH_20230115T060558,2021-09-27 16:05:09.024,2.58,6.0,-0.3891428571428572,14,-0.2329571428571428,14,-0.1524928571428571,14
FLAB23,2021-10-21,0.03,0.194,6.75,0.005,8.1,0.002,28.6,1.4,0.725,2.1,26.0,25.117969,-80.599719,S2B_MSIL2A_20211017T160509_N0500_R054_T17RNH_20230105T060942,2021-10-17 16:05:09.024,1.5,3.0,-0.3498714285714285,14,-0.1904928571428571,14,-0.1475357142857143,14
FLAB23,2021-11-15,0.035,0.334,7.38,0.005,8.1,0.002,28.9,1.7,0.841,1.8,23.3,25.117969,-80.599719,S2B_MSIL2A_20211126T160509_N0500_R054_T17RNH_20221231T133627,2021-11-26 16:05:09.024,7.91,11.0,-0.34715,14,-0.1933857142857143,14,-0.14845,14
FLAB23,2021-12-16,0.04,0.215,6.96,0.005,8.0,0.002,25.7,1.7,0.641,2.2,24.4,25.117969,-80.599719,S2A_MSIL2A_20211201T160511_N0500_R054_T17RNH_20221224T161347,2021-12-01 16:05:11.024,2.02,14.0,-0.32725,14,-0.1776285714285714,14,-0.1407642857142857,14
FLAB23,2022-01-18,0.036,0.236,7.54,0.007,8.0,0.002,25.8,1.0,0.623,4.6,19.2,25.117969,-80.599719,S2A_MSIL2A_20220130T160511_N0510_R054_T17RNH_20240508T134151,2022-01-30 16:05:11.024,4.314916,12.0,-0.5147571428571428,14,-0.3797785714285714,14,-0.3548071428571428,14
FLAB23,2022-02-01,0.046,0.222,8.34,0.006,8.2,0.002,27.2,1.2,0.716,6.1,16.2,25.117969,-80.599719,S2A_MSIL2A_20220130T160511_N0510_R054_T17RNH_20240508T134151,2022-01-30 16:05:11.024,4.314916,1.0,-0.5147571428571428,14,-0.3797785714285714,14,-0.3548071428571428,14
FLAB23,2022-03-28,0.067,0.151,7.2,0.006,8.1,0.002,29.1,1.6,0.734,1.6,22.2,25.117969,-80.599719,S2A_MSIL2A_20220301T160521_N0510_R054_T17RNH_20240517T125255,2022-03-01 16:05:21.024,6.624457,26.0,-0.4065571428571428,14,-0.2442642857142857,14,-0.1686642857142857,14
FLAB23,2022-04-11,0.063,0.132,7.37,0.006,8.1,0.003,30.9,1.2,0.737,1.7,22.9,25.117969,-80.599719,S2B_MSIL2A_20220425T160509_N0510_R054_T17RNH_20240605T092546,2022-04-25 16:05:09.024,11.56,14.0,-0.36065,14,-0.2563071428571428,14,-0.1383714285714286,14
FLAB23,2022-05-25,0.063,0.192,6.31,0.008,8.0,0.002,35.5,1.6,0.75,1.3,27.8,25.117969,-80.599719,S2B_MSIL2A_20220515T160509_N0510_R054_T17RNH_20240627T105215,2022-05-15 16:05:09.024,5.97,9.0,-0.4045428571428571,14,-0.2281357142857142,14,-0.1442857142857143,14
FLAB23,2022-06-23,0.121,0.222,6.43,0.013,8.0,0.002,30.3,1.8,0.802,1.2,28.3,25.117969,-80.599719,S2A_MSIL2A_20220629T160521_N0510_R054_T17RNH_20240628T194938,2022-06-29 16:05:21.024,4.056241,6.0,-0.14205,14,-0.1381142857142857,14,-0.0125714285714285,14
FLAB23,2022-07-07,0.065,0.235,6.46,0.005,8.1,0.003,29.3,1.9,0.785,0.8,29.9,25.117969,-80.599719,S2A_MSIL2A_20220629T160521_N0510_R054_T17RNH_20240628T194938,2022-06-29 16:05:21.024,4.056241,7.0,-0.14205,14,-0.1381142857142857,14,-0.0125714285714285,14
FLAB23,2022-08-24,0.071,0.236,5.91,0.013,8.1,0.002,34.0,1.8,0.789,1.1,31.0,25.117969,-80.599719,S2A_MSIL2A_20220818T160521_N0510_R054_T17RNH_20240629T103659,2022-08-18 16:05:21.024,4.266037,5.0,-0.3158142857142857,14,-0.1821785714285714,14,-0.1302642857142857,14
FLAB23,2022-09-08,0.08,0.306,5.21,0.009,7.8,0.002,35.1,1.7,0.761,1.2,30.9,25.117969,-80.599719,S2B_MSIL2A_20220902T160509_N0510_R054_T17RNH_20240719T005650,2022-09-02 16:05:09.024,4.340765,5.0,-0.3054214285714285,14,-0.1893428571428571,14,-0.1167857142857142,14
FLAB23,2022-10-05,0.114,0.345,5.87,0.008,7.8,0.002,32.6,1.8,0.839,2.1,26.8,25.117969,-80.599719,S2B_MSIL2A_20221022T160509_N0510_R054_T17RNH_20240729T211221,2022-10-22 16:05:09.024,18.645181,17.0,-0.3311714285714285,14,-0.1899,14,-0.2319714285714285,14
FLAB23,2022-11-22,0.225,0.293,6.66,0.038,7.9,0.002,28.4,1.0,0.86,2.6,23.9,25.117969,-80.599719,S2B_MSIL2A_20221211T160509_N0510_R054_T17RNH_20240806T114151,2022-12-11 16:05:09.024,0.090929,19.0,-0.3265285714285714,14,-0.1755,14,-0.1550142857142857,14
FLAB23,2022-12-05,0.164,0.242,6.98,0.06,8.0,0.002,27.1,1.7,0.741,1.9,23.3,25.117969,-80.599719,S2B_MSIL2A_20221211T160509_N0510_R054_T17RNH_20240806T114151,2022-12-11 16:05:09.024,0.090929,6.0,-0.3265285714285714,14,-0.1755,14,-0.1550142857142857,14
FLAB23,2023-01-18,0.066,0.08,8.13,0.057,8.0,0.002,27.6,1.7,0.619,1.2,18.1,25.117969,-80.599719,S2A_MSIL2A_20230115T160511_N0510_R054_T17RNH_20240726T230934,2023-01-15 16:05:11.024,0.01,2.0,-0.51855,14,-0.35055,14,-0.27625,14
FLAB23,2023-02-16,0.048,0.153,7.32,0.026,8.0,0.002,29.4,1.9,0.538,3.1,22.2,25.117969,-80.599719,S2B_MSIL2A_20230301T160509_N0510_R054_T17RNH_20240817T102704,2023-03-01 16:05:09.025,0.13,13.0,-0.46425,14,-0.2775428571428571,14,-0.2113785714285714,14
FLAB23,2023-03-02,0.033,0.214,7.01,0.01,8.1,0.002,29.7,1.8,0.562,1.5,26.2,25.117969,-80.599719,S2B_MSIL2A_20230301T160509_N0510_R054_T17RNH_20240817T102704,2023-03-01 16:05:09.025,0.13,0.0,-0.46425,14,-0.2775428571428571,14,-0.2113785714285714,14
FLAB23,2023-04-13,0.058,0.259,6.8,0.014,8.0,0.004,31.0,1.1,0.621,3.6,24.3,25.117969,-80.599719,S2A_MSIL2A_20230415T160511_N0510_R054_T17RNH_20240830T092006,2023-04-15 16:05:11.024,6.0,2.0,-0.3776285714285714,14,-0.25025,14,-0.1428,14
FLAB23,2023-05-15,0.119,0.53,6.39,0.041,7.9,0.006,33.3,1.8,0.684,2.1,27.5,25.117969,-80.599719,S2A_MSIL2A_20230515T160511_N0510_R054_T17RNH_20240810T080114,2023-05-15 16:05:11.024,9.75,0.0,-0.3576142857142857,14,-0.2554214285714286,14,-0.1342785714285714,14
FLAB23,2023-06-12,0.158,0.446,6.04,0.035,7.9,0.006,32.2,2.1,0.779,2.0,30.2,25.117969,-80.599719,S2A_MSIL2A_20230614T160511_N0510_R054_T17RNH_20240910T072424,2023-06-14 16:05:11.024,11.47,2.0,-0.1233785714285714,14,-0.1222357142857143,14,-0.0131642857142857,14
FLAB23,2023-07-12,0.172,0.266,5.59,0.026,7.9,0.005,30.7,2.0,0.828,1.4,32.8,25.117969,-80.599719,S2B_MSIL2A_20230709T160519_N0510_R054_T17RNH_20241014T004835,2023-07-09 16:05:19.024,3.25,2.0,-0.3423428571428571,14,-0.2144857142857142,14,-0.1457071428571428,14
FLAB23,2023-08-09,0.056,0.285,5.9,0.008,8.0,0.004,30.9,1.8,0.729,1.5,32.7,25.117969,-80.599719,S2A_MSIL2A_20230724T160511_N0510_R054_T17RNH_20240820T071355,2023-07-24 16:05:11.024,5.24,15.0,-0.3211571428571428,14,-0.2017142857142857,14,-0.13215,14
FLAB23,2023-09-12,0.045,0.387,7.31,0.005,8.2,0.005,29.4,2.0,0.799,1.5,32.1,25.117969,-80.599719,S2B_MSIL2A_20230828T160519_N0510_R054_T17RNH_20240912T061739,2023-08-28 16:05:19.024,3.33,14.0,-0.2807214285714285,14,-0.1687571428571428,14,-0.1111928571428571,14
FLAB23,2023-10-11,0.042,0.51,6.6,0.008,8.0,0.003,29.3,1.8,0.799,1.0,29.8,25.117969,-80.599719,S2B_MSIL2A_20231007T160509_N0510_R054_T17RNH_20241022T112823,2023-10-07 16:05:09.024,1.06,3.0,-0.3339,14,-0.1788928571428571,14,-0.1206857142857142,14
FLAB23,2023-11-08,0.102,0.499,6.69,0.008,7.9,0.003,29.0,0.6,0.906,6.1,24.2,25.117969,-80.599719,S2A_MSIL2A_20231101T160511_N0510_R054_T17RNH_20240831T085923,2023-11-01 16:05:11.024,0.26,6.0,-0.3965357142857142,14,-0.2418,14,-0.1726428571428571,14
FLAB23,2023-12-12,0.261,1.02,7.75,0.019,7.9,0.004,20.4,0.4,0.872,42.9,20.2,25.117969,-80.599719,S2A_MSIL2A_20231231T160511_N0510_R054_T17RNH_20231231T210949,2023-12-31 16:05:11.024,0.01,19.0,-0.4549071428571428,14,-0.2922357142857142,14,-0.2691714285714285,14
FLAB23,2024-01-22,0.299,1.4,8.28,0.029,8.1,0.008,16.7,0.2,0.969,81.0,18.9,25.117969,-80.599719,S2A_MSIL2A_20240130T160511_N0510_R054_T17RNH_20240130T210100,2024-01-30 16:05:11.024,3.12,8.0,-0.51075,14,-0.3855428571428571,14,-0.4041857142857142,14
FLAB23,2024-02-08,0.198,0.558,8.33,0.047,8.0,0.004,18.3,0.5,0.716,12.6,17.9,25.117969,-80.599719,S2A_MSIL2A_20240130T160511_N0510_R054_T17RNH_20240130T210100,2024-01-30 16:05:11.024,3.12,8.0,-0.51075,14,-0.3855428571428571,14,-0.4041857142857142,14
FLAB23,2024-03-18,0.054,0.535,7.17,0.029,8.3,0.004,17.6,0.7,0.5894999999999999,9.1,26.8,25.117969,-80.599719,S2B_MSIL2A_20240315T160509_N0510_R054_T17RNH_20240315T200115,2024-03-15 16:05:09.024,8.77,2.0,-0.5573357142857143,14,-0.4319571428571428,14,-0.3475928571428571,14
FLAB23,2024-04-04,0.058,0.893,7.19,0.018,8.1,0.004,16.9,0.4,0.626,21.5,25.4,25.117969,-80.599719,S2A_MSIL2A_20240409T160511_N0510_R054_T17RNH_20240409T221856,2024-04-09 16:05:11.024,8.95,5.0,-0.4919142857142857,14,-0.4109928571428571,14,-0.3420857142857142,14
FLAB23,2024-05-20,0.081,0.588,6.23,0.02,8.1,0.002,24.3,0.8,0.652,10.1,29.8,25.117969,-80.599719,S2A_MSIL2A_20240529T160511_N0510_R054_T17RNH_20240529T221346,2024-05-29 16:05:11.024,4.6,9.0,-0.3822285714285714,14,-0.2445571428571428,14,-0.1538071428571428,14
FLAB23,2024-06-04,0.088,0.226,6.61,0.017,8.0,0.003,25.1,1.9,0.634,1.5,28.0,25.117969,-80.599719,S2A_MSIL2A_20240529T160511_N0510_R054_T17RNH_20240529T221346,2024-05-29 16:05:11.024,4.6,5.0,-0.3822285714285714,14,-0.2445571428571428,14,-0.1538071428571428,14
FLAB23,2024-07-17,0.023,0.298,6.94,0.005,8.1,0.002,24.0,1.9,0.605,1.5,30.5,25.117969,-80.599719,S2A_MSIL2A_20240628T160511_N0510_R054_T17RNH_20240628T223450,2024-06-28 16:05:11.024,3.75,18.0,-0.36045,14,-0.2455357142857142,14,-0.1358571428571428,14
FLAB23,2024-08-15,0.049,0.226,6.47,0.005,8.2,0.003,26.2,1.8,0.696,1.2,32.1,25.117969,-80.599719,S2B_MSIL2A_20240812T160519_N0511_R054_T17RNH_20240812T194800,2024-08-12 16:05:19.024,6.99,2.0,-0.3148285714285714,14,-0.2047428571428571,14,-0.1372428571428571,14
FLAB23,2024-09-16,0.052,0.453,6.7,0.007,8.1,0.002,25.7,2.3,0.678,1.2,31.1,25.117969,-80.599719,S2B_MSIL2A_20241001T160509_N0511_R054_T17RNH_20241001T210909,2024-10-01 16:05:09.024,5.16,15.0,-0.4030857142857142,14,-0.2443642857142857,14,-0.1482214285714286,14
FLAB23,2024-10-14,0.154,0.568,6.79,0.015,7.9,0.003,22.1,1.1,0.772,5.5,26.5,25.117969,-80.599719,S2B_MSIL2A_20241001T160509_N0511_R054_T17RNH_20241001T210909,2024-10-01 16:05:09.024,5.16,12.0,-0.4030857142857142,14,-0.2443642857142857,14,-0.1482214285714286,14
FLAB23,2024-11-14,0.138,1.14,7.05,0.038,8.0,0.005,22.0,0.5,0.703,13.2,25.0,25.117969,-80.599719,S2A_MSIL2A_20241115T160511_N0511_R054_T17RNH_20241115T205649,2024-11-15 16:05:11.024,4.75,1.0,-0.4448071428571428,14,-0.2825642857142857,14,-0.2649642857142857,14
FLAB23,2024-12-11,0.077,0.467,8.11,0.048,8.1,0.002,22.9,2.0,0.607,3.2,21.6,25.117969,-80.599719,S2A_MSIL2A_20241115T160511_N0511_R054_T17RNH_20241115T205649,2024-11-15 16:05:11.024,4.75,25.0,-0.4448071428571428,14,-0.2825642857142857,14,-0.2649642857142857,14
FLAB23,2025-01-27,0.059,0.197,8.6,0.028,8.1,0.002,22.7,1.2,0.529,4.7,17.1,25.117969,-80.599719,S2B_MSIL2A_20250119T160509_N0511_R054_T17RNH_20250119T211653,2025-01-19 16:05:09.024,1.34,7.0,-0.5571214285714285,14,-0.4045428571428571,14,-0.3094142857142857,14
FLAB23,2025-02-11,0.033,0.261,8.51,0.011,8.2,0.002,,0.8,0.542,5.4,,25.117969,-80.599719,S2B_MSIL2A_20250228T160509_N0511_R054_T17RNH_20250228T194642,2025-02-28 16:05:09.024,0.47,17.0,-0.5530714285714285,14,-0.3857214285714286,14,-0.2522071428571428,14
FLAB23,2025-03-10,0.027,0.16,7.44,0.005,8.1,0.002,24.8,1.3,0.507,3.3,24.5,25.117969,-80.599719,S2B_MSIL2A_20250228T160509_N0511_R054_T17RNH_20250228T194642,2025-02-28 16:05:09.024,0.47,9.0,-0.5530714285714285,14,-0.3857214285714286,14,-0.2522071428571428,14
FLAB23,2025-04-28,0.03,0.115,6.79,0.005,8.0,0.002,31.8,1.5,0.503,0.9,26.2,25.117969,-80.599719,S2A_MSIL2A_20250416T160521_N0511_R054_T17RNH_20250417T013913,2025-04-16 16:05:21.024,4.846258,11.0,-0.4423071428571428,14,-0.28865,14,-0.1890785714285714,14
FLAB23,2025-05-27,0.066,0.189,5.99,0.006,8.0,0.002,34.0,2.0,0.598,1.1,30.1,25.117969,-80.599719,S2A_MSIL2A_20250526T160531_N0511_R054_T17RNH_20250526T203213,2025-05-26 16:05:31.024,2.662065,0.0,-0.3440928571428571,14,-0.2386,14,-0.1325357142857142,14
FLAB23,2025-06-09,0.051,0.328,6.35,0.006,8.0,0.003,32.6,2.0,0.614,0.7,29.7,25.117969,-80.599719,S2A_MSIL2A_20250615T160521_N0511_R054_T17RNH_20250615T222322,2025-06-15 16:05:21.024,8.885614,6.0,-0.3545857142857143,14,-0.2515214285714285,14,-0.1383214285714285,14
FLAB23,2025-07-17,0.054,0.386,6.03,0.005,8.0,0.002,34.8,1.6,0.594,0.7,28.8,25.117969,-80.599719,S2C_MSIL2A_20250802T160531_N0511_R054_T17RNH_20250802T202613,2025-08-02 16:05:31.025,4.725419,16.0,-0.3652,14,-0.2406214285714285,14,-0.1551785714285714,14
FLAB23,2025-09-15,0.05,0.128,5.77,0.01,8.0,0.002,35.3,1.8,0.628,0.7,30.4,25.117969,-80.599719,S2C_MSIL2A_20251001T160531_N0511_R054_T17RNH_20251001T205018,2025-10-01 16:05:31.025,1.61,16.0,-0.2970142857142857,14,-0.1557214285714285,14,-0.1379071428571428,14
FLAB23,2025-10-06,0.057,0.149,6.7,0.01,8.0,0.003,30.6,2.4,0.695,1.2,28.2,25.117969,-80.599719,S2C_MSIL2A_20251001T160531_N0511_R054_T17RNH_20251001T205018,2025-10-01 16:05:31.025,1.61,4.0,-0.2970142857142857,14,-0.1557214285714285,14,-0.1379071428571428,14
FLAB23,2025-11-17,0.064,0.349,7.81,0.013,8.0,0.006,23.3,1.7,0.666,1.9,22.0,25.117969,-80.599719,S2A_MSIL2A_20251122T160531_N0511_R054_T17RNH_20251122T183708,2025-11-22 16:05:31.024,5.56,5.0,-0.2680071428571428,14,-0.1393142857142857,14,-0.1429214285714286,14
FLAB23,2025-12-11,0.035,0.163,7.05,0.01,8.0,0.002,26.5,2.0,0.603,1.9,23.1,25.117969,-80.599719,S2C_MSIL2A_20251220T160521_N0511_R054_T17RNH_20251220T191014,2025-12-20 16:05:21.025,10.66,9.0,-0.3401714285714285,14,-0.1874357142857143,14,-0.1635214285714285,14
FLAB25,2016-01-21,0.018,4.63,8.13,0.005,7.7,0.018,31.8,0.8,0.44,6.2,16.7,25.0837,-81.080581,S2A_MSIL2A_20160102T155642_N0500_R054_T17RNH_20231010T064726,2016-01-02 15:56:42.030,8.37,18.0,,0,,0,,0
FLAB25,2016-02-16,0.01,2.71,7.52,0.005,7.9,0.013,30.7,2.1,0.358,2.8,19.3,25.0837,-81.080581,,,,,,0,,0,,0
FLAB25,2016-04-14,0.007,0.916,2.5,0.005,7.8,0.012,32.8,1.7,0.245,3.7,25.5,25.0837,-81.080581,S2A_MSIL2A_20160401T154922_N0500_R054_T17RNH_20231021T232321,2016-04-01 15:49:22.030,10.03,12.0,,0,,0,,0
FLAB25,2016-06-29,0.005,1.12,5.99,0.005,8.0,0.015,35.8,2.0,0.272,3.0,30.2,25.0837,-81.080581,S2A_MSIL2A_20160630T160512_N0500_R054_T17RNH_20231015T211056,2016-06-30 16:05:12.027,18.46,1.0,,0,,0,,0
FLAB25,2016-08-25,0.008,6.33,5.62,0.005,8.0,0.023,36.9,1.2,0.287,11.7,30.5,25.0837,-81.080581,S2A_MSIL2A_20160918T160512_N0500_R054_T17RNH_20230930T023451,2016-09-18 16:05:12.026,14.25,24.0,,0,,0,,0
FLAB25,2016-10-24,0.011,3.1,6.49,0.005,7.9,0.018,30.7,1.7,0.358,3.2,24.6,25.0837,-81.080581,,,,,,0,,0,,0
FLAB25,2016-12-21,0.013,2.29,6.6,0.005,8.0,0.011,33.7,2.0,0.254,2.7,25.2,25.0837,-81.080581,S2A_MSIL2A_20161127T160512_N0500_R054_T17RNH_20230927T160903,2016-11-27 16:05:12.026,11.47,23.0,,0,,0,,0
FLAB25,2017-02-20,0.013,1.27,6.53,0.005,7.9,0.013,34.3,2.0,0.289,3.4,23.7,25.0837,-81.080581,S2A_MSIL2A_20170215T160511_N0500_R054_T17RNH_20230917T075421,2017-02-15 16:05:11.026,3.45,4.0,,0,,0,,0
FLAB25,2017-04-20,0.014,2.55,6.48,0.009,8.2,0.016,38.3,2.0,0.378,7.5,24.5,25.0837,-81.080581,,,,,,0,,0,,0
FLAB25,2017-08-01,0.017,2.33,5.62,0.005,8.1,0.016,38.3,1.5,0.329,4.0,29.1,25.0837,-81.080581,S2A_MSIL2A_20170804T160511_N0500_R054_T17RNH_20230826T141136,2017-08-04 16:05:11.026,7.87,3.0,,0,,0,,0
FLAB25,2017-10-12,0.158,13.5,6.39,0.013,7.9,0.046,34.1,0.6,0.909,33.4,28.0,25.0837,-81.080581,S2A_MSIL2A_20171003T160511_N0500_R054_T17RNH_20230817T084655,2017-10-03 16:05:11.026,13.94,8.0,,0,,0,,0
FLAB25,2017-12-13,0.061,11.7,7.95,0.045,7.2,0.047,28.8,0.3,0.501,35.7,18.9,25.0837,-81.080581,S2A_MSIL2A_20171202T160511_N0500_R054_T17RNH_20230806T075400,2017-12-02 16:05:11.026,15.47,10.0,,0,,0,,0
FLAB25,2018-02-28,0.06,5.17,0.25,0.012,7.9,0.037,33.1,0.7,0.702,18.4,26.1,25.0837,-81.080581,S2B_MSIL2A_20180317T160509_N0500_R054_T17RNH_20230710T201059,2018-03-17 16:05:09.027,3.5,17.0,,0,,0,,0
FLAB25,2018-04-10,0.087,2.19,4.35,0.036,7.7,0.021,35.8,1.3,0.516,6.9,28.2,25.0837,-81.080581,S2A_MSIL2A_20180421T160511_N0500_R054_T17RNH_20230630T222736,2018-04-21 16:05:11.026,19.08,11.0,,0,,0,,0
FLAB25,2018-06-07,0.006,1.58,5.92,0.007,7.9,0.021,35.1,1.4,0.319,1.3,29.6,25.0837,-81.080581,S2B_MSIL2A_20180605T160509_N0500_R054_T17RNH_20230715T182439,2018-06-05 16:05:09.024,13.59,1.0,,0,,0,,0
FLAB25,2018-08-06,0.005,3.46,5.83,0.005,8.0,0.02,36.0,1.5,0.356,7.6,29.7,25.0837,-81.080581,S2A_MSIL2A_20180809T160511_N0500_R054_T17RNH_20230711T022345,2018-08-09 16:05:11.024,8.3,3.0,,0,,0,,0
FLAB25,2018-10-03,0.015,2.4,5.8,0.005,8.0,0.012,36.6,1.7,0.268,1.9,28.5,25.0837,-81.080581,S2A_MSIL2A_20180928T160511_N0510_R054_T17RNH_20250531T034550,2018-09-28 16:05:11.024,3.004363,4.0,,0,,0,,0
FLAB25,2018-12-17,0.011,1.71,6.91,0.007,7.8,0.013,33.0,1.5,0.354,3.2,21.1,25.0837,-81.080581,S2A_MSIL2A_20181217T160501_N0500_R054_T17RNH_20230630T025600,2018-12-17 16:05:01.024,3.73,0.0,,0,,0,,0
FLAB25,2019-02-26,0.026,1.77,6.32,0.035,7.8,0.017,34.2,1.2,0.441,4.3,25.6,25.0837,-81.080581,S2B_MSIL2A_20190302T160509_N0500_R054_T17RNH_20221114T204209,2019-03-02 16:05:09.024,3.51,4.0,,0,,0,,0
FLAB25,2019-04-15,0.039,4.82,5.8,0.019,7.9,0.032,35.8,0.5,0.523,15.7,27.7,25.0837,-81.080581,S2A_MSIL2A_20190416T160511_N0500_R054_T17RNH_20221023T193830,2019-04-16 16:05:11.024,0.71,1.0,,0,,0,,0
FLAB25,2019-06-11,0.019,1.46,5.57,0.008,7.4,0.018,36.4,1.5,0.403,4.2,30.4,25.0837,-81.080581,S2A_MSIL2A_20190625T160521_N0500_R054_T17RNH_20230508T164541,2019-06-25 16:05:21.024,2.13,14.0,,0,,0,,0
FLAB25,2019-08-08,0.013,1.68,5.76,0.005,7.9,0.013,36.0,1.8,0.287,2.8,30.8,25.0837,-81.080581,S2B_MSIL2A_20190819T160519_N0500_R054_T17RNH_20230505T071445,2019-08-19 16:05:19.024,12.15,11.0,,0,,0,,0
FLAB25,2019-10-08,0.018,8.07,5.9,0.005,7.6,0.033,32.8,0.4,0.589,17.4,27.5,25.0837,-81.080581,S2A_MSIL2A_20191013T160511_N0500_R054_T17RNH_20230614T052238,2019-10-13 16:05:11.024,9.57,5.0,,0,,0,,0
FLAB25,2019-12-05,0.005,2.56,6.98,0.005,8.0,0.013,32.8,2.0,0.292,2.2,22.0,25.0837,-81.080581,S2B_MSIL2A_20191207T160509_N0500_R054_T17RNH_20230525T143258,2019-12-07 16:05:09.024,9.01,2.0,,0,,0,,0
FLAB25,2020-02-03,0.005,1.64,7.36,0.005,8.0,0.014,33.1,2.2,0.351,3.9,19.2,25.0837,-81.080581,S2B_MSIL2A_20200126T160509_N0500_R054_T17RNH_20230424T055929,2020-01-26 16:05:09.024,0.01,7.0,,0,,0,,0
FLAB25,2020-04-01,0.008,1.13,6.79,0.005,8.0,0.034,36.1,0.5,0.437,19.1,26.9,25.0837,-81.080581,S2B_MSIL2A_20200326T160509_N0500_R054_T17RNH_20230409T144543,2020-03-26 16:05:09.024,3.76,5.0,,0,,0,,0
FLAB25,2020-06-01,0.011,1.66,5.89,0.005,8.0,0.014,35.9,0.8,0.309,8.0,30.0,25.0837,-81.080581,S2A_MSIL2A_20200609T160521_N0500_R054_T17RNH_20230412T130437,2020-06-09 16:05:21.024,11.27,8.0,,0,,0,,0
FLAB25,2020-08-13,0.005,2.76,6.0,0.005,7.9,0.013,36.2,1.7,0.329,4.0,31.3,25.0837,-81.080581,S2B_MSIL2A_20200813T160519_N0500_R054_T17RNH_20230317T064934,2020-08-13 16:05:19.024,8.8,0.0,,0,,0,,0
FLAB25,2020-10-12,0.009,3.23,6.01,0.005,7.9,0.035,36.9,1.0,0.789,5.3,29.5,25.0837,-81.080581,S2B_MSIL2A_20201012T160519_N0500_R054_T17RNH_20230307T135614,2020-10-12 16:05:19.024,7.31,0.0,,0,,0,,0
FLAB25,2020-12-09,0.015,2.14,7.39,0.005,7.9,0.015,28.1,1.0,0.371,5.8,19.1,25.0837,-81.080581,S2A_MSIL2A_20201126T160511_N0500_R054_T17RNH_20230304T135940,2020-11-26 16:05:11.024,7.4,12.0,,0,,0,,0
FLAB25,2021-01-07,0.01,1.34,7.22,0.005,8.0,0.01,29.5,2.7,0.292,2.0,20.3,25.0837,-81.080581,S2A_MSIL2A_20210105T160511_N0500_R054_T17RNH_20230224T230042,2021-01-05 16:05:11.024,0.15,1.0,,0,,0,,0
FLAB25,2021-03-17,0.022,1.87,6.58,0.005,8.0,0.032,34.0,1.2,0.329,11.4,24.4,25.0837,-81.080581,S2B_MSIL2A_20210331T160509_N0500_R054_T17RNH_20230519T193433,2021-03-31 16:05:09.024,4.3,14.0,,0,,0,,0
FLAB25,2021-05-24,0.017,3.22,6.05,0.01,8.0,0.022,40.3,0.9,0.799,12.0,24.9,25.0837,-81.080581,S2B_MSIL2A_20210510T160509_N0500_R054_T17RNH_20230208T043056,2021-05-10 16:05:09.024,3.55,13.0,,0,,0,,0
FLAB25,2021-07-01,0.018,1.23,6.08,0.005,8.0,0.012,36.9,1.8,0.289,3.4,27.9,25.0837,-81.080581,S2A_MSIL2A_20210704T160511_N0500_R054_T17RNH_20230129T022912,2021-07-04 16:05:11.024,4.55,3.0,,0,,0,,0
FLAB25,2021-10-13,0.017,0.873,5.75,0.005,7.8,0.015,37.2,1.2,0.272,2.2,28.9,25.0837,-81.080581,S2B_MSIL2A_20211017T160509_N0500_R054_T17RNH_20230105T060942,2021-10-17 16:05:09.024,1.5,4.0,,0,,0,,0
FLAB25,2021-12-27,0.021,3.16,7.01,0.005,7.9,0.017,33.0,1.3,0.296,4.8,22.7,25.0837,-81.080581,S2A_MSIL2A_20211231T160511_N0500_R054_T17RNH_20221227T085604,2021-12-31 16:05:11.024,1.67,4.0,,0,,0,,0
FLAB25,2022-02-08,0.006,0.967,7.5,0.005,7.6,0.012,32.1,1.7,0.327,1.1,21.1,25.0837,-81.080581,S2A_MSIL2A_20220130T160511_N0510_R054_T17RNH_20240508T134151,2022-01-30 16:05:11.024,4.314916,8.0,,0,,0,,0
FLAB25,2022-04-07,0.015,2.79,6.2,0.005,7.9,0.019,36.5,1.0,0.319,10.4,27.9,25.0837,-81.080581,S2B_MSIL2A_20220425T160509_N0510_R054_T17RNH_20240605T092546,2022-04-25 16:05:09.024,11.56,18.0,,0,,0,,0
FLAB25,2022-06-22,0.005,1.11,6.02,0.005,7.9,0.014,37.0,1.8,0.254,3.1,29.5,25.0837,-81.080581,S2A_MSIL2A_20220629T160521_N0510_R054_T17RNH_20240628T194938,2022-06-29 16:05:21.024,4.056241,7.0,,0,,0,,0
FLAB25,2022-10-20,0.01,5.46,6.32,0.005,7.9,0.014,34.0,1.7,0.281,3.3,25.5,25.0837,-81.080581,S2B_MSIL2A_20221022T160509_N0510_R054_T17RNH_20240729T211221,2022-10-22 16:05:09.024,18.645181,2.0,,0,,0,,0
FLAB25,2022-12-19,0.005,1.92,6.96,0.005,7.9,0.014,31.1,1.3,0.312,4.1,23.6,25.0837,-81.080581,S2B_MSIL2A_20221211T160509_N0510_R054_T17RNH_20240806T114151,2022-12-11 16:05:09.024,0.090929,7.0,,0,,0,,0
FLAB25,2023-01-30,0.009,0.631,7.21,0.005,7.9,0.012,33.9,1.8,0.258,2.3,22.3,25.0837,-81.080581,S2A_MSIL2A_20230125T160511_N0510_R054_T17RNH_20240807T063957,2023-01-25 16:05:11.024,8.66,4.0,,0,,0,,0
FLAB25,2023-03-14,0.005,0.8,6.48,0.005,7.9,0.014,35.9,1.5,0.212,3.5,25.7,25.0837,-81.080581,S2B_MSIL2A_20230301T160509_N0510_R054_T17RNH_20240817T102704,2023-03-01 16:05:09.025,0.13,12.0,,0,,0,,0
FLAB25,2023-09-27,0.008,0.95,5.75,0.005,8.0,0.016,38.6,0.8,0.321,10.1,29.0,25.0837,-81.080581,S2B_MSIL2A_20231007T160509_N0510_R054_T17RNH_20241022T112823,2023-10-07 16:05:09.024,1.06,10.0,,0,,0,,0
FLAB25,2023-11-13,0.006,1.22,6.29,0.005,8.1,0.014,39.5,1.2,0.34,6.5,26.8,25.0837,-81.080581,S2A_MSIL2A_20231121T160511_N0510_R054_T17RNH_20241020T231123,2023-11-21 16:05:11.024,8.03,8.0,,0,,0,,0
FLAB25,2024-01-08,0.009,2.11,7.18,0.005,8.0,0.012,30.3,1.0,0.336,4.5,20.2,25.0837,-81.080581,S2A_MSIL2A_20231231T160511_N0510_R054_T17RNH_20231231T210949,2023-12-31 16:05:11.024,0.01,7.0,,0,,0,,0
FLAB25,2024-03-04,0.007,1.03,6.87,0.005,7.9,0.01,30.7,2.2,0.34,2.8,24.2,25.0837,-81.080581,S2B_MSIL2A_20240315T160509_N0510_R054_T17RNH_20240315T200115,2024-03-15 16:05:09.024,8.77,11.0,,0,,0,,0
FLAB25,2024-05-13,0.016,1.94,5.77,0.007,8.0,0.016,36.8,1.4,0.555,4.8,29.0,25.0837,-81.080581,S2A_MSIL2A_20240509T160511_N0510_R054_T17RNH_20240509T224244,2024-05-09 16:05:11.024,3.91,3.0,,0,,0,,0
FLAB25,2024-07-15,0.008,1.75,5.93,0.005,8.0,0.016,37.9,1.8,0.351,4.2,30.2,25.0837,-81.080581,S2A_MSIL2A_20240628T160511_N0510_R054_T17RNH_20240628T223450,2024-06-28 16:05:11.024,3.75,16.0,,0,,0,,0
FLAB25,2024-09-12,0.016,2.4,5.6,0.005,7.9,0.012,37.9,0.9,0.271,6.7,31.3,25.0837,-81.080581,S2B_MSIL2A_20241001T160509_N0511_R054_T17RNH_20241001T210909,2024-10-01 16:05:09.024,5.16,19.0,,0,,0,,0
FLAB25,2024-12-09,0.005,2.05,7.9,0.005,8.0,0.013,32.1,1.9,0.389,2.9,19.7,25.0837,-81.080581,S2A_MSIL2A_20241115T160511_N0511_R054_T17RNH_20241115T205649,2024-11-15 16:05:11.024,4.75,23.0,,0,,0,,0
FLAB25,2025-02-05,0.008,1.06,7.1,0.005,8.0,0.009,31.4,2.0,0.238,2.4,23.1,25.0837,-81.080581,S2B_MSIL2A_20250119T160509_N0511_R054_T17RNH_20250119T211653,2025-01-19 16:05:09.024,1.34,16.0,,0,,0,,0
FLAB25,2025-06-18,0.011,0.656,6.2,0.005,8.3,0.012,37.0,1.8,0.225,2.7,29.4,25.0837,-81.080581,S2A_MSIL2A_20250615T160521_N0511_R054_T17RNH_20250615T222322,2025-06-15 16:05:21.024,8.885614,2.0,,0,,0,,0
FLAB25,2025-08-18,0.011,1.08,6.54,0.005,8.0,0.012,37.2,2.5,0.222,2.0,32.0,25.0837,-81.080581,S2C_MSIL2A_20250822T160531_N0511_R054_T17RNH_20250822T205612,2025-08-22 16:05:31.025,4.462308,4.0,,0,,0,,0
FLAB25,2025-10-01,0.009,9.42,7.9,0.005,7.9,0.017,31.4,2.8,0.433,1.1,29.6,25.0837,-81.080581,S2C_MSIL2A_20251001T160531_N0511_R054_T17RNH_20251001T205018,2025-10-01 16:05:31.025,1.61,0.0,,0,,0,,0
FLAB25,2025-11-12,0.035,5.54,6.88,0.011,7.9,0.04,31.2,0.9,0.559,20.2,21.0,25.0837,-81.080581,S2A_MSIL2A_20251122T160531_N0511_R054_T17RNH_20251122T183708,2025-11-22 16:05:31.024,5.56,10.0,,0,,0,,0
FLAB27,2016-01-26,0.02,0.654,8.4,0.005,7.7,0.009,32.1,1.9,0.349,3.1,17.2,24.9186,-80.934869,S2A_MSIL2A_20160102T155642_N0500_R054_T17RNH_20231010T064726,2016-01-02 15:56:42.030,8.37,23.0,-0.00511,10,-0.00213,10,-0.00755,10
FLAB27,2016-02-23,0.012,0.174,7.52,0.005,8.1,0.005,32.1,3.3,0.328,0.6,22.4,24.9186,-80.934869,,,,,,0,,0,,0
FLAB27,2016-04-06,0.019,0.297,5.46,0.005,8.3,0.007,32.1,1.9,0.323,1.2,25.9,24.9186,-80.934869,S2A_MSIL2A_20160401T154922_N0500_R054_T17RNH_20231021T232321,2016-04-01 15:49:22.030,10.03,4.0,-0.09067,10,-0.04639,10,-0.03523,10
FLAB27,2016-06-30,0.005,0.309,5.67,0.005,8.2,0.007,36.3,2.8,0.294,0.3,31.3,24.9186,-80.934869,S2A_MSIL2A_20160630T160512_N0500_R054_T17RNH_20231015T211056,2016-06-30 16:05:12.027,18.46,0.0,-0.0202,10,-0.0090599999999999,10,-0.00587,10
FLAB27,2016-09-14,0.016,0.306,5.43,0.005,8.0,0.006,38.5,2.7,0.424,0.9,29.7,24.9186,-80.934869,S2A_MSIL2A_20160918T160512_N0500_R054_T17RNH_20230930T023451,2016-09-18 16:05:12.026,14.25,4.0,-0.04941,10,-0.0289399999999999,10,-0.01023,10
FLAB27,2016-11-15,0.021,24.2,4.49,0.005,7.8,0.05,36.2,2.2,1.64,5.7,24.8,24.9186,-80.934869,S2A_MSIL2A_20161127T160512_N0500_R054_T17RNH_20230927T160903,2016-11-27 16:05:12.026,11.47,12.0,-0.04002,10,-0.01753,10,-0.03158,10
FLAB27,2016-12-14,0.011,9.37,6.28,0.005,7.9,0.022,33.1,1.2,0.891,2.3,24.7,24.9186,-80.934869,S2A_MSIL2A_20161127T160512_N0500_R054_T17RNH_20230927T160903,2016-11-27 16:05:12.026,11.47,16.0,-0.04002,10,-0.01753,10,-0.03158,10
FLAB27,2017-02-09,0.029,0.274,8.28,0.005,8.1,0.006,36.5,1.7,0.223,1.1,24.6,24.9186,-80.934869,S2A_MSIL2A_20170215T160511_N0500_R054_T17RNH_20230917T075421,2017-02-15 16:05:11.026,3.45,6.0,-0.04324,10,-0.01891,10,-0.01857,10
FLAB27,2017-04-24,0.005,0.164,6.78,0.005,8.0,0.003,37.9,2.3,0.156,0.6,24.8,24.9186,-80.934869,,,,,,0,,0,,0
FLAB27,2017-07-26,0.008,1.32,4.76,0.006,8.1,0.009,41.5,2.7,0.454,1.8,31.1,24.9186,-80.934869,S2A_MSIL2A_20170804T160511_N0500_R054_T17RNH_20230826T141136,2017-08-04 16:05:11.026,7.87,9.0,-0.01832,10,-0.0105,10,-0.01553,10
FLAB27,2017-08-22,0.012,2.32,4.77,0.005,8.2,0.011,38.5,1.8,0.335,1.1,29.9,24.9186,-80.934869,S2A_MSIL2A_20170804T160511_N0500_R054_T17RNH_20230826T141136,2017-08-04 16:05:11.026,7.87,17.0,-0.01832,10,-0.0105,10,-0.01553,10
FLAB27,2017-10-16,0.006,0.432,5.44,0.005,8.1,0.005,34.3,2.8,0.476,0.4,28.7,24.9186,-80.934869,S2A_MSIL2A_20171003T160511_N0500_R054_T17RNH_20230817T084655,2017-10-03 16:05:11.026,13.94,12.0,-0.08375,10,-0.04147,10,-0.0307399999999999,10
FLAB27,2017-12-19,0.008,0.437,8.04,0.005,8.1,0.009,29.7,1.6,0.297,0.8,21.2,24.9186,-80.934869,S2B_MSIL2A_20171227T160459_N0500_R054_T17RNH_20230720T070737,2017-12-27 16:04:59.027,6.53,8.0,-0.08337,10,-0.0336399999999999,10,-0.01722,10
FLAB27,2018-02-15,0.011,0.356,5.38,0.005,8.0,0.009,31.7,5.0,0.469,1.2,24.5,24.9186,-80.934869,S2B_MSIL2A_20180205T160509_N0500_R054_T17RNH_20230804T115018,2018-02-05 16:05:09.027,6.15,9.0,-0.124,10,-0.0542799999999999,10,-0.04811,10
FLAB27,2018-04-12,0.005,0.236,5.6,0.005,8.3,0.01,36.9,1.8,0.351,0.9,27.0,24.9186,-80.934869,S2A_MSIL2A_20180421T160511_N0500_R054_T17RNH_20230630T222736,2018-04-21 16:05:11.026,19.08,9.0,-0.09386,10,-0.04858,10,-0.03293,10
FLAB27,2018-06-12,0.005,0.281,5.74,0.005,8.2,0.008,34.7,1.9,0.265,0.5,29.3,24.9186,-80.934869,S2B_MSIL2A_20180605T160509_N0500_R054_T17RNH_20230715T182439,2018-06-05 16:05:09.024,13.59,6.0,-0.11659,10,-0.06707,10,-0.0389399999999999,10
FLAB27,2018-08-09,0.005,0.667,5.54,0.005,8.0,0.006,35.7,2.1,0.341,0.6,30.3,24.9186,-80.934869,S2A_MSIL2A_20180809T160511_N0500_R054_T17RNH_20230711T022345,2018-08-09 16:05:11.024,8.3,0.0,0.00645,10,0.0030399999999999,10,-0.01295,10
FLAB27,2018-10-22,0.014,0.514,6.75,0.005,8.0,0.004,37.1,2.2,0.262,0.6,28.0,24.9186,-80.934869,S2A_MSIL2A_20181018T160511_N0500_R054_T17RNH_20230706T010334,2018-10-18 16:05:11.024,8.03,3.0,-0.06637,10,-0.0290199999999999,10,-0.03137,10
FLAB27,2018-12-17,0.005,5.01,7.51,0.005,8.0,0.011,35.4,1.5,0.372,3.5,21.5,24.9186,-80.934869,S2A_MSIL2A_20181217T160501_N0500_R054_T17RNH_20230630T025600,2018-12-17 16:05:01.024,3.73,0.0,-0.18558,10,-0.08863,10,-0.11185,10
FLAB27,2019-02-18,0.005,0.459,8.57,0.005,8.1,0.008,34.7,2.5,0.309,1.2,24.6,24.9186,-80.934869,S2B_MSIL2A_20190302T160509_N0500_R054_T17RNH_20221114T204209,2019-03-02 16:05:09.024,3.51,12.0,-0.09575,10,-0.04023,10,-0.04268,10
FLAB27,2019-04-03,0.005,0.523,6.82,0.005,7.6,0.01,36.3,2.3,0.318,1.1,25.4,24.9186,-80.934869,S2B_MSIL2A_20190411T160519_N0500_R054_T17RNH_20221023T185626,2019-04-11 16:05:19.024,3.66,8.0,-0.14075,10,-0.06466,10,-0.05071,10
FLAB27,2019-07-15,0.005,0.231,6.14,0.005,7.8,0.007,36.1,2.5,0.31,0.5,29.8,24.9186,-80.934869,S2A_MSIL2A_20190625T160521_N0500_R054_T17RNH_20230508T164541,2019-06-25 16:05:21.024,2.13,19.0,-0.0739799999999999,10,-0.03556,10,-0.02568,10
FLAB27,2019-08-12,0.005,1.1,5.46,0.005,8.2,0.008,36.3,2.1,0.337,0.8,32.9,24.9186,-80.934869,S2B_MSIL2A_20190819T160519_N0500_R054_T17RNH_20230505T071445,2019-08-19 16:05:19.024,12.15,7.0,-0.09656,10,-0.0522399999999999,10,-0.03213,10
FLAB27,2019-10-09,0.014,0.859,4.91,0.005,8.0,0.008,37.5,3.1,0.442,1.2,28.1,24.9186,-80.934869,S2A_MSIL2A_20191013T160511_N0500_R054_T17RNH_20230614T052238,2019-10-13 16:05:11.024,9.57,4.0,-0.07194,10,-0.03267,10,-0.0281899999999999,10
FLAB27,2020-01-28,0.01,0.53,8.71,0.005,7.6,0.009,34.3,1.9,0.336,1.3,19.6,24.9186,-80.934869,S2B_MSIL2A_20200126T160509_N0500_R054_T17RNH_20230424T055929,2020-01-26 16:05:09.024,0.01,1.0,-0.18186,10,-0.08527,10,-0.07553,10
FLAB27,2020-02-05,0.005,0.229,8.64,0.005,8.1,0.007,33.6,2.1,0.307,1.0,21.6,24.9186,-80.934869,S2B_MSIL2A_20200126T160509_N0500_R054_T17RNH_20230424T055929,2020-01-26 16:05:09.024,0.01,9.0,-0.18186,10,-0.08527,10,-0.07553,10
FLAB27,2020-04-07,0.012,0.341,7.16,0.005,8.2,0.008,36.1,1.8,0.291,1.0,26.7,24.9186,-80.934869,S2B_MSIL2A_20200326T160509_N0500_R054_T17RNH_20230409T144543,2020-03-26 16:05:09.024,3.76,11.0,-0.08431,10,-0.03739,10,-0.03013,10
FLAB27,2020-06-17,0.005,0.453,5.22,0.005,8.1,0.009,35.8,2.0,0.485,0.9,29.3,24.9186,-80.934869,S2A_MSIL2A_20200609T160521_N0500_R054_T17RNH_20230412T130437,2020-06-09 16:05:21.024,11.27,7.0,-0.06611,10,-0.0353399999999999,10,-0.03549,10
FLAB27,2020-08-18,0.005,1.39,6.11,0.005,8.3,0.008,37.0,1.9,0.399,0.7,32.4,24.9186,-80.934869,S2B_MSIL2A_20200813T160519_N0500_R054_T17RNH_20230317T064934,2020-08-13 16:05:19.024,8.8,4.0,-0.0606,10,-0.03046,10,-0.02416,10
FLAB27,2020-10-13,0.005,0.32,6.4,0.005,8.9,0.006,33.5,2.4,0.234,0.4,29.4,24.9186,-80.934869,S2B_MSIL2A_20201012T160519_N0500_R054_T17RNH_20230307T135614,2020-10-12 16:05:19.024,7.31,0.0,-0.08196,10,-0.03562,10,-0.01945,10
FLAB27,2021-02-09,0.012,0.251,9.48,0.005,8.2,0.007,30.8,2.3,0.259,1.7,21.8,24.9186,-80.934869,S2B_MSIL2A_20210301T160509_N0500_R054_T17RNH_20230513T142932,2021-03-01 16:05:09.024,5.26,20.0,-0.07702,10,-0.03573,10,-0.02275,10
FLAB27,2021-03-24,0.012,0.233,8.2,0.005,8.1,0.008,34.0,2.6,0.215,0.9,23.5,24.9186,-80.934869,S2B_MSIL2A_20210331T160509_N0500_R054_T17RNH_20230519T193433,2021-03-31 16:05:09.024,4.3,7.0,-0.07001,10,-0.0373,10,-0.0249099999999999,10
FLAB27,2021-06-07,0.012,0.187,6.06,0.005,8.1,0.004,39.2,2.5,0.23,0.8,28.6,24.9186,-80.934869,S2B_MSIL2A_20210609T160509_N0500_R054_T17RNH_20230128T121728,2021-06-09 16:05:09.024,11.23,2.0,-0.07165,10,-0.04324,10,-0.0272199999999999,10
FLAB27,2021-08-05,0.02,0.988,5.02,0.005,8.1,0.008,36.2,2.1,0.313,0.7,30.4,24.9186,-80.934869,S2B_MSIL2A_20210818T160509_N0500_R054_T17RNH_20230117T162001,2021-08-18 16:05:09.024,6.15,13.0,-0.06147,10,-0.0350899999999999,10,-0.02494,10
FLAB27,2021-10-20,0.021,0.206,6.53,0.005,7.9,0.007,38.2,2.4,0.588,0.4,27.0,24.9186,-80.934869,S2B_MSIL2A_20211017T160509_N0500_R054_T17RNH_20230105T060942,2021-10-17 16:05:09.024,1.5,2.0,-0.06215,10,-0.02641,10,-0.01355,10
FLAB27,2021-12-15,0.017,0.197,7.24,0.005,8.2,0.008,32.0,2.5,0.328,0.6,25.1,24.9186,-80.934869,S2A_MSIL2A_20211201T160511_N0500_R054_T17RNH_20221224T161347,2021-12-01 16:05:11.024,2.02,13.0,-0.03497,10,-0.01488,10,-0.01232,10
FLAB27,2022-01-27,0.005,0.228,7.83,0.005,8.0,0.005,34.2,2.5,0.214,0.4,20.9,24.9186,-80.934869,S2A_MSIL2A_20220130T160511_N0510_R054_T17RNH_20240508T134151,2022-01-30 16:05:11.024,4.314916,3.0,-0.33368,10,-0.18912,10,-0.20019,10
FLAB27,2022-04-12,0.012,0.181,6.88,0.005,8.2,0.008,38.3,2.0,0.464,0.6,22.8,24.9186,-80.934869,S2B_MSIL2A_20220425T160509_N0510_R054_T17RNH_20240605T092546,2022-04-25 16:05:09.024,11.56,13.0,-0.05582,10,-0.03071,10,-0.01443,10
FLAB27,2022-06-27,0.01,0.345,4.77,0.005,8.1,0.007,37.1,2.7,0.386,0.4,30.5,24.9186,-80.934869,S2A_MSIL2A_20220629T160521_N0510_R054_T17RNH_20240628T194938,2022-06-29 16:05:21.024,4.056241,2.0,-0.03802,10,-0.01815,10,-0.02104,10
FLAB27,2022-07-11,0.008,0.339,6.24,0.005,8.2,0.005,37.9,2.92,0.487,0.4,31.5,24.9186,-80.934869,S2A_MSIL2A_20220629T160521_N0510_R054_T17RNH_20240628T194938,2022-06-29 16:05:21.024,4.056241,11.0,-0.03802,10,-0.01815,10,-0.02104,10
FLAB27,2022-09-21,0.011,6.18,5.6,0.005,8.1,0.018,40.1,1.4,0.893,2.2,30.5,24.9186,-80.934869,S2B_MSIL2A_20220902T160509_N0510_R054_T17RNH_20240719T005650,2022-09-02 16:05:09.024,4.340765,18.0,-0.09525,10,-0.05021,10,-0.04788,10
FLAB27,2023-01-19,0.019,0.16,9.09,0.005,8.2,0.004,31.6,2.1,0.269,0.5,19.4,24.9186,-80.934869,S2A_MSIL2A_20230115T160511_N0510_R054_T17RNH_20240726T230934,2023-01-15 16:05:11.024,0.01,3.0,-0.12954,10,-0.05867,10,-0.0626299999999999,10
FLAB27,2023-03-06,0.005,0.261,8.62,0.005,8.3,0.006,40.2,3.1,0.203,0.4,26.8,24.9186,-80.934869,S2B_MSIL2A_20230301T160509_N0510_R054_T17RNH_20240817T102704,2023-03-01 16:05:09.025,0.13,4.0,-0.07428,10,-0.0312399999999999,10,-0.00802,10
FLAB27,2023-05-16,0.01,0.309,5.87,0.005,8.2,0.01,39.4,2.7,0.378,0.4,28.1,24.9186,-80.934869,S2A_MSIL2A_20230515T160511_N0510_R054_T17RNH_20240810T080114,2023-05-15 16:05:11.024,9.75,0.0,-0.0809899999999999,10,-0.04023,10,-0.03125,10
FLAB27,2023-07-17,0.005,3.5,6.5,0.005,8.3,0.014,37.8,2.5,0.309,1.0,33.1,24.9186,-80.934869,S2B_MSIL2A_20230709T160519_N0510_R054_T17RNH_20241014T004835,2023-07-09 16:05:19.024,3.25,7.0,-0.07841,10,-0.03815,10,-0.0171699999999999,10
FLAB27,2023-09-26,0.022,0.43,5.46,0.005,8.2,0.005,38.4,3.3,0.537,0.3,29.8,24.9186,-80.934869,S2B_MSIL2A_20231007T160509_N0510_R054_T17RNH_20241022T112823,2023-10-07 16:05:09.024,1.06,11.0,-0.04954,10,-0.0212699999999999,10,-0.00522,10
FLAB27,2023-11-27,0.007,0.848,6.09,0.005,7.9,0.006,32.8,2.5,0.511,0.5,26.1,24.9186,-80.934869,S2A_MSIL2A_20231121T160511_N0510_R054_T17RNH_20241020T231123,2023-11-21 16:05:11.024,8.03,5.0,-0.05257,10,-0.05735,10,-0.01285,10
FLAB27,2024-02-21,0.005,0.18,8.9,0.005,8.2,0.006,32.3,2.6,0.266,0.3,20.6,24.9186,-80.934869,S2A_MSIL2A_20240130T160511_N0510_R054_T17RNH_20240130T210100,2024-01-30 16:05:11.024,3.12,21.0,-0.08937,10,-0.03924,10,-0.03537,10
FLAB27,2024-04-18,0.005,0.123,7.15,0.005,8.2,0.0045,35.5,2.7,0.335,0.4,24.8,24.9186,-80.934869,S2A_MSIL2A_20240409T160511_N0510_R054_T17RNH_20240409T221856,2024-04-09 16:05:11.024,8.95,8.0,-0.00598,10,-0.00295,10,-0.01456,10
FLAB27,2024-07-31,0.01,1.65,4.34,0.005,8.0,0.01,39.7,2.3,0.753,0.6,31.2,24.9186,-80.934869,S2B_MSIL2A_20240812T160519_N0511_R054_T17RNH_20240812T194800,2024-08-12 16:05:19.024,6.99,12.0,-0.04962,10,-0.03401,10,-0.03414,10
FLAB27,2024-09-30,0.005,0.258,7.94,0.005,8.0,0.005,36.3,3.2,0.167,0.4,30.3,24.9186,-80.934869,S2B_MSIL2A_20241001T160509_N0511_R054_T17RNH_20241001T210909,2024-10-01 16:05:09.024,5.16,1.0,-0.06368,10,-0.0286899999999999,10,-0.01044,10
FLAB27,2024-11-19,0.005,0.262,7.4,0.005,8.1,0.005,36.6,2.5,0.193,0.4,24.6,24.9186,-80.934869,S2A_MSIL2A_20241115T160511_N0511_R054_T17RNH_20241115T205649,2024-11-15 16:05:11.024,4.75,3.0,-0.04348,10,-0.0187,10,-0.00863,10
FLAB27,2025-02-13,0.014,0.181,8.06,0.005,8.3,0.006,32.8,3.0,0.307,0.6,25.8,24.9186,-80.934869,S2B_MSIL2A_20250228T160509_N0511_R054_T17RNH_20250228T194642,2025-02-28 16:05:09.024,0.47,15.0,-0.04593,10,-0.0192199999999999,10,-0.01095,10
FLAB27,2025-03-25,0.006,0.093,8.11,0.006,8.1,0.006,34.9,2.77,0.213,0.2,24.5,24.9186,-80.934869,S2B_MSIL2A_20250320T160509_N0511_R054_T17RNH_20250320T211202,2025-03-20 16:05:09.024,0.418068,4.0,-0.0737299999999999,10,-0.03147,10,-0.0109,10
FLAB27,2025-05-07,0.007,0.184,6.17,0.005,8.2,0.005,38.4,2.0,0.184,0.4,28.1,24.9186,-80.934869,S2A_MSIL2A_20250526T160531_N0511_R054_T17RNH_20250526T203213,2025-05-26 16:05:31.024,2.662065,19.0,-0.0197199999999999,10,-0.01091,10,-0.02094,10
FLAB27,2025-07-10,0.038,0.411,4.98,0.005,8.1,0.005,37.7,2.5,0.274,0.3,29.4,24.9186,-80.934869,S2C_MSIL2A_20250802T160531_N0511_R054_T17RNH_20250802T202613,2025-08-02 16:05:31.025,4.725419,23.0,-0.10527,10,-0.10344,10,-0.02547,10
FLAB27,2025-09-09,0.008,0.459,6.14,0.005,7.9,0.006,37.1,2.8,0.218,0.4,29.9,24.9186,-80.934869,S2C_MSIL2A_20250822T160531_N0511_R054_T17RNH_20250822T205612,2025-08-22 16:05:31.025,4.462308,17.0,-0.1076599999999999,10,-0.0512899999999999,10,-0.04063,10
FLAB27,2025-11-19,0.013,0.173,7.32,0.006,8.0,0.006,34.4,2.6,0.352,0.2,22.8,24.9186,-80.934869,S2A_MSIL2A_20251122T160531_N0511_R054_T17RNH_20251122T183708,2025-11-22 16:05:31.024,5.56,3.0,0.0014,10,0.00056,10,-0.02099,10
FLAB48,2016-02-15,0.071,3.04,9.54,0.044,7.9,0.011,9.25,1.5,1.06,2.3,19.6,25.2408,-80.957931,,,,,,0,,0,,0
FLAB48,2016-04-13,0.135,2.8,7.74,0.012,8.1,0.011,11.8,1.6,1.14,2.5,25.2,25.2408,-80.957931,S2A_MSIL2A_20160401T154922_N0500_R054_T17RNH_20231021T232321,2016-04-01 15:49:22.030,10.03,11.0,-0.0805111111111111,9,-0.0440888888888888,9,-0.0439222222222222,9
FLAB48,2016-06-28,0.079,1.2,6.61,0.016,8.2,0.009,17.9,1.5,1.03,0.6,29.2,25.2408,-80.957931,S2A_MSIL2A_20160630T160512_N0500_R054_T17RNH_20231015T211056,2016-06-30 16:05:12.027,18.46,2.0,-0.0033444444444444,9,-0.0015888888888888,9,-0.0259444444444444,9
FLAB48,2016-08-10,0.024,1.31,5.71,0.005,8.1,0.01,17.5,1.6,1.03,1.2,30.7,25.2408,-80.957931,,,,,,0,,0,,0
FLAB48,2016-10-12,0.022,2.07,8.31,0.005,8.2,0.008,10.9,2.1,0.851,1.0,25.8,25.2408,-80.957931,S2A_MSIL2A_20160918T160512_N0500_R054_T17RNH_20230930T023451,2016-09-18 16:05:12.026,14.25,23.0,0.0427333333333333,9,0.0172333333333333,9,-0.0059,9
FLAB48,2016-12-08,0.055,1.43,7.11,0.015,8.1,0.008,10.6,1.5,0.861,2.8,26.5,25.2408,-80.957931,S2A_MSIL2A_20161127T160512_N0500_R054_T17RNH_20230927T160903,2016-11-27 16:05:12.026,11.47,10.0,0.0174444444444444,9,0.0071333333333333,9,-0.0282555555555555,9
FLAB48,2017-02-06,0.033,0.715,8.17,0.011,8.1,0.007,16.1,1.3,0.769,0.8,22.2,25.2408,-80.957931,S2A_MSIL2A_20170215T160511_N0500_R054_T17RNH_20230917T075421,2017-02-15 16:05:11.026,3.45,9.0,0.0288222222222222,9,0.0116888888888888,9,-0.0250444444444444,9
FLAB48,2017-04-19,0.088,1.02,5.89,0.007,8.0,0.011,23.7,1.3,1.01,2.4,24.1,25.2408,-80.957931,,,,,,0,,0,,0
FLAB48,2017-07-27,0.029,1.4,6.05,0.005,8.1,0.008,22.0,1.6,0.941,0.8,31.2,25.2408,-80.957931,S2A_MSIL2A_20170804T160511_N0500_R054_T17RNH_20230826T141136,2017-08-04 16:05:11.026,7.87,8.0,0.0729111111111111,9,0.0350888888888888,9,0.0107222222222222,9
FLAB48,2017-08-30,0.016,1.41,7.19,0.006,8.2,0.008,13.5,1.4,0.871,1.2,31.0,25.2408,-80.957931,S2A_MSIL2A_20170913T160511_N0500_R054_T17RNH_20230825T160223,2017-09-13 16:05:11.026,18.56,14.0,-8.888888888888888e-05,9,-5.555555555555556e-05,9,-0.1185222222222222,9
FLAB48,2017-10-11,0.195,5.72,6.59,0.016,8.0,0.026,6.67,1.4,1.28,2.8,28.0,25.2408,-80.957931,S2A_MSIL2A_20171003T160511_N0500_R054_T17RNH_20230817T084655,2017-10-03 16:05:11.026,13.94,7.0,-0.0483,9,-0.0566555555555555,9,-0.0168777777777777,9
FLAB48,2017-12-11,0.014,16.5,8.9,0.005,7.6,0.033,5.52,0.4,1.54,30.0,16.9,25.2408,-80.957931,S2A_MSIL2A_20171202T160511_N0500_R054_T17RNH_20230806T075400,2017-12-02 16:05:11.026,15.47,8.0,0.0629555555555555,9,0.0243,9,-0.0192777777777777,9
FLAB48,2018-03-08,0.012,14.3,7.78,0.005,8.3,0.038,15.0,0.8,1.28,6.6,21.3,25.2408,-80.957931,S2B_MSIL2A_20180317T160509_N0500_R054_T17RNH_20230710T201059,2018-03-17 16:05:09.027,3.5,9.0,-0.0139888888888888,9,-0.0059,9,-0.0845222222222222,9
FLAB48,2018-04-09,0.018,5.75,7.06,0.013,8.2,0.039,18.6,0.5,1.4,5.0,28.1,25.2408,-80.957931,S2A_MSIL2A_20180421T160511_N0500_R054_T17RNH_20230630T222736,2018-04-21 16:05:11.026,19.08,12.0,-0.0565777777777777,9,-0.0278333333333333,9,-0.0854777777777777,9
FLAB48,2018-06-06,0.012,15.4,6.86,0.005,8.2,0.041,17.8,0.8,1.5,4.7,29.8,25.2408,-80.957931,S2B_MSIL2A_20180605T160509_N0500_R054_T17RNH_20230715T182439,2018-06-05 16:05:09.024,13.59,0.0,-0.0134444444444444,9,-0.0077888888888888,9,-0.0285333333333333,9
FLAB48,2018-08-20,0.022,5.65,5.94,0.005,8.4,0.014,8.49,0.4,1.21,2.8,30.2,25.2408,-80.957931,S2A_MSIL2A_20180809T160511_N0500_R054_T17RNH_20230711T022345,2018-08-09 16:05:11.024,8.3,10.0,0.0706888888888889,9,0.0377111111111111,9,-0.0148888888888888,9
FLAB48,2018-10-18,0.023,5.05,7.78,0.005,8.0,0.012,5.1,1.8,1.08,2.1,27.8,25.2408,-80.957931,S2A_MSIL2A_20181018T160511_N0500_R054_T17RNH_20230706T010334,2018-10-18 16:05:11.024,8.03,0.0,0.0478777777777777,9,0.0268,9,-0.0925111111111111,9
FLAB48,2018-12-03,0.01,4.74,8.21,0.005,8.2,0.014,13.0,1.6,1.05,1.9,23.7,25.2408,-80.957931,S2B_MSIL2A_20181202T160509_N0500_R054_T17RNH_20230623T141113,2018-12-02 16:05:09.024,10.75,0.0,-0.0319777777777777,9,-0.0138555555555555,9,-0.0367888888888888,9
FLAB48,2019-02-28,0.018,4.34,7.44,0.005,8.0,0.02,14.7,1.1,1.23,3.4,26.5,25.2408,-80.957931,S2B_MSIL2A_20190302T160509_N0500_R054_T17RNH_20221114T204209,2019-03-02 16:05:09.024,3.51,2.0,0.0139888888888888,9,0.0054666666666666,9,-0.0541666666666666,9
FLAB48,2019-04-16,0.018,4.66,7.7,0.005,8.3,0.019,19.5,0.8,1.22,3.6,26.8,25.2408,-80.957931,S2A_MSIL2A_20190416T160511_N0500_R054_T17RNH_20221023T193830,2019-04-16 16:05:11.024,0.71,0.0,0.0343888888888888,9,0.0146666666666666,9,-0.0466,9
FLAB48,2019-07-24,0.008,4.06,7.13,0.005,8.2,0.015,17.7,1.2,1.18,2.2,31.3,25.2408,-80.957931,S2B_MSIL2A_20190819T160519_N0500_R054_T17RNH_20230505T071445,2019-08-19 16:05:19.024,12.15,26.0,-0.0349333333333333,9,-0.0199333333333333,9,0.0176333333333333,9
FLAB48,2019-08-07,0.021,2.96,6.13,0.005,8.1,0.012,18.3,1.7,1.13,1.8,30.0,25.2408,-80.957931,S2B_MSIL2A_20190819T160519_N0500_R054_T17RNH_20230505T071445,2019-08-19 16:05:19.024,12.15,12.0,-0.0349333333333333,9,-0.0199333333333333,9,0.0176333333333333,9
FLAB48,2019-10-21,0.024,2.97,6.35,0.005,7.9,0.011,13.4,1.6,1.01,0.9,28.8,25.2408,-80.957931,S2A_MSIL2A_20191013T160511_N0500_R054_T17RNH_20230614T052238,2019-10-13 16:05:11.024,9.57,7.0,-0.0074888888888888,9,-0.0032111111111111,9,-0.0016111111111111,9
FLAB48,2019-12-04,0.019,1.44,7.93,0.005,8.1,0.01,13.7,1.6,0.995,0.6,21.0,25.2408,-80.957931,S2B_MSIL2A_20191207T160509_N0500_R054_T17RNH_20230525T143258,2019-12-07 16:05:09.024,9.01,3.0,-0.0013111111111111,9,-0.0005666666666666,9,0.0029777777777777,9
FLAB48,2020-03-03,0.01,0.377,9.19,0.005,8.4,0.008,15.6,1.2,0.954,0.5,20.9,25.2408,-80.957931,S2B_MSIL2A_20200326T160509_N0500_R054_T17RNH_20230409T144543,2020-03-26 16:05:09.024,3.76,23.0,-0.0072111111111111,9,-0.0030111111111111,9,-0.0251222222222222,9
FLAB48,2020-06-16,0.02,1.03,6.24,0.005,8.2,0.008,22.3,1.4,1.02,0.5,29.1,25.2408,-80.957931,S2A_MSIL2A_20200609T160521_N0500_R054_T17RNH_20230412T130437,2020-06-09 16:05:21.024,11.27,6.0,-0.0346,9,-0.0181333333333333,9,-0.0314222222222222,9
FLAB48,2020-08-12,0.009,3.0,5.76,0.005,8.0,0.009,17.0,1.4,0.965,0.9,30.6,25.2408,-80.957931,S2B_MSIL2A_20200813T160519_N0500_R054_T17RNH_20230317T064934,2020-08-13 16:05:19.024,8.8,1.0,-0.0724333333333333,9,-0.0752333333333333,9,0.0176444444444444,9
FLAB48,2020-10-08,0.012,3.92,6.72,0.005,8.2,0.011,9.75,1.2,0.992,1.2,29.3,25.2408,-80.957931,S2B_MSIL2A_20201012T160519_N0500_R054_T17RNH_20230307T135614,2020-10-12 16:05:19.024,7.31,4.0,-0.0284444444444444,9,-0.0120666666666666,9,-0.0146777777777777,9
FLAB48,2020-12-28,0.031,9.06,9.39,0.097,8.3,0.014,3.22,0.5,0.959,5.5,18.6,25.2408,-80.957931,S2B_MSIL2A_20201231T160509_N0500_R054_T17RNH_20230302T204900,2020-12-31 16:05:09.024,9.48,3.0,0.0689777777777777,9,0.0326222222222222,9,-0.0946666666666666,9
FLAB48,2021-02-04,0.014,5.15,9.18,0.005,8.3,0.015,7.09,0.4,0.89,6.4,16.7,25.2408,-80.957931,S2B_MSIL2A_20210301T160509_N0500_R054_T17RNH_20230513T142932,2021-03-01 16:05:09.024,5.26,25.0,-0.0550111111111111,9,-0.0509555555555555,9,-0.0449444444444444,9
FLAB48,2021-04-13,0.026,13.7,7.61,0.005,8.3,0.025,15.2,1.1,1.3,6.4,25.7,25.2408,-80.957931,S2B_MSIL2A_20210331T160509_N0500_R054_T17RNH_20230519T193433,2021-03-31 16:05:09.024,4.3,12.0,-0.0379222222222222,9,-0.0193888888888888,9,-0.0591333333333333,9
FLAB48,2021-06-28,0.015,10.1,7.02,0.005,8.3,0.026,23.0,0.8,1.46,3.2,28.3,25.2408,-80.957931,S2A_MSIL2A_20210704T160511_N0500_R054_T17RNH_20230129T022912,2021-07-04 16:05:11.024,4.55,6.0,0.0445555555555555,9,0.0357,9,0.0826333333333333,9
FLAB48,2021-08-17,0.013,5.82,7.44,0.005,8.3,0.018,19.6,1.3,1.26,3.2,29.4,25.2408,-80.957931,S2B_MSIL2A_20210818T160509_N0500_R054_T17RNH_20230117T162001,2021-08-18 16:05:09.024,6.15,1.0,-0.055,9,-0.0314222222222222,9,-0.0420777777777777,9
FLAB48,2021-09-29,0.017,6.47,7.15,0.005,8.1,0.014,16.8,1.4,1.13,2.1,28.2,25.2408,-80.957931,S2B_MSIL2A_20210927T160509_N0500_R054_T17RNH_20230115T060558,2021-09-27 16:05:09.024,2.58,1.0,-0.0357777777777777,9,-0.0157888888888888,9,-0.0339333333333333,9
FLAB48,2021-11-29,0.012,5.13,8.38,0.005,8.2,0.014,13.2,1.4,1.07,4.1,20.7,25.2408,-80.957931,S2B_MSIL2A_20211126T160509_N0500_R054_T17RNH_20221231T133627,2021-11-26 16:05:09.024,7.91,2.0,-0.0230666666666666,9,-0.0099222222222222,9,-0.0203222222222222,9
FLAB48,2022-01-25,0.014,2.85,8.64,0.005,8.1,0.011,13.1,1.4,1.04,1.3,17.3,25.2408,-80.957931,S2A_MSIL2A_20220130T160511_N0510_R054_T17RNH_20240508T134151,2022-01-30 16:05:11.024,4.314916,5.0,-0.029,9,-0.0141444444444444,9,-0.1371666666666667,9
FLAB48,2022-03-10,0.025,1.9,7.63,0.005,8.3,0.011,13.2,1.4,1.08,1.5,27.1,25.2408,-80.957931,S2A_MSIL2A_20220301T160521_N0510_R054_T17RNH_20240517T125255,2022-03-01 16:05:21.024,6.624457,8.0,0.0229222222222222,9,0.0096555555555555,9,-0.0459666666666666,9
FLAB48,2022-05-24,0.016,1.02,6.9,0.005,8.4,0.009,23.5,1.3,1.1,1.3,28.7,25.2408,-80.957931,S2B_MSIL2A_20220515T160509_N0510_R054_T17RNH_20240627T105215,2022-05-15 16:05:09.024,5.97,8.0,0.0448555555555555,9,0.0175333333333333,9,-0.0124111111111111,9
FLAB48,2022-08-22,0.021,1.46,5.78,0.005,8.1,0.008,14.1,0.4,1.06,0.7,30.4,25.2408,-80.957931,S2A_MSIL2A_20220818T160521_N0510_R054_T17RNH_20240629T103659,2022-08-18 16:05:21.024,4.266037,3.0,,0,,0,,0
FLAB48,2022-10-19,0.164,5.66,6.26,0.005,7.9,0.014,7.55,0.9,1.17,3.6,26.4,25.2408,-80.957931,S2B_MSIL2A_20221022T160509_N0510_R054_T17RNH_20240729T211221,2022-10-22 16:05:09.024,18.645181,3.0,-0.0057888888888888,9,-0.0024666666666666,9,-0.0157777777777777,9
FLAB48,2022-12-28,0.011,8.14,10.0,0.005,8.3,0.014,9.45,1.1,1.05,2.5,15.2,25.2408,-80.957931,S2B_MSIL2A_20221211T160509_N0510_R054_T17RNH_20240806T114151,2022-12-11 16:05:09.024,0.090929,16.0,-0.0288333333333333,9,-0.0123333333333333,9,-0.0145777777777777,9
FLAB48,2023-02-20,0.01,0.16,8.22,0.005,8.4,0.017,12.4,1.4,1.17,2.7,26.3,25.2408,-80.957931,S2B_MSIL2A_20230301T160509_N0510_R054_T17RNH_20240817T102704,2023-03-01 16:05:09.025,0.13,9.0,-0.0187444444444444,9,-0.0078888888888888,9,-0.0355888888888888,9
FLAB48,2023-04-27,0.005,6.08,7.75,0.005,8.3,0.02,22.4,0.6,1.24,2.5,28.4,25.2408,-80.957931,S2A_MSIL2A_20230415T160511_N0510_R054_T17RNH_20240830T092006,2023-04-15 16:05:11.024,6.0,11.0,-0.0229444444444444,9,-0.0110666666666666,9,-0.0512888888888888,9
FLAB48,2023-06-08,0.016,6.82,6.71,0.005,8.2,0.019,25.0,1.5,1.32,2.7,29.6,25.2408,-80.957931,S2A_MSIL2A_20230614T160511_N0510_R054_T17RNH_20240910T072424,2023-06-14 16:05:11.024,11.47,6.0,-0.0746555555555555,9,-0.0395555555555555,9,-0.0505444444444444,9
FLAB48,2023-08-24,0.009,2.22,7.04,0.005,8.2,0.009,14.2,1.4,0.968,0.9,30.9,25.2408,-80.957931,S2B_MSIL2A_20230828T160519_N0510_R054_T17RNH_20240912T061739,2023-08-28 16:05:19.024,3.33,4.0,-0.0291777777777777,9,-0.0163444444444444,9,0.0124888888888888,9
FLAB48,2023-10-23,0.008,1.17,7.73,0.005,8.2,0.009,14.1,1.6,0.96,0.5,26.6,25.2408,-80.957931,S2A_MSIL2A_20231101T160511_N0510_R054_T17RNH_20240831T085923,2023-11-01 16:05:11.024,0.26,9.0,0.0477666666666666,9,0.0195222222222222,9,-0.0150777777777777,9
FLAB48,2023-12-06,0.012,1.57,8.25,0.005,8.2,0.008,9.34,1.7,0.908,1.0,22.9,25.2408,-80.957931,S2A_MSIL2A_20231121T160511_N0510_R054_T17RNH_20241020T231123,2023-11-21 16:05:11.024,8.03,14.0,0.0135555555555555,9,0.0058777777777777,9,-0.0179888888888888,9
FLAB48,2024-01-25,0.008,2.44,8.86,0.005,8.2,0.009,6.34,1.2,0.914,1.5,22.6,25.2408,-80.957931,S2A_MSIL2A_20240130T160511_N0510_R054_T17RNH_20240130T210100,2024-01-30 16:05:11.024,3.12,5.0,0.0125,9,0.0051555555555555,9,-0.0376777777777777,9
FLAB48,2024-03-14,0.009,3.9,7.88,0.005,8.2,0.012,7.99,1.5,1.08,1.6,26.4,25.2408,-80.957931,S2B_MSIL2A_20240315T160509_N0510_R054_T17RNH_20240315T200115,2024-03-15 16:05:09.024,8.77,1.0,-0.0181666666666666,9,-0.0082222222222222,9,-0.0325555555555555,9
FLAB48,2024-05-22,0.102,10.6,7.41,0.034,8.2,0.017,12.3,0.8,1.34,2.7,30.2,25.2408,-80.957931,S2A_MSIL2A_20240529T160511_N0510_R054_T17RNH_20240529T221346,2024-05-29 16:05:11.024,4.6,7.0,-0.0815777777777777,9,-0.0401555555555555,9,-0.0605,9
FLAB48,2024-07-29,0.005,3.02,7.1,0.005,8.3,0.009,11.4,1.8,1.0,0.9,33.2,25.2408,-80.957931,S2B_MSIL2A_20240812T160519_N0511_R054_T17RNH_20240812T194800,2024-08-12 16:05:19.024,6.99,14.0,-0.0346,9,-0.017,9,-0.0328444444444444,9
FLAB48,2024-10-15,0.202,4.52,6.51,0.02,7.9,0.012,6.82,1.2,1.14,1.6,28.3,25.2408,-80.957931,S2B_MSIL2A_20241001T160509_N0511_R054_T17RNH_20241001T210909,2024-10-01 16:05:09.024,5.16,13.0,-0.0262111111111111,9,-0.0116222222222222,9,-0.0195777777777777,9
FLAB48,2024-11-21,0.061,12.0,8.09,0.068,8.2,0.019,6.87,0.65,1.32,5.5,24.9,25.2408,-80.957931,S2A_MSIL2A_20241115T160511_N0511_R054_T17RNH_20241115T205649,2024-11-15 16:05:11.024,4.75,5.0,0.0394444444444444,9,0.0161111111111111,9,-0.0102222222222222,9
FLAB48,2025-01-09,0.005,13.7,9.17,0.005,8.3,0.027,8.04,0.5,1.58,17.7,16.3,25.2408,-80.957931,S2B_MSIL2A_20250109T160509_N0511_R054_T17RNH_20250109T202833,2025-01-09 16:05:09.024,0.01,0.0,-0.0282444444444444,9,-0.0138111111111111,9,-0.101,9
FLAB48,2025-04-07,0.005,12.8,7.93,0.005,8.3,0.033,16.3,0.5,1.55,7.8,26.7,25.2408,-80.957931,S2A_MSIL2A_20250416T160521_N0511_R054_T17RNH_20250417T013913,2025-04-16 16:05:21.024,4.846258,9.0,-0.0022,9,-0.0009888888888888,9,-0.0872444444444444,9
FLAB48,2025-06-05,0.012,16.1,7.56,0.005,8.3,0.033,20.4,0.6,1.7,5.0,27.1,25.2408,-80.957931,S2A_MSIL2A_20250526T160531_N0511_R054_T17RNH_20250526T203213,2025-05-26 16:05:31.024,2.662065,9.0,-0.0327,9,-0.0319444444444444,9,-0.0014555555555555,9
FLAB48,2025-07-07,0.015,10.2,7.51,0.005,8.3,0.028,22.6,0.7,1.58,3.8,31.1,25.2408,-80.957931,S2A_MSIL2A_20250615T160521_N0511_R054_T17RNH_20250615T222322,2025-06-15 16:05:21.024,8.885614,21.0,-0.0180888888888888,9,-0.0092444444444444,9,-0.0638666666666666,9
FLAB48,2025-09-18,0.008,6.28,6.29,0.005,8.1,0.014,18.2,1.4,1.12,1.5,29.1,25.2408,-80.957931,S2C_MSIL2A_20251001T160531_N0511_R054_T17RNH_20251001T205018,2025-10-01 16:05:31.025,1.61,13.0,0.0005,9,0.0002,9,-0.0243888888888888,9
FLAB48,2025-12-15,0.028,2.37,8.47,0.005,8.3,0.015,12.6,1.3,1.11,4.6,22.7,25.2408,-80.957931,S2C_MSIL2A_20251220T160521_N0511_R054_T17RNH_20251220T191014,2025-12-20 16:05:21.025,10.66,5.0,0.0137888888888888,9,0.0056444444444444,9,-0.0242666666666666,9
