date,station_id,cellcount,salinity_ppt,temp_C,dist_to_station_km,n_observations,category,is_observed,days_to_nearest_obs
2018-04-11,C111AC,0,40.0,30.0,1.918654497504529,1,not observed,True,0
2018-04-16,C111AC,0,37.241379310344826,30.0,1.918654497504529,1,not observed,False,5
2018-04-21,C111AC,0,34.48275862068965,30.0,1.918654497504529,1,not observed,False,10
2018-04-26,C111AC,0,31.724137931034484,30.0,7.204501596883283,1,not observed,False,14
2018-05-01,C111AC,0,28.96551724137931,30.0,7.204501596883283,1,not observed,False,9
2018-05-06,C111AC,0,26.206896551724135,30.0,7.204501596883283,1,not observed,False,4
2019-11-12,C111MC,0,31.99,24.33,1.5021095718667004,1,not observed,True,0
2016-03-17,FLAB04,0,40.0,26.1,13.763095658287488,1,not observed,True,0
2016-03-22,FLAB04,0,39.963235294117645,26.11776960784314,13.763095658287488,1,not observed,False,5
2016-03-27,FLAB04,0,39.9264705882353,26.135539215686276,13.763095658287488,1,not observed,False,10
2016-04-01,FLAB04,0,39.88970588235294,26.153308823529414,13.763095658287488,1,not observed,False,15
2016-04-06,FLAB04,0,39.85294117647059,26.17107843137255,13.763095658287488,1,not observed,False,20
2016-04-11,FLAB04,0,39.81617647058823,26.18884803921569,13.763095658287488,1,not observed,False,25
2016-04-16,FLAB04,0,39.779411764705884,26.206617647058824,13.763095658287488,1,not observed,False,30
2017-09-18,FLAB04,0,35.955882352941174,28.054656862745098,2.2387781972919534,2,not observed,False,28
2017-09-23,FLAB04,0,35.919117647058826,28.072426470588237,2.2387781972919534,2,not observed,False,23
2017-09-28,FLAB04,0,35.88235294117647,28.090196078431372,2.2387781972919534,2,not observed,False,18
2017-10-03,FLAB04,0,35.845588235294116,28.10796568627451,2.2387781972919534,2,not observed,False,13
2017-10-08,FLAB04,0,35.80882352941177,28.125735294117646,2.2387781972919534,2,not observed,False,8
2017-10-13,FLAB04,0,35.77205882352941,28.143504901960785,2.2387781972919534,2,not observed,False,3
2017-10-18,FLAB04,0,35.73529411764706,28.161274509803924,2.2387781972919534,2,not observed,False,2
2017-10-23,FLAB04,0,35.6985294117647,28.17904411764706,2.2387781972919534,2,not observed,False,7
2017-10-28,FLAB04,0,35.661764705882355,28.196813725490195,2.2387781972919534,2,not observed,False,12
2017-11-02,FLAB04,0,35.625,28.214583333333334,2.2387781972919534,2,not observed,False,17
2017-11-07,FLAB04,0,35.588235294117645,28.232352941176472,2.2387781972919534,2,not observed,False,22
2017-11-12,FLAB04,0,35.5514705882353,28.250122549019608,2.2387781972919534,2,not observed,False,27
2018-05-16,FLAB04,0,34.19117647058823,28.907598039215685,13.171382173404636,1,not observed,False,26
2018-05-21,FLAB04,0,34.154411764705884,28.925367647058824,13.171382173404636,1,not observed,False,21
2018-05-26,FLAB04,0,34.11764705882353,28.943137254901963,13.171382173404636,1,not observed,False,16
2018-05-31,FLAB04,0,34.080882352941174,28.960906862745098,13.171382173404636,1,not observed,False,11
2018-06-05,FLAB04,0,34.044117647058826,28.978676470588237,13.171382173404636,1,not observed,False,6
2018-06-10,FLAB04,0,34.00735294117647,28.996446078431372,13.171382173404636,1,not observed,False,1
2018-06-15,FLAB04,0,34.01261829652997,28.949526813880126,13.171382173404636,1,not observed,False,4
2018-06-20,FLAB04,0,34.02839116719243,28.886435331230285,13.171382173404636,1,not observed,False,9
2018-06-25,FLAB04,0,34.04416403785489,28.823343848580443,13.171382173404636,1,not observed,False,14
2018-06-30,FLAB04,0,34.05993690851735,28.7602523659306,13.171382173404636,1,not observed,False,19
2018-07-05,FLAB04,0,34.07570977917981,28.697160883280755,13.171382173404636,1,not observed,False,24
2018-07-10,FLAB04,0,34.09148264984227,28.634069400630914,13.171382173404636,1,not observed,False,29
2019-03-27,FLAB04,0,34.91167192429022,25.353312302839118,13.763095658287488,1,not observed,False,28
2019-04-01,FLAB04,0,34.927444794952685,25.290220820189276,13.763095658287488,1,not observed,False,23
2019-04-06,FLAB04,0,34.943217665615144,25.22712933753943,13.763095658287488,1,not observed,False,18
2019-04-11,FLAB04,0,34.958990536277604,25.16403785488959,13.763095658287488,1,not observed,False,13
2019-04-16,FLAB04,0,34.97476340694006,25.100946372239747,13.763095658287488,1,not observed,False,8
2019-04-21,FLAB04,0,34.99053627760252,25.037854889589905,13.763095658287488,1,not observed,False,3
2019-04-26,FLAB04,0,35.03921568627451,25.11764705882353,5.723402343193471,1,not observed,False,1
2019-05-01,FLAB04,0,35.13725490196079,25.41176470588235,5.723402343193471,1,not observed,False,6
2019-05-06,FLAB04,0,35.23529411764706,25.705882352941178,5.723402343193471,1,not observed,False,11
2019-05-11,FLAB04,0,35.333333333333336,26.0,5.723402343193471,1,not observed,False,16
2019-05-16,FLAB04,0,35.431372549019606,26.294117647058822,5.723402343193471,1,not observed,False,21
2019-05-21,FLAB04,0,35.529411764705884,26.58823529411765,13.73192000742535,1,not observed,False,24
2019-05-26,FLAB04,0,35.627450980392155,26.88235294117647,13.73192000742535,1,not observed,False,19
2019-05-31,FLAB04,0,35.72549019607843,27.176470588235293,13.73192000742535,1,not observed,False,14
2019-06-05,FLAB04,0,35.8235294117647,27.470588235294116,13.73192000742535,1,not observed,False,9
2019-06-10,FLAB04,0,35.92156862745098,27.764705882352942,13.73192000742535,1,not observed,False,4
2019-06-15,FLAB04,0,35.99029126213592,27.990291262135923,13.73192000742535,1,not observed,False,1
2019-06-20,FLAB04,0,35.94174757281554,27.941747572815533,13.73192000742535,1,not observed,False,6
2019-06-25,FLAB04,0,35.89320388349515,27.893203883495147,13.73192000742535,1,not observed,False,11
2019-06-30,FLAB04,0,35.84466019417476,27.844660194174757,13.73192000742535,1,not observed,False,16
2019-07-05,FLAB04,0,35.79611650485437,27.796116504854368,13.73192000742535,1,not observed,False,21
2019-07-10,FLAB04,0,35.74757281553398,27.74757281553398,13.73192000742535,1,not observed,False,26
2019-08-29,FLAB04,0,35.262135922330096,27.262135922330096,13.18163973601567,1,not observed,False,27
2019-09-03,FLAB04,0,35.213592233009706,27.21359223300971,13.18163973601567,1,not observed,False,22
2019-09-08,FLAB04,0,35.16504854368932,27.16504854368932,13.18163973601567,1,not observed,False,17
2019-09-13,FLAB04,0,35.116504854368934,27.116504854368934,13.18163973601567,1,not observed,False,12
2019-09-18,FLAB04,0,35.067961165048544,27.067961165048544,13.18163973601567,1,not observed,False,7
2019-09-23,FLAB04,0,35.019417475728154,27.019417475728154,13.18163973601567,1,not observed,False,2
2019-09-28,FLAB04,0,35.0,26.990285714285715,13.18163973601567,1,not observed,False,3
2019-10-03,FLAB04,0,35.0,26.974095238095238,13.18163973601567,1,not observed,False,8
2019-10-08,FLAB04,0,35.0,26.95790476190476,13.18163973601567,1,not observed,False,13
2019-10-13,FLAB04,0,35.0,26.941714285714287,13.18163973601567,1,not observed,False,18
2019-10-18,FLAB04,0,35.0,26.92552380952381,13.18163973601567,1,not observed,False,23
2019-10-23,FLAB04,0,35.0,26.909333333333333,13.18163973601567,1,not observed,False,28
2021-02-04,FLAB04,0,35.0,25.387428571428572,13.694032015583906,1,not observed,False,27
2021-02-09,FLAB04,0,35.0,25.371238095238095,13.694032015583906,1,not observed,False,22
2021-02-14,FLAB04,0,35.0,25.35504761904762,13.694032015583906,1,not observed,False,17
2021-02-19,FLAB04,0,35.0,25.338857142857144,13.694032015583906,1,not observed,False,12
2021-02-24,FLAB04,0,35.0,25.322666666666667,13.694032015583906,1,not observed,False,7
2021-03-01,FLAB04,0,35.0,25.30647619047619,13.694032015583906,1,not observed,False,2
2021-03-06,FLAB04,0,35.04276985743381,25.334826883910388,13.694032015583906,1,not observed,False,3
2021-03-11,FLAB04,0,35.11405295315682,25.3928716904277,13.694032015583906,1,not observed,False,8
2021-03-16,FLAB04,0,35.18533604887984,25.450916496945013,13.694032015583906,1,not observed,False,13
2021-03-21,FLAB04,0,35.25661914460285,25.50896130346232,13.694032015583906,1,not observed,False,18
2021-03-26,FLAB04,0,35.32790224032586,25.567006109979634,13.694032015583906,1,not observed,False,23
2021-03-31,FLAB04,0,35.39918533604888,25.625050916496946,13.694032015583906,1,not observed,False,28
2022-06-09,FLAB04,0,41.60081466395112,30.674949083503055,12.22021856685115,1,not observed,False,28
2022-06-14,FLAB04,0,41.67209775967413,30.732993890020367,12.22021856685115,1,not observed,False,23
2022-06-19,FLAB04,0,41.74338085539715,30.79103869653768,12.22021856685115,1,not observed,False,18
2022-06-24,FLAB04,0,41.81466395112016,30.84908350305499,12.22021856685115,1,not observed,False,13
2022-06-29,FLAB04,0,41.88594704684318,30.9071283095723,12.22021856685115,1,not observed,False,8
2022-07-04,FLAB04,0,41.95723014256619,30.965173116089613,12.22021856685115,1,not observed,False,3
2022-07-09,FLAB04,0,41.97674418604651,30.976744186046513,12.22021856685115,1,not observed,False,2
2022-07-14,FLAB04,0,41.91860465116279,30.91860465116279,12.22021856685115,1,not observed,False,7
2022-07-19,FLAB04,0,41.86046511627907,30.86046511627907,12.22021856685115,1,not observed,False,12
2022-07-24,FLAB04,0,41.80232558139535,30.802325581395348,12.22021856685115,1,not observed,False,17
2022-07-29,FLAB04,0,41.74418604651163,30.74418604651163,12.22021856685115,1,not observed,False,22
2022-08-03,FLAB04,0,41.68604651162791,30.686046511627907,12.22021856685115,1,not observed,False,27
2024-01-30,FLAB04,0,35.348837209302324,24.348837209302324,13.172022239744624,1,not observed,False,30
2024-02-04,FLAB04,0,35.2906976744186,24.290697674418603,13.172022239744624,1,not observed,False,25
2024-02-09,FLAB04,0,35.23255813953488,24.232558139534884,13.172022239744624,1,not observed,False,20
2024-02-14,FLAB04,0,35.174418604651166,24.174418604651162,13.172022239744624,1,not observed,False,15
2024-02-19,FLAB04,0,35.116279069767444,24.11627906976744,13.172022239744624,1,not observed,False,10
2024-02-24,FLAB04,0,35.05813953488372,24.058139534883722,13.172022239744624,1,not observed,False,5
2024-02-29,FLAB04,0,35.0,24.0,13.172022239744624,1,not observed,True,0
2016-01-13,FLAB05,0,31.5,21.5,8.555492916120457,2,not observed,True,0
2016-01-18,FLAB05,0,28.625,21.375,8.555492916120457,2,not observed,False,5
2016-01-23,FLAB05,0,25.75,21.25,8.555492916120457,2,not observed,False,10
2016-01-28,FLAB05,0,22.875,21.125,3.521845054698621,1,not observed,False,5
2016-02-02,FLAB05,0,20.0,21.0,3.521845054698621,1,not observed,True,0
2016-02-07,FLAB05,0,36.66666666666667,23.083333333333332,13.827570861231708,1,not observed,False,1
2016-02-12,FLAB05,0,40.0,22.833333333333332,13.827570861231708,1,not observed,False,4
2016-02-17,FLAB05,0,40.0,22.0,14.855852983615135,1,not observed,True,0
2016-02-22,FLAB05,0,30.0,20.75,4.787886518913148,1,not observed,False,3
2016-02-27,FLAB05,0,25.38122222222222,20.487222222222222,4.787886518913148,1,not observed,False,2
2016-03-03,FLAB05,0,28.83427777777778,21.705277777777777,4.787886518913148,1,not observed,False,7
2016-03-08,FLAB05,0,32.28733333333333,22.923333333333332,16.263412193945157,2,not observed,False,6
2016-03-13,FLAB05,0,35.74038888888889,24.141388888888887,16.263412193945157,2,not observed,False,1
2016-03-18,FLAB05,0,20.0,24.914285714285715,2.4083964360686796,1,not observed,False,3
2016-03-23,FLAB05,0,20.0,24.771428571428572,2.4083964360686796,1,not observed,False,8
2016-03-28,FLAB05,0,20.0,24.62857142857143,2.4083964360686796,1,not observed,False,13
2016-04-02,FLAB05,0,20.0,24.485714285714284,2.462495012251345,1,not observed,False,17
2016-04-07,FLAB05,0,20.0,24.34285714285714,2.462495012251345,1,not observed,False,12
2016-04-12,FLAB05,0,20.0,24.2,2.462495012251345,1,not observed,False,7
2016-04-17,FLAB05,0,20.0,24.057142857142857,2.462495012251345,1,not observed,False,2
2016-04-22,FLAB05,0,22.46735,24.297,2.462495012251345,1,not observed,False,3
2016-04-27,FLAB05,0,26.5796,24.792,2.462495012251345,1,not observed,False,8
2016-05-02,FLAB05,0,30.69185,25.287,18.75031304807417,1,not observed,False,7
2016-05-07,FLAB05,0,34.8041,25.782,18.75031304807417,1,not observed,False,2
2016-05-12,FLAB05,0,35.91158333333333,26.398333333333333,18.75031304807417,1,not observed,False,3
2016-05-17,FLAB05,0,35.01588888888889,27.095555555555556,10.584083849152561,2,not observed,False,7
2016-05-22,FLAB05,0,34.120194444444444,27.79277777777778,10.584083849152561,2,not observed,False,2
2016-05-27,FLAB05,0,33.2245,28.490000000000002,10.584083849152561,2,not observed,False,3
2016-06-01,FLAB05,0,32.328805555555554,29.18722222222222,10.584083849152561,2,not observed,False,8
2016-06-06,FLAB05,0,31.43311111111111,29.884444444444444,3.4090446569347703,1,not observed,False,8
2016-06-11,FLAB05,0,30.537416666666665,30.581666666666667,3.4090446569347703,1,not observed,False,3
2016-06-16,FLAB05,0,30.416666666666668,31.041666666666668,3.4090446569347703,1,not observed,False,2
2016-06-21,FLAB05,0,31.458333333333332,31.145833333333332,3.4090446569347703,1,not observed,False,7
2016-06-26,FLAB05,0,32.5,31.25,3.4090446569347703,1,not observed,False,12
2016-07-01,FLAB05,0,33.541666666666664,31.354166666666668,13.909407536260996,1,not observed,False,7
2016-07-06,FLAB05,0,34.583333333333336,31.458333333333332,13.909407536260996,1,not observed,False,2
2016-07-11,FLAB05,0,34.53125,31.359375,13.909407536260996,1,not observed,False,3
2016-07-16,FLAB05,0,33.75,31.125,13.909407536260996,1,not observed,False,8
2016-07-21,FLAB05,0,32.96875,30.890625,13.909407536260996,1,not observed,False,13
2016-07-26,FLAB05,0,32.1875,30.65625,2.0793506096886634,1,not observed,False,14
2016-07-31,FLAB05,0,31.40625,30.421875,2.0793506096886634,1,not observed,False,9
2016-08-05,FLAB05,0,30.625,30.1875,2.0793506096886634,1,not observed,False,4
2016-08-10,FLAB05,0,30.14721951219512,30.00560975609756,2.0793506096886634,1,not observed,False,1
2016-08-15,FLAB05,0,30.883317073170733,30.033658536585367,2.0793506096886634,1,not observed,False,6
2016-08-20,FLAB05,0,31.61941463414634,30.06170731707317,2.0793506096886634,1,not observed,False,11
2016-08-25,FLAB05,0,32.35551219512195,30.089756097560976,2.0793506096886634,1,not observed,False,16
2016-08-30,FLAB05,0,33.09160975609756,30.11780487804878,18.75031304807417,1,not observed,False,20
2016-09-04,FLAB05,0,33.82770731707317,30.145853658536584,18.75031304807417,1,not observed,False,15
2016-09-09,FLAB05,0,34.563804878048785,30.173902439024392,18.75031304807417,1,not observed,False,10
2016-09-14,FLAB05,0,35.29990243902439,30.201951219512196,18.75031304807417,1,not observed,False,5
2016-09-19,FLAB05,0,36.036,30.23,18.75031304807417,1,not observed,True,0
2016-09-24,FLAB05,0,34.024,29.82,18.75031304807417,1,not observed,False,5
2016-09-29,FLAB05,0,32.012,29.41,3.4062914361782037,1,not observed,False,5
2016-10-04,FLAB05,0,30.0,29.0,3.4062914361782037,1,not observed,True,0
2016-10-09,FLAB05,0,30.774329268292682,28.814634146341465,3.4062914361782037,1,not observed,False,5
2016-10-14,FLAB05,0,31.548658536585364,28.629268292682926,3.4062914361782037,1,not observed,False,10
2016-10-19,FLAB05,0,32.322987804878046,28.44390243902439,3.4062914361782037,1,not observed,False,15
2016-10-24,FLAB05,0,33.09731707317073,28.258536585365853,3.4062914361782037,1,not observed,False,20
2016-10-29,FLAB05,333,33.87164634146341,28.073170731707318,18.75031304807417,2,very low,False,16
2016-11-03,FLAB05,333,34.64597560975609,27.88780487804878,18.75031304807417,2,very low,False,11
2016-11-08,FLAB05,333,35.42030487804878,27.702439024390245,18.75031304807417,2,very low,False,6
2016-11-13,FLAB05,333,36.194634146341464,27.517073170731706,18.75031304807417,2,very low,False,1
2016-11-18,FLAB05,0,26.0,26.83728813559322,3.4072127978169076,1,not observed,True,0
2016-11-23,FLAB05,0,26.181818181818183,26.033898305084747,3.4072127978169076,1,not observed,False,5
2016-11-28,FLAB05,0,26.363636363636363,25.230508474576272,3.4072127978169076,1,not observed,False,10
2016-12-03,FLAB05,0,26.545454545454547,24.427118644067797,3.4072127978169076,1,not observed,False,15
2016-12-08,FLAB05,0,26.727272727272727,23.62372881355932,3.4072127978169076,1,not observed,False,20
2016-12-13,FLAB05,0,26.90909090909091,22.82033898305085,3.4072127978169076,1,not observed,False,25
2016-12-18,FLAB05,0,27.09090909090909,22.016949152542374,3.4090446569347703,1,not observed,False,25
2016-12-23,FLAB05,0,27.272727272727273,21.2135593220339,3.4090446569347703,1,not observed,False,20
2016-12-28,FLAB05,0,27.454545454545453,20.410169491525423,3.4090446569347703,1,not observed,False,15
2017-01-02,FLAB05,0,27.636363636363637,19.60677966101695,3.4090446569347703,1,not observed,False,10
2017-01-07,FLAB05,0,27.818181818181817,18.803389830508475,3.4090446569347703,1,not observed,False,5
2017-01-12,FLAB05,0,28.0,18.0,3.4090446569347703,1,not observed,True,0
2017-01-17,FLAB05,0,30.345416666666665,19.74722222222222,3.4090446569347703,1,not observed,False,5
2017-01-22,FLAB05,0,32.69083333333333,21.494444444444444,18.75031304807417,2,not observed,False,8
2017-01-27,FLAB05,0,35.03625,23.241666666666667,18.75031304807417,2,not observed,False,3
2017-02-01,FLAB05,0,35.857727272727274,24.172727272727272,18.75031304807417,2,not observed,False,2
2017-02-06,FLAB05,0,34.39329545454545,23.879545454545454,18.75031304807417,2,not observed,False,7
2017-02-11,FLAB05,0,32.92886363636364,23.586363636363636,3.4090446569347703,1,not observed,False,10
2017-02-16,FLAB05,0,31.46443181818182,23.293181818181818,3.4090446569347703,1,not observed,False,5
2017-02-21,FLAB05,0,30.0,23.0,3.4090446569347703,1,not observed,True,0
2017-02-26,FLAB05,0,30.714285714285715,21.928571428571427,3.4090446569347703,1,not observed,False,5
2017-03-03,FLAB05,0,31.428571428571427,20.857142857142858,2.7614180797505865,1,not observed,False,4
2017-03-08,FLAB05,0,35.333333333333336,21.666666666666668,2.7614180797505865,1,not observed,False,1
2017-03-13,FLAB05,0,40.96875,24.8125,13.893907433925719,1,not observed,False,3
2017-03-18,FLAB05,0,39.25,24.5,13.893907433925719,1,not observed,False,8
2017-03-23,FLAB05,0,37.53125,24.1875,13.893907433925719,1,not observed,False,13
2017-03-28,FLAB05,0,35.8125,23.875,3.3255433622497605,1,not observed,False,14
2017-04-02,FLAB05,0,34.09375,23.5625,3.3255433622497605,1,not observed,False,9
2017-04-07,FLAB05,0,32.375,23.25,3.3255433622497605,1,not observed,False,4
2017-04-12,FLAB05,0,31.065573770491802,23.07377049180328,3.3255433622497605,1,not observed,False,1
2017-04-17,FLAB05,0,31.39344262295082,23.442622950819672,3.3255433622497605,1,not observed,False,6
2017-04-22,FLAB05,0,31.721311475409834,23.811475409836067,3.3255433622497605,1,not observed,False,11
2017-04-27,FLAB05,0,32.049180327868854,24.18032786885246,3.3255433622497605,1,not observed,False,16
2017-05-02,FLAB05,0,32.377049180327866,24.549180327868854,3.3255433622497605,1,not observed,False,21
2017-05-07,FLAB05,0,32.704918032786885,24.918032786885245,3.3255433622497605,1,not observed,False,26
2017-05-12,FLAB05,0,33.032786885245905,25.28688524590164,13.945779323847109,1,not observed,False,30
2017-05-17,FLAB05,0,33.36065573770492,25.65573770491803,13.945779323847109,1,not observed,False,25
2017-05-22,FLAB05,0,33.68852459016394,26.024590163934427,13.945779323847109,1,not observed,False,20
2017-05-27,FLAB05,0,34.01639344262295,26.39344262295082,13.945779323847109,1,not observed,False,15
2017-06-01,FLAB05,0,34.34426229508197,26.762295081967213,13.945779323847109,1,not observed,False,10
2017-06-06,FLAB05,0,34.67213114754098,27.131147540983605,13.945779323847109,1,not observed,False,5
2017-06-11,FLAB05,0,35.0,27.5,13.945779323847109,1,not observed,True,0
2017-06-16,FLAB05,0,31.5,33.1250000075,13.945779323847109,1,not observed,False,1
2017-06-21,FLAB05,0,31.333333333333332,34.333333341111114,13.945779323847109,1,not observed,False,4
2017-06-26,FLAB05,0,33.0,33.500000005000004,13.945779323847109,1,not observed,False,9
2017-07-01,FLAB05,0,34.666666666666664,32.66666666888889,13.893907433925719,1,not observed,False,4
2017-07-06,FLAB05,0,35.75,31.0,13.893907433925719,1,not observed,False,1
2017-07-11,FLAB05,0,35.0,30.0,2.0793506096886634,1,not observed,True,0
2017-07-16,FLAB05,0,34.83870967741935,29.677419354838708,2.0793506096886634,1,not observed,False,5
2017-07-21,FLAB05,0,34.67741935483871,29.35483870967742,2.0793506096886634,1,not observed,False,10
2017-07-26,FLAB05,0,34.516129032258064,29.032258064516128,2.0793506096886634,1,not observed,False,15
2017-07-31,FLAB05,0,34.354838709677416,28.70967741935484,18.924295525725956,1,not observed,False,11
2017-08-05,FLAB05,0,34.193548387096776,28.387096774193548,18.924295525725956,1,not observed,False,6
2017-08-10,FLAB05,0,34.03225806451613,28.064516129032256,18.924295525725956,1,not observed,False,1
2017-08-15,FLAB05,0,33.729729729729726,27.962162162162162,18.924295525725956,1,not observed,False,4
2017-08-20,FLAB05,0,33.391891891891895,27.914864864864864,18.924295525725956,1,not observed,False,9
2017-08-25,FLAB05,0,33.054054054054056,27.86756756756757,18.924295525725956,1,not observed,False,14
2017-08-30,FLAB05,0,32.71621621621622,27.82027027027027,18.924295525725956,1,not observed,False,19
2017-09-04,FLAB05,0,32.37837837837838,27.772972972972973,18.924295525725956,1,not observed,False,24
2017-09-09,FLAB05,0,32.04054054054054,27.725675675675674,18.924295525725956,1,not observed,False,29
2017-09-14,FLAB05,0,31.7027027027027,27.67837837837838,3.338187736288022,3,not observed,False,28
2017-09-19,FLAB05,0,31.364864864864863,27.63108108108108,3.338187736288022,3,not observed,False,23
2017-09-24,FLAB05,0,31.027027027027028,27.583783783783783,3.338187736288022,3,not observed,False,18
2017-09-29,FLAB05,0,30.68918918918919,27.53648648648649,3.338187736288022,3,not observed,False,13
2017-10-04,FLAB05,0,30.35135135135135,27.48918918918919,3.338187736288022,3,not observed,False,8
2017-10-09,FLAB05,0,30.013513513513512,27.441891891891892,3.338187736288022,3,not observed,False,3
2017-10-14,FLAB05,0,29.675675675675677,27.394594594594594,3.338187736288022,3,not observed,False,2
2017-10-19,FLAB05,0,29.33783783783784,27.3472972972973,3.203945900612731,1,not observed,False,2
2017-10-24,FLAB05,0,29.0,27.3,7.606049864009569,1,not observed,True,0
2017-10-29,FLAB05,0,29.833333333333332,22.566666666666666,7.606049864009569,1,not observed,False,1
2017-11-03,FLAB05,0,30.35830985915493,22.2056338028169,7.606049864009569,1,not observed,False,4
2017-11-08,FLAB05,0,30.80619718309859,22.33767605633803,7.606049864009569,1,not observed,False,9
2017-11-13,FLAB05,0,31.254084507042254,22.469718309859157,7.606049864009569,1,not observed,False,14
2017-11-18,FLAB05,0,31.701971830985915,22.60176056338028,7.606049864009569,1,not observed,False,19
2017-11-23,FLAB05,0,32.14985915492958,22.73380281690141,7.606049864009569,1,not observed,False,24
2017-11-28,FLAB05,0,32.59774647887324,22.865845070422537,7.606049864009569,1,not observed,False,29
2017-12-03,FLAB05,0,33.0456338028169,22.99788732394366,3.3691829600445633,2,not observed,False,30
2017-12-08,FLAB05,0,33.49352112676056,23.12992957746479,3.3691829600445633,2,not observed,False,25
2017-12-13,FLAB05,0,33.94140845070422,23.261971830985917,3.3691829600445633,2,not observed,False,20
2017-12-18,FLAB05,0,34.389295774647884,23.394014084507045,3.3691829600445633,2,not observed,False,15
2017-12-23,FLAB05,0,34.83718309859155,23.52605633802817,3.3691829600445633,2,not observed,False,10
2017-12-28,FLAB05,0,35.28507042253521,23.658098591549297,3.3691829600445633,2,not observed,False,5
2018-01-02,FLAB05,0,35.732957746478874,23.790140845070425,3.3691829600445633,2,not observed,True,0
2018-01-07,FLAB05,0,36.180845070422535,23.92218309859155,18.75031304807417,2,not observed,False,2
2018-01-12,FLAB05,0,36.21931034482758,23.870535714285715,18.75031304807417,2,not observed,False,3
2018-01-17,FLAB05,0,35.9848275862069,23.696428571428573,18.75031304807417,2,not observed,False,8
2018-01-22,FLAB05,0,35.750344827586204,23.52232142857143,9.98223276102079,1,not observed,False,11
2018-01-27,FLAB05,0,35.51586206896552,23.348214285714285,9.98223276102079,1,not observed,False,6
2018-02-01,FLAB05,0,35.281379310344825,23.174107142857142,9.98223276102079,1,not observed,False,1
2018-02-06,FLAB05,0,35.04689655172414,23.0,2.135435321162953,1,not observed,True,0
2018-02-11,FLAB05,0,35.108108108108105,24.444444444444443,13.739306104502361,1,not observed,False,4
2018-02-16,FLAB05,0,35.24324324324324,23.75,13.739306104502361,1,not observed,False,9
2018-02-21,FLAB05,0,35.37837837837838,23.055555555555557,13.739306104502361,1,not observed,False,14
2018-02-26,FLAB05,0,35.513513513513516,22.36111111111111,18.75031304807417,1,not observed,False,11
2018-03-03,FLAB05,0,35.648648648648646,21.666666666666668,18.75031304807417,1,not observed,False,6
2018-03-08,FLAB05,0,35.78378378378378,20.97222222222222,18.75031304807417,1,not observed,False,1
2018-03-13,FLAB05,0,35.91891891891892,20.27777777777778,2.7614180797505865,1,not observed,False,2
2018-03-18,FLAB05,0,35.904761904761905,24.095238095238095,13.796111854282037,1,not observed,False,2
2018-03-23,FLAB05,0,35.666666666666664,24.333333333333332,13.796111854282037,1,not observed,False,7
2018-03-28,FLAB05,0,35.42857142857143,24.571428571428573,8.87008574026068,1,not observed,False,9
2018-04-02,FLAB05,0,35.19047619047619,24.80952380952381,8.87008574026068,1,not observed,False,4
2018-04-07,FLAB05,0,34.90909090909091,24.90909090909091,8.87008574026068,1,not observed,False,1
2018-04-12,FLAB05,0,34.45454545454545,24.454545454545453,3.4090446569347703,1,not observed,False,5
2018-04-17,FLAB05,0,34.0,24.0,3.4090446569347703,1,not observed,True,0
2018-04-22,FLAB05,0,34.0,24.17241379310345,3.4090446569347703,1,not observed,False,5
2018-04-27,FLAB05,0,34.0,24.344827586206897,3.4090446569347703,1,not observed,False,10
2018-05-02,FLAB05,0,34.0,24.517241379310345,13.893907433925719,1,not observed,False,14
2018-05-07,FLAB05,0,34.0,24.689655172413794,13.893907433925719,1,not observed,False,9
2018-05-12,FLAB05,0,34.0,24.862068965517242,13.893907433925719,1,not observed,False,4
2018-05-17,FLAB05,0,34.0,25.25,13.893907433925719,1,not observed,False,1
2018-05-22,FLAB05,0,34.0,26.5,3.4090446569347703,1,not observed,False,2
2018-05-27,FLAB05,0,32.90909090909091,27.272727272727273,3.4090446569347703,1,not observed,False,3
2018-06-01,FLAB05,0,31.09090909090909,27.727272727272727,13.832644057415079,1,not observed,False,3
2018-06-06,FLAB05,0,30.69461111111111,28.121111111111112,13.832644057415079,1,not observed,False,2
2018-06-11,FLAB05,0,32.43113888888889,28.42388888888889,13.832644057415079,1,not observed,False,7
2018-06-16,FLAB05,0,34.16766666666667,28.726666666666667,5.661803784677913,2,not observed,False,4
2018-06-21,FLAB05,0,35.90419444444444,29.029444444444444,5.661803784677913,2,not observed,False,1
2018-06-26,FLAB05,0,35.4903,30.402,5.744640796972224,1,not observed,False,1
2018-07-01,FLAB05,0,35.147058823529406,30.644117647058824,5.744640796972224,1,not observed,False,4
2018-07-06,FLAB05,0,34.955882352941174,30.536764705882355,5.744640796972224,1,not observed,False,9
2018-07-11,FLAB05,0,34.76470588235294,30.429411764705883,5.744640796972224,1,not observed,False,14
2018-07-16,FLAB05,0,34.5735294117647,30.32205882352941,2.17530760624133,1,not observed,False,15
2018-07-21,FLAB05,0,34.38235294117647,30.21470588235294,2.17530760624133,1,not observed,False,10
2018-07-26,FLAB05,0,34.19117647058823,30.107352941176472,2.17530760624133,1,not observed,False,5
2018-07-31,FLAB05,0,34.0,30.0,2.17530760624133,1,not observed,True,0
2018-08-05,FLAB05,0,36.7325,29.3275,18.75031304807417,2,not observed,False,1
2018-08-10,FLAB05,0,35.386,29.862,18.75031304807417,2,not observed,False,4
2018-08-15,FLAB05,0,34.231,29.977,2.2266481567425,1,not observed,False,1
2018-08-20,FLAB05,0,34.484848484848484,29.757575757575758,2.2266481567425,1,not observed,False,4
2018-08-25,FLAB05,0,35.09090909090909,29.454545454545453,2.2266481567425,1,not observed,False,9
2018-08-30,FLAB05,0,35.696969696969695,29.151515151515152,2.2266481567425,1,not observed,False,14
2018-09-04,FLAB05,667,36.303030303030305,28.848484848484848,13.721437992004262,1,very low,False,14
2018-09-09,FLAB05,667,36.90909090909091,28.545454545454547,13.721437992004262,1,very low,False,9
2018-09-14,FLAB05,667,37.515151515151516,28.242424242424242,13.721437992004262,1,very low,False,4
2018-09-19,FLAB05,667,36.857142857142854,28.571428571428573,13.721437992004262,1,very low,False,1
2018-09-24,FLAB05,0,31.142857142857142,31.428571428571427,2.0793506096886634,1,not observed,False,1
2018-09-29,FLAB05,0,33.42857142857143,30.857142857142858,10.267546457990155,1,not observed,False,3
2018-10-04,FLAB05,0,36.0131,29.752,10.267546457990155,1,not observed,False,2
2018-10-09,FLAB05,1667,36.04585,29.131999999999998,18.75031304807417,2,very low,False,3
2018-10-14,FLAB05,1667,35.64906,28.5672,18.75031304807417,2,very low,False,2
2018-10-19,FLAB05,1667,34.60796,28.0852,18.75031304807417,2,very low,False,7
2018-10-24,FLAB05,1667,33.56686,27.6032,18.75031304807417,2,very low,False,12
2018-10-29,FLAB05,0,32.52576,27.1212,6.988344779920714,2,not observed,False,8
2018-11-03,FLAB05,0,31.484659999999998,26.639200000000002,6.988344779920714,2,not observed,False,3
2018-11-08,FLAB05,0,31.13121951219512,26.280243902439025,6.988344779920714,2,not observed,False,2
2018-11-13,FLAB05,0,31.809268292682926,26.10585365853659,6.988344779920714,2,not observed,False,7
2018-11-18,FLAB05,0,32.48731707317073,25.93146341463415,6.988344779920714,2,not observed,False,12
2018-11-23,FLAB05,0,33.165365853658535,25.757073170731708,6.988344779920714,2,not observed,False,17
2018-11-28,FLAB05,0,33.84341463414634,25.58268292682927,18.75031304807417,1,not observed,False,19
2018-12-03,FLAB05,0,34.52146341463415,25.40829268292683,18.75031304807417,1,not observed,False,14
2018-12-08,FLAB05,0,35.199512195121955,25.23390243902439,18.75031304807417,1,not observed,False,9
2018-12-13,FLAB05,0,35.877560975609754,25.059512195121954,18.75031304807417,1,not observed,False,4
2018-12-18,FLAB05,0,36.418,24.88142857142857,18.75031304807417,1,not observed,False,1
2018-12-23,FLAB05,0,36.408,24.68857142857143,18.75031304807417,1,not observed,False,6
2018-12-28,FLAB05,0,36.398,24.495714285714286,18.75031304807417,1,not observed,False,11
2019-01-02,FLAB05,0,36.388,24.302857142857142,18.75031304807417,1,not observed,False,16
2019-01-07,FLAB05,0,36.378,24.11,18.75031304807417,1,not observed,False,21
2019-01-12,FLAB05,0,36.368,23.917142857142856,18.75031304807417,2,not observed,False,16
2019-01-17,FLAB05,0,36.358,23.724285714285713,18.75031304807417,2,not observed,False,11
2019-01-22,FLAB05,0,36.348,23.53142857142857,18.75031304807417,2,not observed,False,6
2019-01-27,FLAB05,0,36.338,23.338571428571427,18.75031304807417,2,not observed,False,1
2019-02-01,FLAB05,0,36.72168421052631,23.268421052631577,18.75031304807417,2,not observed,False,4
2019-02-06,FLAB05,0,37.20378947368421,23.22894736842105,18.75031304807417,2,not observed,False,9
2019-02-11,FLAB05,0,37.6858947368421,23.189473684210526,18.75031304807417,2,not observed,False,14
2019-02-16,FLAB05,0,38.168,23.15,18.75031304807417,2,not observed,False,19
2019-02-21,FLAB05,0,38.6501052631579,23.11052631578947,2.462495012251345,1,not observed,False,14
2019-02-26,FLAB05,0,39.13221052631579,23.071052631578947,2.462495012251345,1,not observed,False,9
2019-03-03,FLAB05,0,39.614315789473686,23.03157894736842,2.462495012251345,1,not observed,False,4
2019-03-08,FLAB05,0,39.93478260869565,23.043478260869566,2.462495012251345,1,not observed,False,1
2019-03-13,FLAB05,0,39.608695652173914,23.26086956521739,2.462495012251345,1,not observed,False,6
2019-03-18,FLAB05,0,39.28260869565217,23.47826086956522,8.851082857888645,1,not observed,False,7
2019-03-23,FLAB05,0,38.95652173913044,23.695652173913043,8.851082857888645,1,not observed,False,2
2019-03-28,FLAB05,0,38.630434782608695,23.91304347826087,8.851082857888645,1,not observed,False,3
2019-04-02,FLAB05,0,38.30434782608695,24.130434782608695,8.851082857888645,1,not observed,False,8
2019-04-07,FLAB05,0,37.97826086956522,24.347826086956523,8.851082857888645,1,not observed,False,13
2019-04-12,FLAB05,0,37.65217391304348,24.565217391304348,3.4090446569347703,1,not observed,False,10
2019-04-17,FLAB05,0,37.32608695652174,24.782608695652176,3.4090446569347703,1,not observed,False,5
2019-04-22,FLAB05,0,37.0,25.0,3.4090446569347703,1,not observed,True,0
2019-04-27,FLAB05,0,36.68571428571429,26.357142857142858,18.75031304807417,2,not observed,False,2
2019-05-02,FLAB05,0,37.1,27.3125,18.75031304807417,2,not observed,False,3
2019-05-07,FLAB05,0,38.0,28.0,13.721437992004262,1,not observed,True,0
2019-05-12,FLAB05,0,37.60526315789474,27.736842105263158,13.721437992004262,1,not observed,False,5
2019-05-17,FLAB05,0,37.21052631578947,27.473684210526315,13.721437992004262,1,not observed,False,10
2019-05-22,FLAB05,0,36.81578947368421,27.210526315789473,13.721437992004262,1,not observed,False,15
2019-05-27,FLAB05,0,36.421052631578945,26.94736842105263,13.823639840899956,1,not observed,False,18
2019-06-01,FLAB05,0,36.026315789473685,26.684210526315788,13.823639840899956,1,not observed,False,13
2019-06-06,FLAB05,0,35.631578947368425,26.42105263157895,13.823639840899956,1,not observed,False,8
2019-06-11,FLAB05,0,35.23684210526316,26.157894736842106,13.823639840899956,1,not observed,False,3
2019-06-16,FLAB05,0,35.02622222222222,26.14666666666667,13.823639840899956,1,not observed,False,2
2019-06-21,FLAB05,0,35.09177777777778,26.513333333333332,13.823639840899956,1,not observed,False,7
2019-06-26,FLAB05,0,35.157333333333334,26.88,13.823639840899956,1,not observed,False,12
2019-07-01,FLAB05,0,35.22288888888889,27.246666666666666,13.823639840899956,1,not observed,False,17
2019-07-06,FLAB05,0,35.288444444444444,27.613333333333333,13.823639840899956,1,not observed,False,22
2019-07-11,FLAB05,0,35.354,27.979999999999997,18.75031304807417,2,not observed,False,18
2019-07-16,FLAB05,0,35.41955555555556,28.346666666666664,18.75031304807417,2,not observed,False,13
2019-07-21,FLAB05,0,35.48511111111112,28.71333333333333,18.75031304807417,2,not observed,False,8
2019-07-26,FLAB05,0,35.55066666666667,29.08,18.75031304807417,2,not observed,False,3
2019-07-31,FLAB05,0,35.61256410256411,29.330769230769228,18.75031304807417,2,not observed,False,2
2019-08-05,FLAB05,0,35.66897435897436,29.407692307692304,18.75031304807417,2,not observed,False,7
2019-08-10,FLAB05,0,35.72538461538462,29.48461538461538,18.75031304807417,2,not observed,False,12
2019-08-15,FLAB05,0,35.78179487179487,29.561538461538458,10.887582534672578,1,not observed,False,10
2019-08-20,FLAB05,0,35.83820512820513,29.638461538461538,10.887582534672578,1,not observed,False,5
2019-08-25,FLAB05,0,35.894615384615385,29.715384615384615,10.887582534672578,1,not observed,True,0
2019-08-30,FLAB05,0,35.951025641025645,29.79230769230769,10.887582534672578,1,not observed,False,5
2019-09-04,FLAB05,0,36.0074358974359,29.869230769230768,23.082697195166606,2,not observed,False,2
2019-09-09,FLAB05,0,35.946176470588235,29.778235294117646,23.082697195166606,2,not observed,False,3
2019-09-14,FLAB05,0,35.80647058823529,29.575294117647058,23.082697195166606,2,not observed,False,8
2019-09-19,FLAB05,0,35.66676470588235,29.37235294117647,18.75031304807417,2,not observed,False,4
2019-09-24,FLAB05,0,35.56648648648649,29.192162162162163,18.75031304807417,2,not observed,False,1
2019-09-29,FLAB05,0,35.62391891891892,29.102972972972974,18.75031304807417,2,not observed,False,6
2019-10-04,FLAB05,0,35.68135135135135,29.013783783783783,18.75031304807417,2,not observed,False,11
2019-10-09,FLAB05,0,35.73878378378379,28.924594594594595,18.75031304807417,2,not observed,False,16
2019-10-14,FLAB05,0,35.796216216216216,28.835405405405407,23.082697195166606,2,not observed,False,16
2019-10-19,FLAB05,0,35.85364864864865,28.74621621621622,23.082697195166606,2,not observed,False,11
2019-10-24,FLAB05,0,35.911081081081086,28.657027027027027,23.082697195166606,2,not observed,False,6
2019-10-29,FLAB05,0,35.968513513513514,28.56783783783784,23.082697195166606,2,not observed,False,1
2019-11-03,FLAB05,0,36.0361052631579,28.28578947368421,23.082697195166606,2,not observed,False,4
2019-11-08,FLAB05,0,36.10623684210526,27.955526315789474,23.082697195166606,2,not observed,False,9
2019-11-13,FLAB05,0,36.17636842105263,27.62526315789474,18.75031304807417,2,not observed,False,5
2019-11-18,FLAB05,0,36.2465,27.295,18.75031304807417,2,not observed,True,0
2019-11-23,FLAB05,0,36.228489795918364,27.033775510204084,18.75031304807417,2,not observed,False,5
2019-11-28,FLAB05,0,36.21047959183673,26.772551020408166,18.75031304807417,2,not observed,False,10
2019-12-03,FLAB05,0,36.192469387755104,26.511326530612244,18.75031304807417,2,not observed,False,15
2019-12-08,FLAB05,0,36.17445918367347,26.250102040816326,18.75031304807417,2,not observed,False,20
2019-12-13,FLAB05,0,36.156448979591836,25.98887755102041,18.75031304807417,2,not observed,False,24
2019-12-18,FLAB05,0,36.1384387755102,25.72765306122449,18.75031304807417,2,not observed,False,19
2019-12-23,FLAB05,0,36.12042857142857,25.466428571428573,18.75031304807417,2,not observed,False,14
2019-12-28,FLAB05,0,36.102418367346935,25.20520408163265,18.75031304807417,2,not observed,False,9
2020-01-02,FLAB05,0,36.08440816326531,24.943979591836733,18.75031304807417,2,not observed,False,4
2020-01-07,FLAB05,0,36.163,24.5615,18.75031304807417,2,not observed,False,1
2020-01-12,FLAB05,0,36.628,23.694,13.721437992004262,1,not observed,False,4
2020-01-17,FLAB05,0,36.96666666666667,23.133333333333333,13.721437992004262,1,not observed,False,1
2020-01-22,FLAB05,0,36.8,23.8,13.721437992004262,1,not observed,False,6
2020-01-27,FLAB05,0,36.63333333333333,24.466666666666665,13.721437992004262,1,not observed,False,11
2020-02-01,FLAB05,0,36.46666666666667,25.133333333333333,13.731575008494408,1,not observed,False,14
2020-02-06,FLAB05,0,36.3,25.8,13.731575008494408,1,not observed,False,9
2020-02-11,FLAB05,0,36.13333333333333,26.46666666666667,13.731575008494408,1,not observed,False,4
2020-02-16,FLAB05,0,35.99841521394612,26.996830427892235,13.731575008494408,1,not observed,False,1
2020-02-21,FLAB05,0,35.990491283676704,26.980982567353408,13.731575008494408,1,not observed,False,6
2020-02-26,FLAB05,0,35.98256735340729,26.96513470681458,13.731575008494408,1,not observed,False,11
2020-03-02,FLAB05,333,35.97464342313788,26.949286846275754,13.715483857357002,1,very low,False,9
2020-03-07,FLAB05,333,35.966719492868464,26.933438985736924,13.715483857357002,1,very low,False,4
2020-03-12,FLAB05,333,35.95879556259905,26.917591125198097,13.715483857357002,1,very low,False,1
2020-03-17,FLAB05,333,35.95087163232964,26.90174326465927,13.715483857357002,1,very low,False,6
2020-03-22,FLAB05,333,35.94294770206022,26.885895404120443,13.715483857357002,1,very low,False,11
2020-03-27,FLAB05,333,35.93502377179081,26.870047543581617,13.715483857357002,1,very low,False,16
2020-04-01,FLAB05,333,35.9270998415214,26.85419968304279,13.715483857357002,1,very low,False,21
2020-04-06,FLAB05,333,35.91917591125198,26.838351822503963,13.715483857357002,1,very low,False,26
2021-10-08,FLAB05,0,35.04754358161648,25.095087163232964,13.893907433925719,1,not observed,False,30
2021-10-13,FLAB05,0,35.03961965134707,25.079239302694138,13.893907433925719,1,not observed,False,25
2021-10-18,FLAB05,0,35.031695721077654,25.063391442155307,13.893907433925719,1,not observed,False,20
2021-10-23,FLAB05,0,35.02377179080824,25.04754358161648,13.893907433925719,1,not observed,False,15
2021-10-28,FLAB05,0,35.01584786053883,25.031695721077654,13.893907433925719,1,not observed,False,10
2021-11-02,FLAB05,0,35.00792393026941,25.015847860538827,13.893907433925719,1,not observed,False,5
2021-11-07,FLAB05,0,35.0,25.0,13.893907433925719,1,not observed,True,0
2021-11-12,FLAB05,0,35.30487804878049,24.9390243902439,13.893907433925719,1,not observed,False,5
2021-11-17,FLAB05,0,35.609756097560975,24.878048780487806,13.893907433925719,1,not observed,False,10
2021-11-22,FLAB05,0,35.91463414634146,24.817073170731707,13.893907433925719,1,not observed,False,15
2021-11-27,FLAB05,0,36.21951219512195,24.75609756097561,13.893907433925719,1,not observed,False,20
2021-12-02,FLAB05,0,36.52439024390244,24.695121951219512,13.893907433925719,1,not observed,False,25
2021-12-07,FLAB05,0,36.829268292682926,24.634146341463413,13.893907433925719,1,not observed,False,30
2022-01-01,FLAB05,0,38.353658536585364,24.329268292682926,13.880591784593493,1,not observed,False,27
2022-01-06,FLAB05,0,38.65853658536585,24.26829268292683,13.880591784593493,1,not observed,False,22
2022-01-11,FLAB05,0,38.96341463414634,24.20731707317073,13.880591784593493,1,not observed,False,17
2022-01-16,FLAB05,0,39.26829268292683,24.146341463414632,13.880591784593493,1,not observed,False,12
2022-01-21,FLAB05,0,39.573170731707314,24.085365853658537,13.880591784593493,1,not observed,False,7
2022-01-26,FLAB05,0,39.8780487804878,24.024390243902438,13.880591784593493,1,not observed,False,2
2022-01-31,FLAB05,0,39.88742268041237,24.191752577319587,13.880591784593493,1,not observed,False,3
2022-02-05,FLAB05,0,39.69979381443299,24.511340206185565,13.880591784593493,1,not observed,False,8
2022-02-10,FLAB05,0,39.51216494845361,24.830927835051547,13.880591784593493,1,not observed,False,13
2022-02-15,FLAB05,0,39.324536082474225,25.150515463917525,13.880591784593493,1,not observed,False,18
2022-02-20,FLAB05,0,39.13690721649485,25.470103092783503,13.880591784593493,1,not observed,False,23
2022-02-25,FLAB05,0,38.94927835051546,25.789690721649485,13.880591784593493,1,not observed,False,28
2022-04-06,FLAB05,0,37.44824742268041,28.34639175257732,4.230852725013107,1,not observed,False,29
2022-04-11,FLAB05,0,37.26061855670103,28.6659793814433,4.230852725013107,1,not observed,False,24
2022-04-16,FLAB05,0,37.07298969072165,28.98556701030928,4.230852725013107,1,not observed,False,19
2022-04-21,FLAB05,0,36.885360824742264,29.305154639175257,4.230852725013107,1,not observed,False,14
2022-04-26,FLAB05,0,36.69773195876289,29.62474226804124,4.230852725013107,1,not observed,False,9
2022-05-01,FLAB05,0,36.5101030927835,29.944329896907217,4.230852725013107,1,not observed,False,4
2022-05-06,FLAB05,0,36.266666666666666,30.11111111111111,4.230852725013107,1,not observed,False,1
2022-05-11,FLAB05,0,35.8,29.666666666666664,4.230852725013107,1,not observed,False,6
2022-05-16,FLAB05,0,35.333333333333336,29.22222222222222,4.230852725013107,1,not observed,False,11
2022-05-21,FLAB05,0,34.86666666666667,28.77777777777778,4.230852725013107,1,not observed,False,16
2022-05-26,FLAB05,0,34.4,28.333333333333332,13.69239299514323,1,not observed,False,15
2022-05-31,FLAB05,0,33.93333333333333,27.88888888888889,13.69239299514323,1,not observed,False,10
2022-06-05,FLAB05,0,33.46666666666667,27.444444444444443,13.69239299514323,1,not observed,False,5
2022-06-10,FLAB05,0,33.0,27.0,13.69239299514323,1,not observed,True,0
2022-06-15,FLAB05,0,33.458,27.09,13.69239299514323,1,not observed,False,5
2022-06-20,FLAB05,0,33.916,27.18,13.69239299514323,1,not observed,False,10
2022-06-25,FLAB05,0,34.374,27.27,13.69239299514323,1,not observed,False,15
2022-06-30,FLAB05,0,34.832,27.36,13.69239299514323,1,not observed,False,20
2022-07-05,FLAB05,0,35.29,27.45,13.69239299514323,1,not observed,False,25
2022-07-10,FLAB05,0,35.748,27.54,4.194073624418208,1,not observed,False,20
2022-07-15,FLAB05,0,36.205999999999996,27.63,4.194073624418208,1,not observed,False,15
2022-07-20,FLAB05,0,36.664,27.72,4.194073624418208,1,not observed,False,10
2022-07-25,FLAB05,0,37.122,27.81,4.194073624418208,1,not observed,False,5
2022-07-30,FLAB05,0,37.58,27.9,4.194073624418208,1,not observed,True,0
2022-08-04,FLAB05,0,31.263333333333332,31.316666666666666,13.8811971999699,1,not observed,False,1
2022-08-09,FLAB05,0,30.0,31.636363636363637,13.8811971999699,1,not observed,False,4
2022-08-14,FLAB05,0,30.0,31.181818181818183,13.8811971999699,1,not observed,False,9
2022-08-19,FLAB05,0,30.0,30.727272727272727,13.8811971999699,1,not observed,False,14
2022-08-24,FLAB05,0,30.0,30.272727272727273,13.8811971999699,1,not observed,False,19
2022-08-29,FLAB05,0,30.0,29.81818181818182,13.8811971999699,1,not observed,False,24
2022-09-03,FLAB05,0,30.0,29.363636363636363,13.8811971999699,1,not observed,False,29
2022-09-13,FLAB05,0,30.0,28.454545454545453,14.25941443027724,1,not observed,False,27
2022-09-18,FLAB05,0,30.0,28.0,14.25941443027724,1,not observed,False,22
2022-09-23,FLAB05,0,30.0,27.545454545454547,14.25941443027724,1,not observed,False,17
2022-09-28,FLAB05,0,30.0,27.090909090909093,14.25941443027724,1,not observed,False,12
2022-10-03,FLAB05,0,30.0,26.636363636363637,14.25941443027724,1,not observed,False,7
2022-10-08,FLAB05,0,30.0,26.181818181818183,14.25941443027724,1,not observed,False,2
2022-10-13,FLAB05,0,30.63157894736842,26.07894736842105,14.25941443027724,1,not observed,False,3
2022-10-18,FLAB05,0,31.68421052631579,26.210526315789473,14.25941443027724,1,not observed,False,8
2022-10-23,FLAB05,0,32.73684210526316,26.342105263157894,14.25941443027724,1,not observed,False,13
2022-10-28,FLAB05,0,33.78947368421053,26.473684210526315,14.25941443027724,1,not observed,False,18
2022-11-02,FLAB05,0,34.8421052631579,26.605263157894736,13.853944651004836,1,not observed,False,15
2022-11-07,FLAB05,0,35.89473684210526,26.736842105263158,13.853944651004836,1,not observed,False,10
2022-11-12,FLAB05,0,36.94736842105263,26.86842105263158,13.853944651004836,1,not observed,False,5
2022-11-17,FLAB05,0,38.0,27.0,13.853944651004836,1,not observed,True,0
2022-11-22,FLAB05,0,37.787234042553195,26.9468085106383,13.853944651004836,1,not observed,False,5
2022-11-27,FLAB05,0,37.57446808510638,26.893617021276597,13.853944651004836,1,not observed,False,10
2022-12-02,FLAB05,0,37.361702127659576,26.840425531914892,13.853944651004836,1,not observed,False,15
2022-12-07,FLAB05,0,37.148936170212764,26.78723404255319,13.853944651004836,1,not observed,False,20
2022-12-12,FLAB05,0,36.93617021276596,26.73404255319149,13.853944651004836,1,not observed,False,25
2022-12-17,FLAB05,0,36.723404255319146,26.680851063829788,13.853944651004836,1,not observed,False,30
2023-01-21,FLAB05,0,35.234042553191486,26.30851063829787,14.000915233458839,1,not observed,False,29
2023-01-26,FLAB05,0,35.02127659574468,26.25531914893617,14.000915233458839,1,not observed,False,24
2023-01-31,FLAB05,0,34.808510638297875,26.20212765957447,14.000915233458839,1,not observed,False,19
2023-02-05,FLAB05,0,34.59574468085106,26.148936170212767,14.000915233458839,1,not observed,False,14
2023-02-10,FLAB05,0,34.38297872340426,26.095744680851062,14.000915233458839,1,not observed,False,9
2023-02-15,FLAB05,0,34.170212765957444,26.04255319148936,14.000915233458839,1,not observed,False,4
2023-02-20,FLAB05,0,34.03333333333333,25.833333333333332,14.000915233458839,1,not observed,False,1
2023-02-25,FLAB05,0,34.2,25.0,14.000915233458839,1,not observed,False,6
2023-03-02,FLAB05,0,34.36666666666667,24.166666666666668,14.000915233458839,1,not observed,False,11
2023-03-07,FLAB05,0,34.53333333333333,23.333333333333332,13.692763839294468,1,not observed,False,14
2023-03-12,FLAB05,0,34.7,22.5,13.692763839294468,1,not observed,False,9
2023-03-17,FLAB05,0,34.86666666666667,21.666666666666668,13.692763839294468,1,not observed,False,4
2023-03-22,FLAB05,0,35.0,21.153846153846153,13.692763839294468,1,not observed,False,1
2023-03-27,FLAB05,0,35.0,21.923076923076923,13.692763839294468,1,not observed,False,6
2023-04-01,FLAB05,0,35.0,22.692307692307693,13.692763839294468,1,not observed,False,11
2023-04-06,FLAB05,0,35.0,23.46153846153846,13.692763839294468,1,not observed,False,16
2023-04-11,FLAB05,0,35.0,24.23076923076923,13.893907433925719,1,not observed,False,18
2023-04-16,FLAB05,0,35.0,25.0,13.893907433925719,1,not observed,False,13
2023-04-21,FLAB05,0,35.0,25.76923076923077,13.893907433925719,1,not observed,False,8
2023-04-26,FLAB05,0,35.0,26.53846153846154,13.893907433925719,1,not observed,False,3
2023-05-01,FLAB05,0,35.0,27.037037037037038,13.893907433925719,1,not observed,False,2
2023-05-06,FLAB05,0,35.0,27.12962962962963,13.893907433925719,1,not observed,False,7
2023-05-11,FLAB05,0,35.0,27.22222222222222,13.893907433925719,1,not observed,False,12
2023-05-16,FLAB05,0,35.0,27.314814814814813,13.893907433925719,1,not observed,False,17
2023-05-21,FLAB05,0,35.0,27.40740740740741,13.893907433925719,1,not observed,False,22
2023-05-26,FLAB05,0,35.0,27.5,13.893907433925719,1,not observed,False,27
2023-05-31,FLAB05,0,35.0,27.59259259259259,21.7970217254769,1,not observed,False,22
2023-06-05,FLAB05,0,35.0,27.685185185185183,21.7970217254769,1,not observed,False,17
2023-06-10,FLAB05,0,35.0,27.77777777777778,21.7970217254769,1,not observed,False,12
2023-06-15,FLAB05,0,35.0,27.87037037037037,21.7970217254769,1,not observed,False,7
2023-06-20,FLAB05,0,35.0,27.962962962962962,21.7970217254769,1,not observed,False,2
2023-06-25,FLAB05,0,34.83441558441559,27.882467532467533,21.7970217254769,1,not observed,False,3
2023-06-30,FLAB05,0,34.55844155844156,27.686580086580086,21.7970217254769,1,not observed,False,8
2023-07-05,FLAB05,0,34.282467532467535,27.49069264069264,21.7970217254769,1,not observed,False,13
2023-07-10,FLAB05,0,34.006493506493506,27.294805194805196,21.7970217254769,1,not observed,False,18
2023-07-15,FLAB05,0,33.73051948051948,27.09891774891775,21.7970217254769,1,not observed,False,23
2023-07-20,FLAB05,0,33.45454545454545,26.903030303030302,21.7970217254769,1,not observed,False,28
2024-01-11,FLAB05,0,23.795454545454547,20.046969696969697,3.71982912990857,2,not observed,False,28
2024-01-16,FLAB05,0,23.51948051948052,19.85108225108225,3.71982912990857,2,not observed,False,23
2024-01-21,FLAB05,0,23.243506493506494,19.655194805194803,3.71982912990857,2,not observed,False,18
2024-01-26,FLAB05,0,22.967532467532468,19.45930735930736,3.71982912990857,2,not observed,False,13
2024-01-31,FLAB05,0,22.691558441558442,19.26341991341991,3.71982912990857,2,not observed,False,8
2024-02-05,FLAB05,0,22.415584415584416,19.067532467532466,3.71982912990857,2,not observed,False,3
2024-02-10,FLAB05,0,22.42142857142857,19.07857142857143,3.71982912990857,2,not observed,False,2
2024-02-15,FLAB05,0,22.85,19.4,3.71982912990857,2,not observed,False,7
2024-02-20,FLAB05,0,23.27857142857143,19.72142857142857,3.7428957829586436,2,not observed,False,2
2017-10-17,FLAB06,0,,,3.573287397084865,1,not observed,True,0
2017-10-12,FLAB10,0,,,3.15432024317072,1,not observed,True,0
2017-10-13,FLAB11,0,,,4.135959320616059,2,not observed,True,0
2017-10-13,FLAB12,0,,,3.512931175363547,1,not observed,True,0
2017-10-18,FLAB12,0,,,3.512931175363547,1,not observed,False,5
2017-10-23,FLAB12,0,,,3.512931175363547,1,not observed,False,10
2017-10-28,FLAB12,0,,,3.512931175363547,1,not observed,False,15
2017-11-02,FLAB12,0,,,3.512931175363547,1,not observed,False,20
2017-11-07,FLAB12,0,,,3.512931175363547,1,not observed,False,25
2017-11-12,FLAB12,0,,,3.512931175363547,1,not observed,False,30
2019-10-13,FLAB12,0,,,1.565082678350272,1,not observed,False,30
2019-10-18,FLAB12,0,,,1.565082678350272,1,not observed,False,25
2019-10-23,FLAB12,0,,,1.565082678350272,1,not observed,False,20
2019-10-28,FLAB12,0,,,1.565082678350272,1,not observed,False,15
2019-11-02,FLAB12,0,,,1.565082678350272,1,not observed,False,10
2019-11-07,FLAB12,0,,,1.565082678350272,1,not observed,False,5
2019-11-12,FLAB12,0,37.02,24.55,1.565082678350272,1,not observed,True,0
2016-09-30,FLAB13,0,,,0.939976533148721,1,not observed,True,0
2016-10-05,FLAB13,0,,,0.939976533148721,1,not observed,False,5
2016-10-10,FLAB13,0,,,0.939976533148721,1,not observed,False,10
2016-10-15,FLAB13,0,,,2.412376916494803,1,not observed,False,5
2016-10-20,FLAB13,0,,,2.412376916494803,1,not observed,True,0
2016-10-25,FLAB13,0,,,1.4743249978399275,1,not observed,False,4
2016-10-30,FLAB13,0,,,1.4743249978399275,1,not observed,False,9
2016-11-04,FLAB13,0,,,1.4743249978399275,1,not observed,False,14
2016-11-09,FLAB13,0,,,1.4743249978399275,1,not observed,False,19
2016-11-14,FLAB13,0,,,1.4743249978399275,1,not observed,False,24
2016-11-19,FLAB13,0,,,1.4743249978399275,1,not observed,False,29
2016-12-04,FLAB13,0,,,1.4824010055976193,1,not observed,False,30
2016-12-09,FLAB13,0,,,1.4824010055976193,1,not observed,False,25
2016-12-14,FLAB13,0,,,1.4824010055976193,1,not observed,False,20
2016-12-19,FLAB13,0,,,1.4824010055976193,1,not observed,False,15
2016-12-24,FLAB13,0,,,1.4824010055976193,1,not observed,False,10
2016-12-29,FLAB13,0,,,1.4824010055976193,1,not observed,False,5
2017-01-03,FLAB13,0,29.9,26.22,1.4824010055976193,1,not observed,True,0
2017-01-08,FLAB13,0,29.932738095238093,26.236071428571428,1.4824010055976193,1,not observed,False,5
2017-01-13,FLAB13,0,29.96547619047619,26.252142857142857,1.4824010055976193,1,not observed,False,10
2017-01-18,FLAB13,0,29.998214285714283,26.268214285714283,1.4824010055976193,1,not observed,False,15
2017-01-23,FLAB13,0,30.030952380952378,26.284285714285712,1.4824010055976193,1,not observed,False,20
2017-01-28,FLAB13,0,30.063690476190473,26.30035714285714,1.4824010055976193,1,not observed,False,25
2017-02-02,FLAB13,0,30.09642857142857,26.31642857142857,1.4824010055976193,1,not observed,False,30
2017-09-15,FLAB13,0,31.569642857142856,27.039642857142855,1.7674667507521127,2,not observed,False,29
2017-09-20,FLAB13,0,31.60238095238095,27.055714285714284,1.7674667507521127,2,not observed,False,24
2017-09-25,FLAB13,0,31.635119047619046,27.071785714285713,1.7674667507521127,2,not observed,False,19
2017-09-30,FLAB13,0,31.66785714285714,27.087857142857143,1.7674667507521127,2,not observed,False,14
2017-10-05,FLAB13,0,31.700595238095236,27.103928571428572,1.7674667507521127,2,not observed,False,9
2017-10-10,FLAB13,0,31.73333333333333,27.119999999999997,1.7674667507521127,2,not observed,False,4
2017-10-15,FLAB13,0,31.766071428571426,27.136071428571427,1.7674667507521127,2,not observed,False,1
2017-10-20,FLAB13,0,31.79880952380952,27.152142857142856,1.7674667507521127,2,not observed,False,6
2017-10-25,FLAB13,0,31.83154761904762,27.168214285714285,1.7674667507521127,2,not observed,False,11
2017-10-30,FLAB13,0,31.864285714285714,27.184285714285714,1.7674667507521127,2,not observed,False,16
2017-11-04,FLAB13,0,31.89702380952381,27.200357142857143,1.7674667507521127,2,not observed,False,21
2017-11-09,FLAB13,0,31.929761904761904,27.21642857142857,1.7674667507521127,2,not observed,False,26
2018-10-10,FLAB13,0,34.12321428571428,28.293214285714285,2.551157099259798,2,not observed,False,27
2018-10-15,FLAB13,0,34.15595238095238,28.309285714285714,2.551157099259798,2,not observed,False,22
2018-10-20,FLAB13,0,34.18869047619047,28.325357142857143,2.551157099259798,2,not observed,False,17
2018-10-25,FLAB13,0,34.22142857142857,28.341428571428573,2.551157099259798,2,not observed,False,12
2018-10-30,FLAB13,0,34.25416666666666,28.357499999999998,2.551157099259798,2,not observed,False,7
2018-11-04,FLAB13,0,34.28690476190476,28.373571428571427,2.551157099259798,2,not observed,False,2
2018-11-09,FLAB13,0,34.349164420485174,28.35598382749326,2.551157099259798,2,not observed,False,3
2018-11-14,FLAB13,0,34.4311051212938,28.31595687331536,2.551157099259798,2,not observed,False,8
2018-11-19,FLAB13,0,34.51304582210242,28.275929919137464,2.551157099259798,2,not observed,False,13
2018-11-24,FLAB13,0,34.59498652291105,28.235902964959568,2.551157099259798,2,not observed,False,18
2018-11-29,FLAB13,0,34.67692722371967,28.19587601078167,2.551157099259798,2,not observed,False,23
2018-12-04,FLAB13,0,34.758867924528296,28.155849056603774,2.551157099259798,2,not observed,False,28
2019-10-15,FLAB13,0,39.921132075471704,25.634150943396225,2.43007383368136,1,not observed,False,28
2019-10-20,FLAB13,0,40.00307277628033,25.59412398921833,2.43007383368136,1,not observed,False,23
2019-10-25,FLAB13,0,40.08501347708895,25.55409703504043,2.43007383368136,1,not observed,False,18
2019-10-30,FLAB13,0,40.16695417789758,25.514070080862535,2.43007383368136,1,not observed,False,13
2019-11-04,FLAB13,0,40.2488948787062,25.474043126684634,2.43007383368136,1,not observed,False,8
2019-11-09,FLAB13,0,40.330835579514826,25.434016172506738,2.43007383368136,1,not observed,False,3
2016-10-21,FLAB14,0,,,1.6500492588733,1,not observed,True,0
2016-10-26,FLAB14,0,,,1.6500492588733,1,not observed,False,5
2016-10-31,FLAB14,0,,,1.6500492588733,1,not observed,False,10
2016-11-05,FLAB14,0,,,1.6500492588733,1,not observed,False,15
2016-11-10,FLAB14,0,,,1.6500492588733,1,not observed,False,20
2016-11-15,FLAB14,0,,,1.6517421990060945,1,not observed,False,23
2016-11-20,FLAB14,0,,,1.6517421990060945,1,not observed,False,18
2016-11-25,FLAB14,0,,,1.6517421990060945,1,not observed,False,13
2016-11-30,FLAB14,0,,,1.6517421990060945,1,not observed,False,8
2016-12-05,FLAB14,0,,,1.6517421990060945,1,not observed,False,3
2016-12-10,FLAB14,0,,,1.6517421990060945,1,not observed,False,2
2016-12-15,FLAB14,0,,,1.6517421990060945,1,not observed,False,7
2016-12-20,FLAB14,0,,,1.6517421990060945,1,not observed,False,12
2016-12-25,FLAB14,0,,,1.6491285511491238,1,not observed,False,9
2016-12-30,FLAB14,0,,,1.6491285511491238,1,not observed,False,4
2017-01-04,FLAB14,0,29.43769894534995,24.23145413870246,1.6491285511491238,1,not observed,False,1
2017-01-09,FLAB14,0,29.47619367209971,24.238724832214764,1.6491285511491238,1,not observed,False,6
2017-01-14,FLAB14,0,29.514688398849472,24.24599552572707,1.6491285511491238,1,not observed,False,11
2017-01-19,FLAB14,0,29.553183125599233,24.253266219239375,1.6491285511491238,1,not observed,False,16
2017-01-24,FLAB14,0,29.591677852348994,24.26053691275168,1.6491285511491238,1,not observed,False,21
2017-01-29,FLAB14,0,29.630172579098755,24.267807606263982,1.6491285511491238,1,not observed,False,26
2019-09-26,FLAB14,0,37.09814956855225,25.678322147651006,1.647884846233251,2,not observed,False,26
2019-10-01,FLAB14,0,37.13664429530201,25.68559284116331,1.647884846233251,2,not observed,False,21
2019-10-06,FLAB14,0,37.17513902205177,25.692863534675617,1.647884846233251,2,not observed,False,16
2019-10-11,FLAB14,0,37.213633748801534,25.70013422818792,1.647884846233251,2,not observed,False,11
2019-10-16,FLAB14,0,37.252128475551295,25.707404921700224,1.647884846233251,2,not observed,False,6
2019-10-21,FLAB14,0,37.290623202301056,25.714675615212528,1.647884846233251,2,not observed,False,1
2019-10-26,FLAB14,0,37.32911792905082,25.72194630872483,1.647884846233251,2,not observed,False,4
2019-10-31,FLAB14,0,37.36761265580058,25.729217002237135,1.647884846233251,2,not observed,False,9
2019-11-05,FLAB14,0,37.40610738255034,25.73648769574944,3.144462404839827,3,not observed,False,7
2019-11-10,FLAB14,0,37.44460210930009,25.743758389261746,3.144462404839827,3,not observed,False,2
2016-09-29,FLAB15,0,,,5.774254795013835,1,not observed,True,0
2016-10-04,FLAB15,0,,,3.6721286739489534,2,not observed,False,4
2016-10-09,FLAB15,0,,,3.6721286739489534,2,not observed,False,9
2016-10-14,FLAB15,0,,,3.6721286739489534,2,not observed,False,14
2016-10-19,FLAB15,0,,,1.249105807175544,1,not observed,False,16
2016-10-24,FLAB15,0,,,1.249105807175544,1,not observed,False,11
2016-10-29,FLAB15,0,,,1.249105807175544,1,not observed,False,6
2016-11-03,FLAB15,0,,,1.249105807175544,1,not observed,False,1
2016-11-08,FLAB15,0,,,1.249105807175544,1,not observed,False,4
2016-11-13,FLAB15,0,,,1.249105807175544,1,not observed,False,9
2016-11-18,FLAB15,0,,,1.249105807175544,1,not observed,False,14
2016-11-23,FLAB15,0,,,1.249105807175544,1,not observed,False,19
2016-11-28,FLAB15,0,,,1.249105807175544,1,not observed,False,24
2016-12-03,FLAB15,0,,,1.249105807175544,1,not observed,False,29
2017-01-17,FLAB15,0,,,1.249105807175544,1,not observed,False,29
2017-01-22,FLAB15,0,,,1.249105807175544,1,not observed,False,24
2017-01-27,FLAB15,0,,,1.249105807175544,1,not observed,False,19
2017-02-01,FLAB15,0,,,1.249105807175544,1,not observed,False,14
2017-02-06,FLAB15,0,,,1.249105807175544,1,not observed,False,9
2017-02-11,FLAB15,0,,,1.249105807175544,1,not observed,False,4
2017-02-16,FLAB15,0,,,1.249105807175544,1,not observed,False,1
2017-02-21,FLAB15,0,,,1.249105807175544,1,not observed,False,6
2017-02-26,FLAB15,0,,,1.249105807175544,1,not observed,False,11
2017-03-03,FLAB15,0,,,1.249105807175544,1,not observed,False,16
2017-03-08,FLAB15,0,,,1.249105807175544,1,not observed,False,21
2017-03-13,FLAB15,0,,,0.7482262133899789,1,not observed,False,18
2017-03-18,FLAB15,0,,,0.7482262133899789,1,not observed,False,13
2017-03-23,FLAB15,0,,,0.7482262133899789,1,not observed,False,8
2017-03-28,FLAB15,0,,,0.7482262133899789,1,not observed,False,3
2017-04-02,FLAB15,0,40.27263157894737,26.184210526315788,0.7482262133899789,1,not observed,False,2
2017-04-07,FLAB15,0,40.67921052631579,26.36973684210526,0.7482262133899789,1,not observed,False,7
2017-04-12,FLAB15,0,41.08578947368421,26.555263157894736,0.7482262133899789,1,not observed,False,12
2017-04-17,FLAB15,0,41.49236842105263,26.74078947368421,0.7482262133899789,1,not observed,False,17
2017-04-22,FLAB15,0,41.898947368421055,26.926315789473684,0.7436979784461524,1,not observed,False,16
2017-04-27,FLAB15,0,42.30552631578948,27.111842105263158,0.7436979784461524,1,not observed,False,11
2017-05-02,FLAB15,0,42.712105263157895,27.29736842105263,0.7436979784461524,1,not observed,False,6
2017-05-07,FLAB15,0,43.11868421052632,27.482894736842105,0.7436979784461524,1,not observed,False,1
2017-05-12,FLAB15,0,43.15897623400366,27.52402193784278,1.249105807175544,1,not observed,False,1
2017-05-17,FLAB15,0,43.10769652650823,27.529049360146253,1.249105807175544,1,not observed,False,4
2017-05-22,FLAB15,0,43.0564168190128,27.534076782449727,1.249105807175544,1,not observed,False,9
2017-05-27,FLAB15,0,43.00513711151737,27.539104204753198,1.249105807175544,1,not observed,False,14
2017-06-01,FLAB15,0,42.95385740402194,27.54413162705667,1.249105807175544,1,not observed,False,19
2017-06-06,FLAB15,0,42.902577696526514,27.549159049360146,1.249105807175544,1,not observed,False,24
2017-06-11,FLAB15,0,42.85129798903108,27.55418647166362,1.249105807175544,1,not observed,False,29
2017-09-14,FLAB15,0,41.87698354661792,27.649707495429617,2.745412313167595,2,not observed,False,30
2017-09-19,FLAB15,0,41.82570383912249,27.65473491773309,2.745412313167595,2,not observed,False,25
2017-09-24,FLAB15,0,41.77442413162706,27.65976234003656,2.745412313167595,2,not observed,False,20
2017-09-29,FLAB15,0,41.72314442413163,27.664789762340035,2.745412313167595,2,not observed,False,15
2017-10-04,FLAB15,0,41.6718647166362,27.66981718464351,2.745412313167595,2,not observed,False,10
2017-10-09,FLAB15,0,41.62058500914077,27.674844606946984,2.745412313167595,2,not observed,False,5
2017-10-14,FLAB15,0,41.56930530164534,27.679872029250458,2.745412313167595,2,not observed,True,0
2017-10-19,FLAB15,0,41.51802559414991,27.68489945155393,2.745412313167595,2,not observed,False,5
2017-10-24,FLAB15,0,41.46674588665448,27.689926873857402,2.745412313167595,2,not observed,False,10
2017-10-29,FLAB15,0,41.415466179159054,27.694954296160876,2.745412313167595,2,not observed,False,15
2017-11-03,FLAB15,0,41.36418647166362,27.69998171846435,2.745412313167595,2,not observed,False,20
2017-11-08,FLAB15,0,41.31290676416819,27.705009140767825,2.745412313167595,2,not observed,False,25
2017-11-13,FLAB15,0,41.261627056672765,27.7100365630713,2.745412313167595,2,not observed,False,30
2018-10-09,FLAB15,0,37.87716636197441,28.04184643510055,1.120738117236958,1,not observed,False,28
2018-10-14,FLAB15,0,37.82588665447898,28.046873857404023,1.120738117236958,1,not observed,False,23
2018-10-19,FLAB15,0,37.77460694698355,28.051901279707497,1.120738117236958,1,not observed,False,18
2018-10-24,FLAB15,0,37.72332723948812,28.056928702010968,1.120738117236958,1,not observed,False,13
2018-10-29,FLAB15,0,37.67204753199269,28.06195612431444,1.120738117236958,1,not observed,False,8
2018-11-03,FLAB15,0,37.620767824497264,28.066983546617916,1.120738117236958,1,not observed,False,3
2018-11-08,FLAB15,0,37.59815363881402,28.055161725067386,1.120738117236958,1,not observed,False,2
2018-11-13,FLAB15,0,37.61853773584906,28.01806603773585,1.120738117236958,1,not observed,False,7
2018-11-18,FLAB15,0,37.6389218328841,27.980970350404313,1.120738117236958,1,not observed,False,12
2018-11-23,FLAB15,0,37.65930592991914,27.943874663072776,1.120738117236958,1,not observed,False,17
2018-11-28,FLAB15,0,37.679690026954184,27.90677897574124,1.120738117236958,1,not observed,False,22
2018-12-03,FLAB15,0,37.700074123989225,27.869683288409703,1.120738117236958,1,not observed,False,27
2019-09-24,FLAB15,0,38.902735849056604,25.681037735849056,1.249105807175544,1,not observed,False,28
2019-09-29,FLAB15,0,38.923119946091646,25.64394204851752,1.249105807175544,1,not observed,False,23
2019-10-04,FLAB15,0,38.94350404312669,25.606846361185983,1.249105807175544,1,not observed,False,18
2019-10-09,FLAB15,0,38.96388814016172,25.569750673854447,1.249105807175544,1,not observed,False,13
2019-10-14,FLAB15,0,38.98427223719676,25.53265498652291,1.249105807175544,1,not observed,False,8
2019-10-19,FLAB15,0,39.004656334231804,25.495559299191374,1.249105807175544,1,not observed,False,3
2019-10-24,FLAB15,0,39.025040431266845,25.458463611859838,1.249105807175544,1,not observed,False,2
2019-10-29,FLAB15,0,39.045424528301886,25.4213679245283,1.249105807175544,1,not observed,False,7
2019-11-03,FLAB15,0,39.06580862533693,25.384272237196765,3.8607478683621492,4,not observed,False,9
2019-11-08,FLAB15,0,39.08619272237197,25.347176549865228,3.8607478683621492,4,not observed,False,4
2017-05-08,FLAB16,0,41.59,26.64,3.3482294006749598,1,not observed,True,0
2017-05-13,FLAB16,0,41.5525173852573,26.685776566757493,3.3482294006749598,1,not observed,False,5
2017-05-18,FLAB16,0,41.51503477051461,26.731553133514986,3.3482294006749598,1,not observed,False,10
2017-05-23,FLAB16,0,41.47755215577191,26.77732970027248,3.3482294006749598,1,not observed,False,15
2017-05-28,FLAB16,0,41.44006954102921,26.823106267029974,3.3482294006749598,1,not observed,False,20
2017-06-02,FLAB16,0,41.40258692628651,26.868882833787467,3.3482294006749598,1,not observed,False,25
2017-06-07,FLAB16,0,41.36510431154382,26.91465940054496,3.3482294006749598,1,not observed,False,30
2017-09-15,FLAB16,0,40.61545201668985,27.830190735694824,4.838679197977025,1,not observed,False,26
2017-09-20,FLAB16,0,40.57796940194715,27.875967302452317,4.838679197977025,1,not observed,False,21
2017-09-25,FLAB16,0,40.54048678720445,27.92174386920981,4.838679197977025,1,not observed,False,16
2017-09-30,FLAB16,0,40.50300417246176,27.9675204359673,4.838679197977025,1,not observed,False,11
2017-10-05,FLAB16,0,40.46552155771906,28.013297002724798,4.838679197977025,1,not observed,False,6
2017-10-10,FLAB16,0,40.42803894297636,28.05907356948229,4.838679197977025,1,not observed,False,1
2017-10-15,FLAB16,0,40.390556328233664,28.104850136239783,4.838679197977025,1,not observed,False,4
2017-10-20,FLAB16,0,40.353073713490964,28.150626702997275,4.838679197977025,1,not observed,False,9
2017-10-25,FLAB16,0,40.315591098748264,28.196403269754768,4.838679197977025,1,not observed,False,14
2017-10-30,FLAB16,0,40.278108484005564,28.24217983651226,4.838679197977025,1,not observed,False,19
2017-11-04,FLAB16,0,40.24062586926287,28.287956403269757,4.838679197977025,1,not observed,False,24
2017-11-09,FLAB16,0,40.20314325452017,28.33373297002725,4.838679197977025,1,not observed,False,29
2018-01-08,FLAB16,0,39.75335187760779,28.883051771117167,3.3383193674124536,1,not observed,False,28
2018-01-13,FLAB16,0,39.71586926286509,28.92882833787466,3.3383193674124536,1,not observed,False,23
2018-01-18,FLAB16,0,39.6783866481224,28.97460490463215,3.3383193674124536,1,not observed,False,18
2018-01-23,FLAB16,0,39.6409040333797,29.020381471389648,3.3383193674124536,1,not observed,False,13
2018-01-28,FLAB16,0,39.603421418637,29.06615803814714,3.3383193674124536,1,not observed,False,8
2018-02-02,FLAB16,0,39.5659388038943,29.111934604904633,3.3383193674124536,1,not observed,False,3
2018-02-07,FLAB16,0,39.528456189151605,29.157711171662125,3.3383193674124536,1,not observed,False,2
2018-02-12,FLAB16,0,39.490973574408905,29.203487738419618,3.3383193674124536,1,not observed,False,7
2018-02-17,FLAB16,0,39.453490959666205,29.24926430517711,3.3383193674124536,1,not observed,False,12
2018-02-22,FLAB16,0,39.41600834492351,29.295040871934606,3.3383193674124536,1,not observed,False,17
2018-02-27,FLAB16,0,39.37852573018081,29.3408174386921,3.3383193674124536,1,not observed,False,22
2018-03-04,FLAB16,0,39.34104311543811,29.38659400544959,3.3383193674124536,1,not observed,False,27
2018-04-13,FLAB16,0,39.041182197496525,29.752806539509535,2.3349712574084087,1,not observed,False,27
2018-04-18,FLAB16,0,39.003699582753825,29.79858310626703,2.3349712574084087,1,not observed,False,22
2018-04-23,FLAB16,0,38.96621696801113,29.844359673024524,2.3349712574084087,1,not observed,False,17
2018-04-28,FLAB16,0,38.92873435326843,29.890136239782017,2.3349712574084087,1,not observed,False,12
2018-05-03,FLAB16,0,38.89125173852573,29.93591280653951,2.3349712574084087,1,not observed,False,7
2018-05-08,FLAB16,0,38.85376912378304,29.981689373297,2.3349712574084087,1,not observed,False,2
2018-05-13,FLAB16,0,38.81628650904034,29.999573863636364,2.3349712574084087,1,not observed,False,3
2018-05-18,FLAB16,0,38.77880389429764,29.998863636363637,2.3349712574084087,1,not observed,False,8
2018-05-23,FLAB16,0,38.74132127955494,29.99815340909091,2.3349712574084087,1,not observed,False,13
2018-05-28,FLAB16,0,38.703838664812245,29.99744318181818,2.3349712574084087,1,not observed,False,18
2018-06-02,FLAB16,0,38.666356050069545,29.996732954545454,2.3349712574084087,1,not observed,False,23
2018-06-07,FLAB16,0,38.628873435326845,29.996022727272727,2.3349712574084087,1,not observed,False,28
2019-03-29,FLAB16,0,36.41739916550765,29.954119318181817,3.040076859475779,1,not observed,False,29
2019-04-03,FLAB16,0,36.37991655076495,29.95340909090909,3.040076859475779,1,not observed,False,24
2019-04-08,FLAB16,0,36.34243393602225,29.952698863636364,3.040076859475779,1,not observed,False,19
2019-04-13,FLAB16,0,36.30495132127956,29.951988636363637,3.040076859475779,1,not observed,False,14
2019-04-18,FLAB16,0,36.26746870653686,29.951278409090907,3.040076859475779,1,not observed,False,9
2019-04-23,FLAB16,0,36.22998609179416,29.95056818181818,3.040076859475779,1,not observed,False,4
2019-04-28,FLAB16,0,36.20552763819096,29.925979899497488,3.040076859475779,1,not observed,False,1
2019-05-03,FLAB16,0,36.23316582914573,29.805879396984924,3.040076859475779,1,not observed,False,6
2019-05-08,FLAB16,0,36.26080402010051,29.68577889447236,3.040076859475779,1,not observed,False,11
2019-05-13,FLAB16,0,36.288442211055276,29.5656783919598,3.040076859475779,1,not observed,False,16
2019-05-18,FLAB16,0,36.31608040201005,29.445577889447236,3.040076859475779,1,not observed,False,21
2019-05-23,FLAB16,0,36.34371859296483,29.325477386934672,3.040076859475779,1,not observed,False,26
2019-10-15,FLAB16,0,37.14522613065326,25.84256281407035,7.194742773159231,1,not observed,False,28
2019-10-20,FLAB16,0,37.17286432160804,25.72246231155779,7.194742773159231,1,not observed,False,23
2019-10-25,FLAB16,0,37.200502512562814,25.602361809045227,7.194742773159231,1,not observed,False,18
2019-10-30,FLAB16,0,37.22814070351759,25.482261306532664,7.194742773159231,1,not observed,False,13
2019-11-04,FLAB16,0,37.25577889447236,25.3621608040201,7.194742773159231,1,not observed,False,8
2019-11-09,FLAB16,0,37.28341708542713,25.24206030150754,7.194742773159231,1,not observed,False,3
2016-09-28,FLAB18,0,,,3.3452669887193736,1,not observed,True,0
2016-10-03,FLAB18,0,,,5.3872416387912745,1,not observed,False,4
2016-10-08,FLAB18,0,,,5.3872416387912745,1,not observed,False,9
2016-10-13,FLAB18,0,,,5.3872416387912745,1,not observed,False,14
2016-10-18,FLAB18,0,,,4.5166248399653695,2,not observed,False,17
2016-10-23,FLAB18,0,,,4.5166248399653695,2,not observed,False,12
2016-10-28,FLAB18,0,,,4.5166248399653695,2,not observed,False,7
2016-11-02,FLAB18,0,,,4.5166248399653695,2,not observed,False,2
2016-11-07,FLAB18,0,,,4.5166248399653695,2,not observed,False,3
2016-11-12,FLAB18,0,,,4.5166248399653695,2,not observed,False,8
2016-11-17,FLAB18,0,,,5.142019516917366,3,not observed,False,5
2016-11-22,FLAB18,0,,,5.142019516917366,3,not observed,True,0
2016-11-27,FLAB18,0,,,5.142019516917366,3,not observed,False,5
2016-12-02,FLAB18,0,,,4.79474435298715,2,not observed,False,6
2016-12-07,FLAB18,0,,,4.79474435298715,2,not observed,False,1
2016-12-12,FLAB18,0,,,4.79474435298715,2,not observed,False,4
2016-12-17,FLAB18,0,,,4.79474435298715,2,not observed,False,9
2016-12-22,FLAB18,0,,,4.501687388870284,3,not observed,False,12
2016-12-27,FLAB18,0,,,4.501687388870284,3,not observed,False,7
2017-01-01,FLAB18,0,,,4.501687388870284,3,not observed,False,2
2017-01-06,FLAB18,0,34.80478260869565,26.434855072463773,4.501687388870284,3,not observed,False,3
2017-01-11,FLAB18,0,35.0127536231884,26.365169082125608,4.501687388870284,3,not observed,False,8
2017-01-16,FLAB18,0,35.22072463768116,26.295483091787442,4.501687388870284,3,not observed,False,13
2017-01-21,FLAB18,0,35.428695652173914,26.225797101449277,4.501687388870284,3,not observed,False,18
2017-01-26,FLAB18,0,35.63666666666666,26.156111111111112,4.5166248399653695,2,not observed,False,20
2017-01-31,FLAB18,0,35.84463768115942,26.08642512077295,4.5166248399653695,2,not observed,False,15
2017-02-05,FLAB18,0,36.052608695652175,26.016739130434786,4.5166248399653695,2,not observed,False,10
2017-02-10,FLAB18,0,36.260579710144924,25.94705314009662,4.5166248399653695,2,not observed,False,5
2017-02-15,FLAB18,0,36.46855072463768,25.877367149758456,4.5166248399653695,2,not observed,True,0
2017-02-20,FLAB18,0,36.676521739130436,25.80768115942029,4.5166248399653695,2,not observed,False,5
2017-02-25,FLAB18,0,36.884492753623185,25.737995169082126,4.5166248399653695,2,not observed,False,10
2017-03-02,FLAB18,0,37.09246376811594,25.66830917874396,3.413596091831072,2,not observed,False,11
2017-03-07,FLAB18,0,37.30043478260869,25.5986231884058,3.413596091831072,2,not observed,False,6
2017-03-12,FLAB18,0,37.508405797101446,25.528937198067634,3.413596091831072,2,not observed,False,1
2017-03-17,FLAB18,0,37.431999999999995,26.068,3.413596091831072,2,not observed,False,4
2017-03-22,FLAB18,0,37.2845,26.75925,3.413596091831072,2,not observed,False,9
2017-03-27,FLAB18,0,37.137,27.4505,5.382435044340137,1,not observed,False,6
2017-04-01,FLAB18,0,36.9895,28.141750000000002,5.382435044340137,1,not observed,False,1
2017-04-06,FLAB18,0,37.61081081081081,28.14882882882883,5.382435044340137,1,not observed,False,4
2017-04-11,FLAB18,0,38.424324324324324,27.984864864864864,5.382435044340137,1,not observed,False,9
2017-04-16,FLAB18,0,39.23783783783784,27.820900900900902,5.382435044340137,1,not observed,False,14
2017-04-21,FLAB18,0,40.05135135135135,27.656936936936937,4.0693823683154875,3,not observed,False,18
2017-04-26,FLAB18,0,40.86486486486486,27.49297297297297,4.0693823683154875,3,not observed,False,13
2017-05-01,FLAB18,0,41.678378378378376,27.32900900900901,4.0693823683154875,3,not observed,False,8
2017-05-06,FLAB18,0,42.49189189189189,27.165045045045044,4.0693823683154875,3,not observed,False,3
2017-05-11,FLAB18,0,42.964743589743584,27.067557997557998,4.0693823683154875,3,not observed,False,2
2017-05-16,FLAB18,0,42.92660256410256,27.069786324786325,4.5166248399653695,2,not observed,False,3
2017-05-21,FLAB18,0,42.888461538461534,27.07201465201465,4.5166248399653695,2,not observed,False,8
2017-05-26,FLAB18,0,42.85032051282051,27.074242979242978,4.5166248399653695,2,not observed,False,13
2017-05-31,FLAB18,0,42.812179487179485,27.076471306471305,4.5166248399653695,2,not observed,False,18
2017-06-05,FLAB18,0,42.77403846153846,27.078699633699635,4.5166248399653695,2,not observed,False,23
2017-06-10,FLAB18,0,42.735897435897435,27.080927960927962,4.5166248399653695,2,not observed,False,28
2017-09-13,FLAB18,0,42.01121794871795,27.123266178266178,2.6645636772606327,2,not observed,False,28
2017-09-18,FLAB18,0,41.97307692307692,27.125494505494505,2.6645636772606327,2,not observed,False,23
2017-09-23,FLAB18,0,41.93493589743589,27.12772283272283,2.6645636772606327,2,not observed,False,18
2017-09-28,FLAB18,0,41.89679487179487,27.129951159951162,2.6645636772606327,2,not observed,False,13
2017-10-03,FLAB18,0,41.85865384615384,27.13217948717949,2.6645636772606327,2,not observed,False,8
2017-10-08,FLAB18,0,41.82051282051282,27.134407814407815,2.6645636772606327,2,not observed,False,3
2017-10-13,FLAB18,0,41.78237179487179,27.136636141636142,2.6645636772606327,2,not observed,False,2
2017-10-18,FLAB18,0,41.74423076923077,27.13886446886447,2.6645636772606327,2,not observed,False,7
2017-10-23,FLAB18,0,41.70608974358974,27.141092796092796,2.6645636772606327,2,not observed,False,12
2017-10-28,FLAB18,0,41.66794871794872,27.143321123321122,2.6645636772606327,2,not observed,False,17
2017-11-02,FLAB18,0,41.629807692307686,27.145549450549453,2.6645636772606327,2,not observed,False,22
2017-11-07,FLAB18,0,41.59166666666666,27.14777777777778,2.6645636772606327,2,not observed,False,27
2018-01-21,FLAB18,0,41.01955128205128,27.18120268620269,2.7900689984158142,1,not observed,False,29
2018-01-26,FLAB18,0,40.98141025641026,27.183431013431015,2.7900689984158142,1,not observed,False,24
2018-01-31,FLAB18,0,40.943269230769225,27.185659340659342,2.7900689984158142,1,not observed,False,19
2018-02-05,FLAB18,0,40.9051282051282,27.18788766788767,2.7900689984158142,1,not observed,False,14
2018-02-10,FLAB18,0,40.866987179487175,27.190115995115995,2.7900689984158142,1,not observed,False,9
2018-02-15,FLAB18,0,40.82884615384615,27.192344322344322,2.7900689984158142,1,not observed,False,4
2018-02-20,FLAB18,0,40.790705128205126,27.19457264957265,8.633110545776239,1,not observed,True,0
2018-02-25,FLAB18,0,40.7525641025641,27.19680097680098,8.633110545776239,1,not observed,False,5
2018-03-02,FLAB18,0,40.714423076923076,27.199029304029306,8.633110545776239,1,not observed,False,10
2018-03-07,FLAB18,0,40.67628205128205,27.201257631257633,8.633110545776239,1,not observed,False,15
2018-03-12,FLAB18,0,40.63814102564102,27.20348595848596,8.633110545776239,1,not observed,False,20
2018-03-17,FLAB18,0,40.599999999999994,27.205714285714286,2.7900689984158142,1,not observed,False,23
2018-03-22,FLAB18,0,40.56185897435897,27.207942612942613,2.7900689984158142,1,not observed,False,18
2018-03-27,FLAB18,0,40.523717948717945,27.21017094017094,2.7900689984158142,1,not observed,False,13
2018-04-01,FLAB18,0,40.48557692307692,27.21239926739927,2.7900689984158142,1,not observed,False,8
2018-04-06,FLAB18,0,40.447435897435895,27.214627594627597,2.7900689984158142,1,not observed,False,3
2018-04-11,FLAB18,0,40.40929487179487,27.216855921855924,2.7900689984158142,1,not observed,False,2
2018-04-16,FLAB18,0,40.371153846153845,27.21908424908425,2.7900689984158142,1,not observed,False,7
2018-04-21,FLAB18,0,40.33301282051282,27.221312576312577,2.7900689984158142,1,not observed,False,12
2018-04-26,FLAB18,0,40.294871794871796,27.223540903540904,2.7900689984158142,1,not observed,False,17
2018-05-01,FLAB18,0,40.256730769230764,27.22576923076923,2.7900689984158142,1,not observed,False,22
2018-05-06,FLAB18,0,40.21858974358974,27.227997557997558,2.7900689984158142,1,not observed,False,17
2018-05-11,FLAB18,0,40.180448717948714,27.230225885225888,2.7900689984158142,1,not observed,False,12
2018-05-16,FLAB18,0,40.14230769230769,27.232454212454215,2.7900689984158142,1,not observed,False,7
2018-05-21,FLAB18,0,40.104166666666664,27.23468253968254,2.7900689984158142,1,not observed,False,2
2018-05-26,FLAB18,0,40.06602564102564,27.23691086691087,2.7900689984158142,1,not observed,False,3
2018-05-31,FLAB18,0,40.027884615384615,27.239139194139195,2.7900689984158142,1,not observed,False,8
2018-06-05,FLAB18,0,39.98974358974359,27.241367521367522,2.7900689984158142,1,not observed,False,13
2018-06-10,FLAB18,0,39.95160256410256,27.24359584859585,2.7900689984158142,1,not observed,False,18
2018-06-15,FLAB18,0,39.91346153846153,27.24582417582418,2.7900689984158142,1,not observed,False,23
2018-06-20,FLAB18,0,39.87532051282051,27.248052503052506,2.7900689984158142,1,not observed,False,28
2018-10-08,FLAB18,0,39.03621794871795,27.297075702075706,3.7188596409127976,2,not observed,False,29
2018-10-13,FLAB18,0,38.99807692307692,27.299304029304032,3.7188596409127976,2,not observed,False,24
2018-10-18,FLAB18,0,38.9599358974359,27.30153235653236,3.7188596409127976,2,not observed,False,19
2018-10-23,FLAB18,0,38.92179487179487,27.303760683760686,3.7188596409127976,2,not observed,False,14
2018-10-28,FLAB18,0,38.88365384615384,27.305989010989013,3.7188596409127976,2,not observed,False,9
2018-11-02,FLAB18,0,38.845512820512816,27.30821733821734,3.7188596409127976,2,not observed,False,4
2018-11-07,FLAB18,0,38.796279761904756,27.292380952380956,3.7188596409127976,2,not observed,False,1
2018-11-12,FLAB18,0,38.70267857142857,27.204285714285717,3.7188596409127976,2,not observed,False,6
2018-11-17,FLAB18,0,38.60907738095238,27.11619047619048,3.7188596409127976,2,not observed,False,11
2018-11-22,FLAB18,0,38.515476190476186,27.02809523809524,3.7188596409127976,2,not observed,False,16
2018-11-27,FLAB18,0,38.421875,26.94,3.7188596409127976,2,not observed,False,21
2018-12-02,FLAB18,0,38.32827380952381,26.851904761904763,3.7188596409127976,2,not observed,False,26
2019-03-27,FLAB18,0,36.17544642857143,24.825714285714287,6.243180681514925,1,not observed,False,27
2019-04-01,FLAB18,0,36.08184523809524,24.73761904761905,6.243180681514925,1,not observed,False,22
2019-04-06,FLAB18,0,35.98824404761905,24.64952380952381,6.243180681514925,1,not observed,False,17
2019-04-11,FLAB18,0,35.894642857142856,24.56142857142857,6.243180681514925,1,not observed,False,12
2019-04-16,FLAB18,0,35.80104166666667,24.473333333333336,6.243180681514925,1,not observed,False,7
2019-04-21,FLAB18,0,35.70744047619048,24.385238095238098,6.243180681514925,1,not observed,False,2
2019-04-26,FLAB18,0,35.72024630541872,24.367068965517245,6.243180681514925,1,not observed,False,3
2019-05-01,FLAB18,0,35.80399014778325,24.395517241379313,6.243180681514925,1,not observed,False,8
2019-05-06,FLAB18,0,35.88773399014779,24.42396551724138,6.243180681514925,1,not observed,False,13
2019-05-11,FLAB18,0,35.97147783251231,24.45241379310345,6.243180681514925,1,not observed,False,18
2019-05-16,FLAB18,0,36.05522167487685,24.480862068965518,6.243180681514925,1,not observed,False,23
2019-05-21,FLAB18,0,36.13896551724138,24.509310344827586,6.243180681514925,1,not observed,False,28
2019-09-23,FLAB18,0,38.232561576354676,25.220517241379312,2.7900689984158142,1,not observed,False,29
2019-09-28,FLAB18,0,38.31630541871921,25.24896551724138,2.7900689984158142,1,not observed,False,24
2019-10-03,FLAB18,0,38.40004926108374,25.277413793103452,2.7900689984158142,1,not observed,False,19
2019-10-08,FLAB18,0,38.48379310344827,25.30586206896552,2.7900689984158142,1,not observed,False,14
2019-10-13,FLAB18,0,38.567536945812805,25.33431034482759,2.7900689984158142,1,not observed,False,9
2019-10-18,FLAB18,0,38.65128078817733,25.362758620689657,2.7900689984158142,1,not observed,False,4
2019-10-23,FLAB18,0,38.735024630541865,25.391206896551726,2.7900689984158142,1,not observed,False,1
2019-10-28,FLAB18,0,38.8187684729064,25.419655172413794,2.7900689984158142,1,not observed,False,6
2019-11-02,FLAB18,0,38.90251231527093,25.448103448275866,7.839296425315775,2,not observed,False,10
2019-11-07,FLAB18,0,38.98625615763546,25.476551724137934,7.839296425315775,2,not observed,False,5
2019-11-12,FLAB18,0,39.06999999999999,25.505000000000003,7.839296425315775,2,not observed,True,0
2016-09-28,FLAB19,0,,,2.342959173245132,1,not observed,True,0
2016-10-03,FLAB19,0,,,2.342959173245132,1,not observed,False,5
2016-10-08,FLAB19,0,,,2.342959173245132,1,not observed,False,10
2016-10-13,FLAB19,0,,,4.319985277204219,2,not observed,False,7
2016-10-18,FLAB19,0,,,4.319985277204219,2,not observed,False,2
2016-10-23,FLAB19,0,,,3.6559502483539825,1,not observed,False,2
2016-10-28,FLAB19,0,,,3.6559502483539825,1,not observed,False,7
2016-11-02,FLAB19,0,,,4.236046912623693,1,not observed,False,2
2016-11-07,FLAB19,0,,,4.236046912623693,1,not observed,False,3
2016-11-12,FLAB19,0,,,4.236046912623693,1,not observed,False,8
2016-11-17,FLAB19,0,,,4.903465097126269,1,not observed,False,5
2016-11-22,FLAB19,0,,,4.903465097126269,1,not observed,True,0
2016-11-27,FLAB19,0,,,4.903465097126269,1,not observed,False,5
2016-12-02,FLAB19,0,,,3.6178280120006203,1,not observed,False,6
2016-12-07,FLAB19,0,,,3.6178280120006203,1,not observed,False,1
2016-12-12,FLAB19,0,,,3.6178280120006203,1,not observed,False,4
2016-12-17,FLAB19,0,,,3.6178280120006203,1,not observed,False,9
2016-12-22,FLAB19,0,,,3.578637496108807,1,not observed,False,12
2016-12-27,FLAB19,0,,,3.578637496108807,1,not observed,False,7
2017-01-01,FLAB19,0,,,3.578637496108807,1,not observed,False,2
2017-01-06,FLAB19,0,33.54608695652174,24.78478260869565,3.578637496108807,1,not observed,False,3
2017-01-11,FLAB19,0,33.85623188405797,24.85942028985507,3.578637496108807,1,not observed,False,8
2017-01-16,FLAB19,0,34.166376811594205,24.934057971014493,3.578637496108807,1,not observed,False,13
2017-01-21,FLAB19,0,34.47652173913043,25.008695652173913,3.578637496108807,1,not observed,False,18
2017-01-26,FLAB19,0,34.78666666666667,25.083333333333332,4.236046912623693,1,not observed,False,20
2017-01-31,FLAB19,0,35.0968115942029,25.15797101449275,4.236046912623693,1,not observed,False,15
2017-02-05,FLAB19,0,35.40695652173913,25.23260869565217,4.236046912623693,1,not observed,False,10
2017-02-10,FLAB19,0,35.71710144927536,25.307246376811595,4.236046912623693,1,not observed,False,5
2017-02-15,FLAB19,0,36.0272463768116,25.381884057971014,4.236046912623693,1,not observed,True,0
2017-02-20,FLAB19,0,36.337391304347825,25.456521739130434,4.236046912623693,1,not observed,False,5
2017-02-25,FLAB19,0,36.64753623188406,25.531159420289853,4.236046912623693,1,not observed,False,10
2017-03-02,FLAB19,0,36.95768115942029,25.605797101449276,2.3469146225000337,1,not observed,False,11
2017-03-07,FLAB19,0,37.267826086956525,25.680434782608696,2.3469146225000337,1,not observed,False,6
2017-03-12,FLAB19,0,37.57797101449275,25.755072463768116,2.3469146225000337,1,not observed,False,1
2017-03-17,FLAB19,0,38.136842105263156,25.831052631578945,2.3469146225000337,1,not observed,False,4
2017-03-22,FLAB19,0,38.757894736842104,25.90736842105263,2.3469146225000337,1,not observed,False,9
2017-03-27,FLAB19,0,39.37894736842105,25.983684210526313,2.8463311840648524,1,not observed,False,5
2017-04-01,FLAB19,0,40.0,26.06,2.8463311840648524,1,not observed,True,0
2017-04-06,FLAB19,0,40.46052631578947,26.086315789473684,2.8463311840648524,1,not observed,False,5
2017-04-11,FLAB19,0,40.921052631578945,26.11263157894737,2.8463311840648524,1,not observed,False,10
2017-04-16,FLAB19,0,41.38157894736842,26.138947368421054,2.8463311840648524,1,not observed,False,15
2017-04-21,FLAB19,0,41.8421052631579,26.16526315789474,8.105792053217828,1,not observed,False,18
2017-04-26,FLAB19,0,42.30263157894737,26.19157894736842,8.105792053217828,1,not observed,False,13
2017-05-01,FLAB19,0,42.76315789473684,26.217894736842105,8.105792053217828,1,not observed,False,8
2017-05-06,FLAB19,0,43.223684210526315,26.24421052631579,8.105792053217828,1,not observed,False,3
2017-05-11,FLAB19,0,43.477179487179484,26.261245421245423,8.105792053217828,1,not observed,False,2
2017-05-16,FLAB19,0,43.42012820512821,26.264358974358977,8.105792053217828,1,not observed,False,7
2017-05-21,FLAB19,0,43.363076923076925,26.267472527472528,8.105792053217828,1,not observed,False,12
2017-05-26,FLAB19,0,43.30602564102564,26.27058608058608,8.105792053217828,1,not observed,False,17
2017-05-31,FLAB19,0,43.24897435897436,26.273699633699636,8.105792053217828,1,not observed,False,22
2017-06-05,FLAB19,0,43.191923076923075,26.27681318681319,8.105792053217828,1,not observed,False,27
2017-10-03,FLAB19,0,41.82269230769231,26.351538461538464,6.872396151170787,1,not observed,False,28
2017-10-08,FLAB19,0,41.765641025641024,26.354652014652014,6.872396151170787,1,not observed,False,23
2017-10-13,FLAB19,0,41.70858974358974,26.35776556776557,6.872396151170787,1,not observed,False,18
2017-10-18,FLAB19,0,41.651538461538465,26.360879120879122,6.872396151170787,1,not observed,False,13
2017-10-23,FLAB19,0,41.59448717948718,26.363992673992676,6.872396151170787,1,not observed,False,8
2017-10-28,FLAB19,0,41.5374358974359,26.367106227106227,6.872396151170787,1,not observed,False,3
2017-11-02,FLAB19,0,41.480384615384615,26.37021978021978,6.872396151170787,1,not observed,False,2
2017-11-07,FLAB19,0,41.42333333333333,26.373333333333335,6.872396151170787,1,not observed,False,7
2017-11-12,FLAB19,0,41.366282051282056,26.37644688644689,6.872396151170787,1,not observed,False,12
2017-11-17,FLAB19,0,41.30923076923077,26.379560439560443,6.872396151170787,1,not observed,False,17
2017-11-22,FLAB19,0,41.25217948717949,26.382673992673993,6.872396151170787,1,not observed,False,13
2017-11-27,FLAB19,0,41.195128205128206,26.385787545787547,6.872396151170787,1,not observed,False,8
2017-12-02,FLAB19,0,41.13807692307692,26.3889010989011,6.872396151170787,1,not observed,False,3
2017-12-07,FLAB19,0,41.08102564102564,26.392014652014655,6.872396151170787,1,not observed,False,2
2017-12-12,FLAB19,0,41.02397435897436,26.395128205128206,6.872396151170787,1,not observed,False,7
2017-12-17,FLAB19,0,40.96692307692308,26.39824175824176,6.872396151170787,1,not observed,False,12
2017-12-22,FLAB19,0,40.9098717948718,26.401355311355314,6.872396151170787,1,not observed,False,17
2017-12-27,FLAB19,0,40.852820512820514,26.404468864468868,6.872396151170787,1,not observed,False,21
2018-01-01,FLAB19,0,40.79576923076923,26.407582417582418,6.872396151170787,1,not observed,False,16
2018-01-06,FLAB19,0,40.73871794871795,26.410695970695972,6.872396151170787,1,not observed,False,11
2018-01-11,FLAB19,0,40.681666666666665,26.413809523809526,6.872396151170787,1,not observed,False,6
2018-01-16,FLAB19,0,40.62461538461539,26.41692307692308,6.872396151170787,1,not observed,False,1
2018-01-21,FLAB19,0,40.567564102564106,26.42003663003663,6.872396151170787,1,not observed,False,4
2018-01-26,FLAB19,0,40.51051282051282,26.423150183150184,6.872396151170787,1,not observed,False,9
2018-01-31,FLAB19,0,40.45346153846154,26.42626373626374,6.872396151170787,1,not observed,False,14
2018-02-05,FLAB19,0,40.396410256410256,26.429377289377292,6.872396151170787,1,not observed,False,14
2018-02-10,FLAB19,0,40.33935897435897,26.432490842490843,6.872396151170787,1,not observed,False,9
2018-02-15,FLAB19,0,40.2823076923077,26.435604395604397,6.872396151170787,1,not observed,False,4
2018-02-20,FLAB19,0,40.225256410256414,26.43871794871795,6.872396151170787,1,not observed,False,1
2018-02-25,FLAB19,0,40.16820512820513,26.441831501831505,6.872396151170787,1,not observed,False,6
2018-03-02,FLAB19,0,40.11115384615385,26.444945054945055,6.872396151170787,1,not observed,False,11
2018-03-07,FLAB19,0,40.054102564102564,26.44805860805861,6.872396151170787,1,not observed,False,16
2018-03-12,FLAB19,0,39.99705128205128,26.451172161172163,6.872396151170787,1,not observed,False,21
2018-03-17,FLAB19,0,39.940000000000005,26.454285714285717,6.872396151170787,1,not observed,False,23
2018-03-22,FLAB19,0,39.88294871794872,26.457399267399268,6.872396151170787,1,not observed,False,18
2018-03-27,FLAB19,0,39.82589743589744,26.46051282051282,6.872396151170787,1,not observed,False,13
2018-04-01,FLAB19,0,39.768846153846155,26.463626373626376,6.872396151170787,1,not observed,False,8
2018-04-06,FLAB19,0,39.71179487179487,26.46673992673993,6.872396151170787,1,not observed,False,3
2018-04-11,FLAB19,0,39.65474358974359,26.46985347985348,6.872396151170787,1,not observed,False,2
2018-04-16,FLAB19,0,39.59769230769231,26.472967032967034,6.872396151170787,1,not observed,False,7
2018-04-21,FLAB19,0,39.54064102564103,26.476080586080588,6.872396151170787,1,not observed,False,12
2018-04-26,FLAB19,0,39.48358974358975,26.479194139194142,6.872396151170787,1,not observed,False,17
2018-05-01,FLAB19,0,39.42653846153846,26.482307692307693,6.872396151170787,1,not observed,False,22
2018-05-06,FLAB19,0,39.36948717948718,26.485421245421247,6.872396151170787,1,not observed,False,17
2018-05-11,FLAB19,0,39.3124358974359,26.4885347985348,6.872396151170787,1,not observed,False,12
2018-05-16,FLAB19,0,39.255384615384614,26.491648351648355,6.872396151170787,1,not observed,False,7
2018-05-21,FLAB19,0,39.19833333333334,26.494761904761905,6.872396151170787,1,not observed,False,2
2018-05-26,FLAB19,0,39.141282051282055,26.49787545787546,6.872396151170787,1,not observed,False,3
2018-05-31,FLAB19,0,39.08423076923077,26.500989010989013,6.872396151170787,1,not observed,False,8
2018-06-05,FLAB19,0,39.02717948717949,26.504102564102567,6.872396151170787,1,not observed,False,13
2018-06-10,FLAB19,0,38.970128205128205,26.507216117216117,6.872396151170787,1,not observed,False,18
2018-06-15,FLAB19,0,38.91307692307693,26.51032967032967,6.872396151170787,1,not observed,False,23
2018-06-20,FLAB19,0,38.856025641025646,26.513443223443225,6.872396151170787,1,not observed,False,28
2018-10-08,FLAB19,0,37.60089743589744,26.581941391941392,8.108015618316566,1,not observed,False,29
2018-10-13,FLAB19,0,37.543846153846154,26.585054945054946,8.108015618316566,1,not observed,False,24
2018-10-18,FLAB19,0,37.48679487179487,26.5881684981685,8.108015618316566,1,not observed,False,19
2018-10-23,FLAB19,0,37.429743589743595,26.591282051282054,8.108015618316566,1,not observed,False,14
2018-10-28,FLAB19,0,37.37269230769231,26.594395604395604,8.108015618316566,1,not observed,False,9
2018-11-02,FLAB19,0,37.31564102564103,26.59750915750916,8.108015618316566,1,not observed,False,4
2018-11-07,FLAB19,0,37.27755952380953,26.586875000000003,8.108015618316566,1,not observed,False,1
2018-11-12,FLAB19,0,37.315357142857145,26.521250000000002,8.108015618316566,1,not observed,False,6
2018-11-17,FLAB19,0,37.35315476190477,26.455625,8.108015618316566,1,not observed,False,11
2018-11-22,FLAB19,0,37.390952380952385,26.39,8.108015618316566,1,not observed,False,16
2018-11-27,FLAB19,0,37.42875,26.324375,8.108015618316566,1,not observed,False,21
2018-12-02,FLAB19,0,37.466547619047624,26.258750000000003,8.108015618316566,1,not observed,False,26
2019-03-27,FLAB19,0,38.335892857142866,24.749375,7.609658198881787,2,not observed,False,27
2019-04-01,FLAB19,0,38.37369047619048,24.68375,7.609658198881787,2,not observed,False,22
2019-04-06,FLAB19,0,38.4114880952381,24.618125,7.609658198881787,2,not observed,False,17
2019-04-11,FLAB19,0,38.44928571428572,24.5525,7.609658198881787,2,not observed,False,12
2019-04-16,FLAB19,0,38.48708333333334,24.486875,7.609658198881787,2,not observed,False,7
2019-04-21,FLAB19,0,38.52488095238096,24.42125,7.609658198881787,2,not observed,False,2
2019-04-26,FLAB19,0,38.555073891625625,24.409926108374385,7.609658198881787,2,not observed,False,3
2019-05-01,FLAB19,0,38.58019704433498,24.434802955665024,7.609658198881787,2,not observed,False,8
2019-05-06,FLAB19,0,38.60532019704434,24.459679802955666,7.609658198881787,2,not observed,False,13
2019-05-11,FLAB19,0,38.6304433497537,24.484556650246304,7.609658198881787,2,not observed,False,18
2019-05-16,FLAB19,0,38.65556650246306,24.509433497536946,7.609658198881787,2,not observed,False,23
2019-05-21,FLAB19,0,38.68068965517242,24.534310344827585,7.609658198881787,2,not observed,False,28
2019-09-23,FLAB19,0,39.30876847290641,25.156231527093595,7.855412214785454,3,not observed,False,29
2019-09-28,FLAB19,0,39.33389162561576,25.181108374384237,7.855412214785454,3,not observed,False,24
2019-10-03,FLAB19,0,39.359014778325125,25.20598522167488,7.855412214785454,3,not observed,False,19
2019-10-08,FLAB19,0,39.38413793103449,25.230862068965518,7.855412214785454,3,not observed,False,14
2019-10-13,FLAB19,0,39.40926108374384,25.25573891625616,7.855412214785454,3,not observed,False,9
2019-10-18,FLAB19,0,39.434384236453205,25.2806157635468,7.855412214785454,3,not observed,False,4
2019-10-23,FLAB19,0,39.45950738916257,25.30549261083744,7.855412214785454,3,not observed,False,1
2019-10-28,FLAB19,0,39.48463054187192,25.33036945812808,7.855412214785454,3,not observed,False,6
2019-11-02,FLAB19,0,39.509753694581285,25.35524630541872,6.918950637183338,2,not observed,False,10
2019-11-07,FLAB19,0,39.53487684729064,25.38012315270936,6.918950637183338,2,not observed,False,5
2019-11-12,FLAB19,0,39.56,25.405,6.918950637183338,2,not observed,True,0
2016-11-04,FLAB20,0,,,7.686009367596842,1,not observed,True,0
2016-11-09,FLAB20,0,,,7.686009367596842,1,not observed,False,5
2016-11-14,FLAB20,0,,,7.686009367596842,1,not observed,False,10
2016-11-19,FLAB20,0,,,7.686009367596842,1,not observed,False,15
2016-11-24,FLAB20,0,,,7.686009367596842,1,not observed,False,20
2016-11-29,FLAB20,0,,,7.686009367596842,1,not observed,False,25
2016-12-04,FLAB20,0,,,7.686009367596842,1,not observed,False,30
2017-01-18,FLAB20,0,,,7.686009367596842,1,not observed,False,28
2017-01-23,FLAB20,0,,,7.686009367596842,1,not observed,False,23
2017-01-28,FLAB20,0,,,7.686009367596842,1,not observed,False,18
2017-02-02,FLAB20,0,,,7.686009367596842,1,not observed,False,13
2017-02-07,FLAB20,0,,,7.686009367596842,1,not observed,False,8
2017-02-12,FLAB20,0,,,7.686009367596842,1,not observed,False,3
2017-02-17,FLAB20,0,,,7.686009367596842,1,not observed,False,2
2017-02-22,FLAB20,0,,,7.686009367596842,1,not observed,False,7
2017-02-27,FLAB20,0,,,7.686009367596842,1,not observed,False,12
2017-03-04,FLAB20,0,,,7.686009367596842,1,not observed,False,17
2017-03-09,FLAB20,0,,,7.686009367596842,1,not observed,False,22
2017-03-14,FLAB20,0,,,7.686009367596842,1,not observed,False,27
2017-04-13,FLAB20,0,,,7.686009367596842,1,not observed,False,30
2017-04-18,FLAB20,0,,,7.686009367596842,1,not observed,False,25
2017-04-23,FLAB20,0,,,7.686009367596842,1,not observed,False,20
2017-04-28,FLAB20,0,,,7.686009367596842,1,not observed,False,15
2017-05-03,FLAB20,0,,,7.686009367596842,1,not observed,False,10
2017-05-08,FLAB20,0,,,7.686009367596842,1,not observed,False,5
2017-05-13,FLAB20,0,,,7.686009367596842,1,not observed,True,0
2017-05-18,FLAB20,0,,,7.686009367596842,1,not observed,False,5
2017-05-23,FLAB20,0,,,7.686009367596842,1,not observed,False,10
2017-05-28,FLAB20,0,,,7.686009367596842,1,not observed,False,15
2017-06-02,FLAB20,0,,,7.686009367596842,1,not observed,False,20
2017-06-07,FLAB20,0,,,7.686009367596842,1,not observed,False,25
2017-06-12,FLAB20,0,,,7.686009367596842,1,not observed,False,30
2017-10-05,FLAB20,0,,,6.987964029060184,3,not observed,False,26
2017-10-10,FLAB20,0,,,6.987964029060184,3,not observed,False,21
2017-10-15,FLAB20,0,,,6.987964029060184,3,not observed,False,16
2017-10-20,FLAB20,0,,,6.987964029060184,3,not observed,False,11
2017-10-25,FLAB20,0,,,6.987964029060184,3,not observed,False,6
2017-10-30,FLAB20,0,,,6.987964029060184,3,not observed,False,1
2017-11-04,FLAB20,0,,,6.987964029060184,3,not observed,False,4
2017-11-09,FLAB20,0,,,6.987964029060184,3,not observed,False,9
2017-11-14,FLAB20,0,,,6.987964029060184,3,not observed,False,14
2017-11-19,FLAB20,0,,,6.987964029060184,3,not observed,False,16
2017-11-24,FLAB20,0,,,6.987964029060184,3,not observed,False,11
2017-11-29,FLAB20,0,,,6.987964029060184,3,not observed,False,6
2017-12-04,FLAB20,0,,,6.987964029060184,3,not observed,False,1
2017-12-09,FLAB20,0,,,6.987964029060184,3,not observed,False,4
2017-12-14,FLAB20,0,,,6.987964029060184,3,not observed,False,9
2017-12-19,FLAB20,0,,,6.987964029060184,3,not observed,False,14
2017-12-24,FLAB20,0,,,6.987964029060184,3,not observed,False,19
2017-12-29,FLAB20,0,,,6.987964029060184,3,not observed,False,19
2018-01-03,FLAB20,0,,,6.987964029060184,3,not observed,False,14
2018-01-08,FLAB20,0,,,6.987964029060184,3,not observed,False,9
2018-01-13,FLAB20,0,,,6.987964029060184,3,not observed,False,4
2018-01-18,FLAB20,0,,,6.987964029060184,3,not observed,False,1
2018-01-23,FLAB20,0,,,6.987964029060184,3,not observed,False,6
2018-01-28,FLAB20,0,,,6.987964029060184,3,not observed,False,11
2018-02-02,FLAB20,0,,,6.987964029060184,3,not observed,False,16
2018-02-07,FLAB20,0,,,6.987964029060184,3,not observed,False,12
2018-02-12,FLAB20,0,,,6.987964029060184,3,not observed,False,7
2018-02-17,FLAB20,0,,,6.987964029060184,3,not observed,False,2
2018-02-22,FLAB20,0,,,6.987964029060184,3,not observed,False,3
2018-02-27,FLAB20,0,,,6.987964029060184,3,not observed,False,8
2018-03-04,FLAB20,0,,,6.987964029060184,3,not observed,False,13
2018-03-09,FLAB20,0,,,6.987964029060184,3,not observed,False,18
2018-03-14,FLAB20,0,,,6.987964029060184,3,not observed,False,23
2018-03-19,FLAB20,0,,,6.987964029060184,3,not observed,False,21
2018-03-24,FLAB20,0,,,6.987964029060184,3,not observed,False,16
2018-03-29,FLAB20,0,,,6.987964029060184,3,not observed,False,11
2018-04-03,FLAB20,0,,,6.987964029060184,3,not observed,False,6
2018-04-08,FLAB20,0,,,6.987964029060184,3,not observed,False,1
2018-04-13,FLAB20,0,,,6.987964029060184,3,not observed,False,4
2018-04-18,FLAB20,0,,,6.987964029060184,3,not observed,False,9
2018-04-23,FLAB20,0,,,6.987964029060184,3,not observed,False,14
2018-04-28,FLAB20,0,,,6.987964029060184,3,not observed,False,19
2018-05-03,FLAB20,0,,,6.987964029060184,3,not observed,False,20
2018-05-08,FLAB20,0,,,6.987964029060184,3,not observed,False,15
2018-05-13,FLAB20,0,,,6.987964029060184,3,not observed,False,10
2018-05-18,FLAB20,0,,,6.987964029060184,3,not observed,False,5
2018-05-23,FLAB20,0,,,6.987964029060184,3,not observed,True,0
2018-05-28,FLAB20,0,,,6.987964029060184,3,not observed,False,5
2018-06-02,FLAB20,0,,,6.987964029060184,3,not observed,False,10
2018-06-07,FLAB20,0,,,6.987964029060184,3,not observed,False,15
2018-06-12,FLAB20,0,,,7.925456491205293,1,not observed,False,15
2018-06-17,FLAB20,0,,,7.925456491205293,1,not observed,False,10
2018-06-22,FLAB20,0,,,7.925456491205293,1,not observed,False,5
2018-06-27,FLAB20,0,35.99,31.44,7.925456491205293,1,not observed,True,0
2018-07-02,FLAB20,0,36.031111111111116,31.324166666666667,7.925456491205293,1,not observed,False,5
2018-07-07,FLAB20,0,36.07222222222222,31.208333333333336,7.925456491205293,1,not observed,False,10
2018-07-12,FLAB20,0,36.11333333333334,31.0925,7.925456491205293,1,not observed,False,15
2018-07-17,FLAB20,0,36.154444444444444,30.976666666666667,7.925456491205293,1,not observed,False,20
2018-07-22,FLAB20,0,36.19555555555556,30.860833333333336,7.925456491205293,1,not observed,False,25
2018-07-27,FLAB20,0,36.23666666666667,30.745,7.925456491205293,1,not observed,False,30
2018-12-04,FLAB20,0,37.30555555555556,27.733333333333334,9.125609106291504,2,not observed,False,30
2018-12-09,FLAB20,0,37.34666666666667,27.6175,9.125609106291504,2,not observed,False,25
2018-12-14,FLAB20,0,37.38777777777778,27.501666666666665,9.125609106291504,2,not observed,False,20
2018-12-19,FLAB20,0,37.42888888888889,27.38583333333333,9.125609106291504,2,not observed,False,15
2018-12-24,FLAB20,0,37.470000000000006,27.27,9.125609106291504,2,not observed,False,10
2018-12-29,FLAB20,0,37.51111111111111,27.154166666666665,9.125609106291504,2,not observed,False,5
2019-01-03,FLAB20,0,37.55222222222223,27.038333333333334,9.125609106291504,2,not observed,True,0
2019-01-08,FLAB20,0,37.593333333333334,26.9225,9.125609106291504,2,not observed,False,5
2019-01-13,FLAB20,0,37.63444444444445,26.806666666666665,9.125609106291504,2,not observed,False,10
2019-01-18,FLAB20,0,37.67555555555556,26.69083333333333,9.125609106291504,2,not observed,False,15
2019-01-23,FLAB20,0,37.71666666666667,26.575,9.125609106291504,2,not observed,False,20
2019-01-28,FLAB20,0,37.75777777777778,26.459166666666665,9.125609106291504,2,not observed,False,25
2019-02-02,FLAB20,0,37.79888888888889,26.343333333333334,9.125609106291504,2,not observed,False,30
2019-03-24,FLAB20,0,38.21,25.185,6.987964029060184,3,not observed,False,30
2019-03-29,FLAB20,0,38.251111111111115,25.069166666666664,6.987964029060184,3,not observed,False,25
2019-04-03,FLAB20,0,38.29222222222223,24.953333333333333,6.987964029060184,3,not observed,False,20
2019-04-08,FLAB20,0,38.333333333333336,24.8375,6.987964029060184,3,not observed,False,15
2019-04-13,FLAB20,0,38.37444444444445,24.721666666666664,6.987964029060184,3,not observed,False,10
2019-04-18,FLAB20,0,38.41555555555556,24.60583333333333,6.987964029060184,3,not observed,False,5
2019-04-23,FLAB20,0,38.45666666666667,24.49,6.987964029060184,3,not observed,True,0
2019-04-28,FLAB20,0,,24.516567656765677,6.987964029060184,3,not observed,False,5
2019-05-03,FLAB20,0,,24.54313531353135,7.939523255964782,1,not observed,False,3
2019-05-08,FLAB20,0,,24.56970297029703,7.939523255964782,1,not observed,False,2
2019-05-13,FLAB20,0,,24.596270627062705,7.939523255964782,1,not observed,False,7
2019-05-18,FLAB20,0,,24.622838283828383,7.939523255964782,1,not observed,False,12
2019-05-23,FLAB20,0,,24.649405940594058,7.939523255964782,1,not observed,False,17
2019-05-28,FLAB20,0,,24.675973597359736,7.939523255964782,1,not observed,False,22
2019-06-02,FLAB20,0,,24.70254125412541,7.939523255964782,1,not observed,False,27
2019-09-25,FLAB20,0,,25.313597359735972,7.240187408783648,2,not observed,False,27
2019-09-30,FLAB20,0,,25.34016501650165,7.240187408783648,2,not observed,False,22
2019-10-05,FLAB20,0,,25.366732673267325,7.240187408783648,2,not observed,False,17
2019-10-10,FLAB20,0,,25.393300330033004,7.240187408783648,2,not observed,False,12
2019-10-15,FLAB20,0,,25.41986798679868,7.240187408783648,2,not observed,False,7
2019-10-20,FLAB20,0,,25.446435643564357,7.240187408783648,2,not observed,False,2
2019-10-25,FLAB20,0,,25.473003300330035,7.240187408783648,2,not observed,False,3
2019-10-30,FLAB20,0,,25.49957095709571,7.240187408783648,2,not observed,False,8
2019-11-04,FLAB20,0,,25.526138613861388,7.240187408783648,2,not observed,False,13
2019-11-09,FLAB20,0,,25.552706270627063,7.240187408783648,2,not observed,False,18
2019-11-14,FLAB20,0,,25.57927392739274,7.240187408783648,2,not observed,False,23
2019-11-19,FLAB20,0,,25.605841584158416,7.240187408783648,2,not observed,False,28
2020-01-23,FLAB20,0,,25.951221122112212,10.191507287265525,1,not observed,False,28
2020-01-28,FLAB20,0,,25.97778877887789,10.191507287265525,1,not observed,False,23
2020-02-02,FLAB20,0,,26.004356435643565,10.191507287265525,1,not observed,False,18
2020-02-07,FLAB20,0,,26.030924092409244,10.191507287265525,1,not observed,False,13
2020-02-12,FLAB20,0,,26.05749174917492,10.191507287265525,1,not observed,False,8
2020-02-17,FLAB20,0,,26.084059405940597,10.191507287265525,1,not observed,False,3
2020-02-22,FLAB20,0,,,10.191507287265525,1,not observed,False,2
2020-02-27,FLAB20,0,,,10.191507287265525,1,not observed,False,7
2020-03-03,FLAB20,0,,,10.191507287265525,1,not observed,False,12
2020-03-08,FLAB20,0,,,10.191507287265525,1,not observed,False,17
2020-03-13,FLAB20,0,,,10.191507287265525,1,not observed,False,22
2020-03-18,FLAB20,0,,,10.191507287265525,1,not observed,False,27
2022-06-16,FLAB20,0,,,6.676826994550158,2,not observed,False,28
2022-06-21,FLAB20,0,,,6.676826994550158,2,not observed,False,23
2022-06-26,FLAB20,0,,,6.676826994550158,2,not observed,False,18
2022-07-01,FLAB20,0,,,6.676826994550158,2,not observed,False,13
2022-07-06,FLAB20,0,,,6.676826994550158,2,not observed,False,8
2022-07-11,FLAB20,0,,,6.676826994550158,2,not observed,False,3
2016-09-03,FLAB21,0,,,10.94827234456043,1,not observed,True,0
2016-09-08,FLAB21,0,,,10.94827234456043,1,not observed,False,5
2016-09-13,FLAB21,0,,,10.94827234456043,1,not observed,False,10
2016-09-18,FLAB21,0,,,7.60190044681807,1,not observed,False,10
2016-09-23,FLAB21,0,,,7.60190044681807,1,not observed,False,5
2016-09-28,FLAB21,0,,,7.60190044681807,1,not observed,True,0
2016-10-03,FLAB21,0,,,7.60190044681807,1,not observed,False,5
2016-10-08,FLAB21,0,,,7.60190044681807,1,not observed,False,10
2016-10-13,FLAB21,0,,,7.60190044681807,1,not observed,False,15
2016-10-18,FLAB21,0,,,7.60190044681807,1,not observed,False,20
2016-10-23,FLAB21,0,,,7.60190044681807,1,not observed,False,25
2016-10-28,FLAB21,0,,,7.60190044681807,1,not observed,False,30
2017-02-10,FLAB21,0,,,13.157032670210862,1,not observed,False,26
2017-02-15,FLAB21,0,,,13.157032670210862,1,not observed,False,21
2017-02-20,FLAB21,0,,,13.157032670210862,1,not observed,False,16
2017-02-25,FLAB21,0,,,13.157032670210862,1,not observed,False,11
2017-03-02,FLAB21,0,,,13.157032670210862,1,not observed,False,6
2017-03-07,FLAB21,0,,,13.157032670210862,1,not observed,False,1
2017-03-12,FLAB21,0,35.888,25.396,4.504083835381205,2,not observed,False,1
2017-03-17,FLAB21,0,35.4428947368421,25.410526315789475,4.504083835381205,2,not observed,False,4
2017-03-22,FLAB21,0,35.26526315789473,25.523684210526316,4.504083835381205,2,not observed,False,9
2017-03-27,FLAB21,0,35.08763157894737,25.63684210526316,7.5571228874494984,1,not observed,False,5
2017-04-01,FLAB21,0,34.91,25.75,7.5571228874494984,1,not observed,True,0
2017-04-06,FLAB21,0,35.90406557377049,27.009377049180326,7.534793537170466,1,not observed,False,4
2017-04-11,FLAB21,0,35.85914754098361,26.946098360655736,7.534793537170466,1,not observed,False,9
2017-04-16,FLAB21,0,35.81422950819672,26.882819672131145,7.534793537170466,1,not observed,False,14
2017-04-21,FLAB21,0,35.769311475409836,26.819540983606558,7.534793537170466,1,not observed,False,19
2017-04-26,FLAB21,0,35.72439344262295,26.756262295081967,7.534793537170466,1,not observed,False,24
2017-05-01,FLAB21,0,35.679475409836066,26.692983606557377,7.534793537170466,1,not observed,False,29
2017-09-13,FLAB21,0,34.46668852459016,24.98445901639344,3.6242920888468797,2,not observed,False,30
2017-09-18,FLAB21,0,34.42177049180328,24.921180327868854,3.6242920888468797,2,not observed,False,25
2017-09-23,FLAB21,0,34.37685245901639,24.857901639344263,3.6242920888468797,2,not observed,False,20
2017-09-28,FLAB21,0,34.33193442622951,24.794622950819672,3.6242920888468797,2,not observed,False,15
2017-10-03,FLAB21,0,34.28701639344263,24.73134426229508,3.6242920888468797,2,not observed,False,10
2017-10-08,FLAB21,0,34.24209836065574,24.66806557377049,3.6242920888468797,2,not observed,False,5
2017-10-13,FLAB21,0,34.19718032786885,24.6047868852459,3.6242920888468797,2,not observed,True,0
2017-10-18,FLAB21,0,34.15226229508197,24.54150819672131,3.6242920888468797,2,not observed,False,5
2017-10-23,FLAB21,0,34.107344262295086,24.47822950819672,3.6242920888468797,2,not observed,False,10
2017-10-28,FLAB21,0,34.0624262295082,24.41495081967213,3.6242920888468797,2,not observed,False,15
2017-11-02,FLAB21,0,34.017508196721316,24.35167213114754,3.6242920888468797,2,not observed,False,20
2017-11-07,FLAB21,0,33.97259016393443,24.28839344262295,3.6242920888468797,2,not observed,False,25
2017-11-12,FLAB21,0,33.927672131147546,24.22511475409836,3.6242920888468797,2,not observed,False,30
2018-01-06,FLAB21,0,33.433573770491805,23.529049180327867,13.869765336665926,1,not observed,False,26
2018-01-11,FLAB21,0,33.38865573770492,23.465770491803276,13.869765336665926,1,not observed,False,21
2018-01-16,FLAB21,0,33.343737704918034,23.40249180327869,13.869765336665926,1,not observed,False,16
2018-01-21,FLAB21,0,33.29881967213115,23.3392131147541,13.869765336665926,1,not observed,False,11
2018-01-26,FLAB21,0,33.253901639344264,23.275934426229508,13.869765336665926,1,not observed,False,6
2018-01-31,FLAB21,0,33.20898360655738,23.212655737704917,13.869765336665926,1,not observed,False,1
2018-02-05,FLAB21,0,33.310547945205485,23.416712328767122,13.869765336665926,1,not observed,False,4
2018-02-10,FLAB21,0,33.448732876712334,23.687602739726028,13.869765336665926,1,not observed,False,9
2018-02-15,FLAB21,0,33.586917808219184,23.95849315068493,13.869765336665926,1,not observed,False,14
2018-02-20,FLAB21,0,33.72510273972603,24.229383561643836,13.869765336665926,1,not observed,False,19
2018-02-25,FLAB21,0,33.86328767123288,24.500273972602738,13.869765336665926,1,not observed,False,24
2018-03-02,FLAB21,0,34.00147260273973,24.771164383561644,13.869765336665926,1,not observed,False,29
2018-05-21,FLAB21,0,36.21243150684931,29.10541095890411,13.509188131011012,1,not observed,False,29
2018-05-26,FLAB21,0,36.35061643835616,29.376301369863015,13.509188131011012,1,not observed,False,24
2018-05-31,FLAB21,0,36.48880136986301,29.647191780821917,13.509188131011012,1,not observed,False,19
2018-06-05,FLAB21,0,36.62698630136986,29.91808219178082,13.509188131011012,1,not observed,False,14
2018-06-10,FLAB21,0,36.76517123287671,30.188972602739724,13.509188131011012,1,not observed,False,9
2018-06-15,FLAB21,0,36.90335616438356,30.45986301369863,13.509188131011012,1,not observed,False,4
2018-06-20,FLAB21,0,37.04154109589041,30.730753424657532,13.509188131011012,1,not observed,False,1
2018-06-25,FLAB21,0,37.17972602739726,31.001643835616438,12.721504238561803,2,not observed,False,2
2018-06-30,FLAB21,0,37.17389244186047,31.08845038167939,12.721504238561803,2,not observed,False,3
2018-07-05,FLAB21,0,37.0720465116279,31.052534351145038,12.721504238561803,2,not observed,False,8
2018-07-10,FLAB21,0,36.970200581395346,31.016618320610686,12.721504238561803,2,not observed,False,13
2018-07-15,FLAB21,0,36.86835465116279,30.980702290076334,12.721504238561803,2,not observed,False,18
2018-07-20,FLAB21,0,36.76650872093023,30.944786259541985,12.894468554029803,1,not observed,False,18
2018-07-25,FLAB21,0,36.664662790697676,30.908870229007633,12.894468554029803,1,not observed,False,13
2018-07-30,FLAB21,0,36.56281686046512,30.87295419847328,12.894468554029803,1,not observed,False,8
2018-08-04,FLAB21,0,36.460970930232556,30.837038167938932,12.894468554029803,1,not observed,False,3
2018-08-09,FLAB21,0,36.359125,30.80112213740458,12.894468554029803,1,not observed,False,2
2018-08-14,FLAB21,0,36.25727906976744,30.765206106870227,12.894468554029803,1,not observed,False,7
2018-08-19,FLAB21,0,36.155433139534885,30.72929007633588,12.894468554029803,1,not observed,False,12
2018-08-24,FLAB21,0,36.05358720930232,30.693374045801527,13.005897751172606,1,not observed,False,8
2018-08-29,FLAB21,0,35.951741279069765,30.657458015267174,13.005897751172606,1,not observed,False,3
2018-09-03,FLAB21,0,35.84989534883721,30.621541984732822,13.005897751172606,1,not observed,False,2
2018-09-08,FLAB21,0,35.74804941860465,30.585625954198473,13.005897751172606,1,not observed,False,7
2018-09-13,FLAB21,0,35.646203488372095,30.54970992366412,13.005897751172606,1,not observed,False,12
2018-09-18,FLAB21,0,35.54435755813954,30.51379389312977,13.005897751172606,1,not observed,False,17
2018-09-23,FLAB21,0,35.442511627906974,30.47787786259542,13.005897751172606,1,not observed,False,22
2018-09-28,FLAB21,0,35.34066569767442,30.441961832061068,13.005897751172606,1,not observed,False,27
2018-12-07,FLAB21,0,33.9148226744186,29.93913740458015,12.773803029921071,2,not observed,False,27
2018-12-12,FLAB21,0,33.812976744186045,29.9032213740458,12.773803029921071,2,not observed,False,22
2018-12-17,FLAB21,0,33.71113081395349,29.86730534351145,12.773803029921071,2,not observed,False,17
2018-12-22,FLAB21,0,33.60928488372093,29.831389312977098,12.773803029921071,2,not observed,False,12
2018-12-27,FLAB21,0,33.507438953488375,29.795473282442746,12.773803029921071,2,not observed,False,7
2019-01-01,FLAB21,0,33.40559302325581,29.759557251908397,12.773803029921071,2,not observed,False,2
2019-01-06,FLAB21,0,33.303747093023254,29.723641221374045,12.773803029921071,2,not observed,False,3
2019-01-11,FLAB21,0,33.2019011627907,29.687725190839693,12.773803029921071,2,not observed,False,8
2019-01-16,FLAB21,0,33.10005523255814,29.651809160305344,12.773803029921071,2,not observed,False,13
2019-01-21,FLAB21,0,32.99820930232558,29.615893129770992,12.773803029921071,2,not observed,False,18
2019-01-26,FLAB21,0,32.89636337209302,29.57997709923664,12.773803029921071,2,not observed,False,23
2019-01-31,FLAB21,0,32.794517441860464,29.54406106870229,12.773803029921071,2,not observed,False,28
2021-12-31,FLAB21,0,11.101334302325583,21.893946564885496,12.46399113589555,2,not observed,False,27
2022-01-05,FLAB21,0,10.999488372093026,21.858030534351144,12.46399113589555,2,not observed,False,22
2022-01-10,FLAB21,0,10.897642441860466,21.822114503816792,12.46399113589555,2,not observed,False,17
2022-01-15,FLAB21,0,10.795796511627909,21.78619847328244,12.46399113589555,2,not observed,False,12
2022-01-20,FLAB21,0,10.693950581395349,21.75028244274809,12.46399113589555,2,not observed,False,7
2022-01-25,FLAB21,0,10.592104651162792,21.714366412213742,12.46399113589555,2,not observed,False,2
2022-01-30,FLAB21,0,10.490258720930235,21.94642857142857,12.46399113589555,2,not observed,False,3
2022-02-04,FLAB21,0,10.388412790697675,22.357142857142858,12.46399113589555,2,not observed,False,8
2022-02-09,FLAB21,0,10.286566860465118,22.767857142857142,12.46399113589555,2,not observed,False,13
2022-02-14,FLAB21,0,10.184720930232558,23.178571428571427,14.135787847994388,1,not observed,False,10
2022-02-19,FLAB21,0,10.082875000000001,23.589285714285715,14.135787847994388,1,not observed,False,5
2022-02-24,FLAB21,0,9.981029069767445,24.0,14.135787847994388,1,not observed,True,0
2022-03-01,FLAB21,0,9.879183139534884,24.357142857142858,14.135787847994388,1,not observed,False,5
2022-03-06,FLAB21,0,9.777337209302328,24.714285714285715,15.539185226436242,1,not observed,False,4
2022-03-11,FLAB21,0,9.675491279069767,24.904761904761905,15.539185226436242,1,not observed,False,1
2022-03-16,FLAB21,0,9.57364534883721,24.428571428571427,15.539185226436242,1,not observed,False,6
2022-03-21,FLAB21,0,9.471799418604654,23.952380952380953,6.540607859577819,1,not observed,False,10
2022-03-26,FLAB21,0,9.369953488372094,23.476190476190474,6.540607859577819,1,not observed,False,5
2022-03-31,FLAB21,0,9.268107558139537,23.0,6.540607859577819,1,not observed,True,0
2022-04-05,FLAB21,0,9.166261627906977,24.105263157894736,6.540607859577819,1,not observed,False,5
2022-04-10,FLAB21,333,9.06441569767442,25.210526315789476,11.789268439974391,2,very low,False,9
2022-04-15,FLAB21,333,8.962569767441863,26.315789473684212,11.789268439974391,2,very low,False,4
2022-04-20,FLAB21,333,8.860723837209303,27.134782608695655,11.789268439974391,2,very low,False,1
2022-04-25,FLAB21,333,8.758877906976746,26.808695652173913,11.789268439974391,2,very low,False,6
2022-04-30,FLAB21,333,8.657031976744186,26.482608695652175,11.789268439974391,2,very low,False,11
2022-05-05,FLAB21,0,8.55518604651163,26.156521739130437,10.430743495825318,2,not observed,False,7
2022-05-10,FLAB21,0,8.453340116279072,25.830434782608695,10.430743495825318,2,not observed,False,2
2022-05-15,FLAB21,0,8.351494186046512,27.3,10.430743495825318,2,not observed,False,3
2022-05-20,FLAB21,0,8.249648255813955,29.96666666666667,11.165796410668154,2,not observed,False,1
2022-05-25,FLAB21,0,8.147802325581395,29.616666666666667,10.668389603823812,1,not observed,False,2
2022-05-30,FLAB21,333,8.045956395348838,28.512500000000003,11.187380415013088,2,very low,False,3
2022-06-04,FLAB21,333,7.944110465116282,28.317500000000003,11.187380415013088,2,very low,False,2
2022-06-09,FLAB21,0,7.842264534883721,29.48625,17.955161702987738,2,not observed,False,1
2022-06-14,FLAB21,0,7.740418604651165,28.465,16.28128723099175,2,not observed,True,0
2022-06-19,FLAB21,0,7.638572674418604,28.784642857142856,16.28128723099175,2,not observed,False,5
2022-06-24,FLAB21,0,7.536726744186048,29.104285714285712,12.609398218534205,2,not observed,False,4
2022-06-29,FLAB21,0,7.434880813953491,29.37478260869565,12.609398218534205,2,not observed,False,1
2022-07-04,FLAB21,0,7.333034883720931,29.448695652173914,12.609398218534205,2,not observed,False,6
2022-07-09,FLAB21,0,7.231188953488374,29.522608695652174,12.609398218534205,2,not observed,False,11
2022-07-14,FLAB21,0,7.129343023255814,29.596521739130434,11.750315284434752,2,not observed,False,7
2022-07-19,FLAB21,0,7.027497093023257,29.670434782608694,11.750315284434752,2,not observed,False,2
2022-07-24,FLAB21,0,6.9256511627907,29.869038461538462,11.750315284434752,2,not observed,False,3
2022-07-29,FLAB21,0,6.82380523255814,30.15076923076923,11.750315284434752,2,not observed,False,8
2022-08-03,FLAB21,0,6.721959302325583,30.432499999999997,11.750315284434752,2,not observed,False,13
2022-08-08,FLAB21,0,6.6201133720930265,30.714230769230767,13.186067029081038,2,not observed,False,8
2022-08-13,FLAB21,0,6.518267441860466,30.995961538461536,13.186067029081038,2,not observed,False,3
2022-08-18,FLAB21,0,6.4164215116279095,31.064084507042253,13.186067029081038,2,not observed,False,2
2022-08-23,FLAB21,0,6.314575581395349,30.811795774647887,13.186067029081038,2,not observed,False,7
2022-08-28,FLAB21,0,6.2127296511627925,30.55950704225352,13.186067029081038,2,not observed,False,12
2022-09-02,FLAB21,0,6.110883720930236,30.307218309859156,13.186067029081038,2,not observed,False,17
2022-09-07,FLAB21,0,6.0090377906976755,30.054929577464787,13.186067029081038,2,not observed,False,22
2022-09-12,FLAB21,0,5.907191860465119,29.80264084507042,13.186067029081038,2,not observed,False,27
2022-12-06,FLAB21,0,4.175811046511626,25.513732394366198,11.583652758889347,2,not observed,False,30
2022-12-11,FLAB21,0,4.073965116279069,25.261443661971832,11.583652758889347,2,not observed,False,25
2022-12-16,FLAB21,0,3.9721191860465126,25.009154929577466,11.583652758889347,2,not observed,False,20
2022-12-21,FLAB21,0,3.870273255813956,24.7568661971831,11.583652758889347,2,not observed,False,15
2022-12-26,FLAB21,0,3.768427325581399,24.50457746478873,11.583652758889347,2,not observed,False,10
2022-12-31,FLAB21,0,3.6665813953488424,24.252288732394366,11.583652758889347,2,not observed,False,5
2023-01-05,FLAB21,0,3.5647354651162786,24.0,11.583652758889347,2,not observed,True,0
2023-01-10,FLAB21,0,3.462889534883722,24.120689655172413,11.583652758889347,2,not observed,False,5
2023-01-15,FLAB21,0,3.361043604651165,24.241379310344826,11.583652758889347,2,not observed,False,10
2023-01-20,FLAB21,333,3.2591976744186084,24.362068965517242,17.535286708940625,2,very low,False,14
2023-01-25,FLAB21,333,3.1573517441860517,24.482758620689655,17.535286708940625,2,very low,False,9
2023-01-30,FLAB21,333,3.055505813953488,24.603448275862068,17.535286708940625,2,very low,False,4
2023-02-04,FLAB21,333,2.953659883720931,24.758,17.535286708940625,2,very low,False,1
2023-02-09,FLAB21,333,2.8518139534883744,25.048,17.535286708940625,2,very low,False,6
2023-02-14,FLAB21,333,2.7499680232558177,25.337999999999997,17.535286708940625,2,very low,False,11
2023-02-19,FLAB21,0,2.648122093023261,25.628,12.017080735567058,2,not observed,False,9
2023-02-24,FLAB21,0,2.546276162790697,25.918,12.017080735567058,2,not observed,False,4
2023-03-01,FLAB21,0,2.4444302325581404,26.092307692307692,12.017080735567058,2,not observed,False,1
2023-03-06,FLAB21,0,2.3425843023255837,25.803846153846152,12.017080735567058,2,not observed,False,6
2023-03-11,FLAB21,0,2.240738372093027,25.515384615384615,11.831448341984602,2,not observed,False,2
2023-03-16,FLAB21,0,,24.169999999999998,11.831448341984602,2,not observed,False,3
2023-03-21,FLAB21,0,,22.12,15.019114854079064,1,not observed,False,2
2023-03-26,FLAB21,0,,23.59285714285714,15.019114854079064,1,not observed,False,3
2023-03-31,FLAB21,0,,26.738235294117647,11.610266899476423,2,not observed,False,1
2023-04-05,FLAB21,0,,27.179411764705883,11.610266899476423,2,not observed,False,6
2023-04-10,FLAB21,0,,27.620588235294115,11.636659391812703,2,not observed,False,6
2023-04-15,FLAB21,0,,28.06176470588235,11.636659391812703,2,not observed,False,1
2016-07-08,FLAB23,0,,,14.658201723733685,1,not observed,True,0
2016-07-13,FLAB23,0,,,14.658201723733685,1,not observed,False,5
2016-07-18,FLAB23,0,,,14.658201723733685,1,not observed,False,10
2016-07-23,FLAB23,0,,,14.658201723733685,1,not observed,False,15
2016-07-28,FLAB23,0,,,14.658201723733685,1,not observed,False,20
2016-08-02,FLAB23,0,,,14.658201723733685,1,not observed,False,25
2016-08-07,FLAB23,0,,,14.658201723733685,1,not observed,False,30
2017-09-16,FLAB23,0,,,2.564199916437693,1,not observed,False,27
2017-09-21,FLAB23,0,,,2.564199916437693,1,not observed,False,22
2017-09-26,FLAB23,0,,,2.564199916437693,1,not observed,False,17
2017-10-01,FLAB23,0,,,2.564199916437693,1,not observed,False,12
2017-10-06,FLAB23,0,,,2.564199916437693,1,not observed,False,7
2017-10-11,FLAB23,0,,,2.564199916437693,1,not observed,False,2
2017-10-16,FLAB23,0,,,8.670871172993111,1,not observed,False,2
2017-10-21,FLAB23,0,,,8.670871172993111,1,not observed,False,7
2017-10-26,FLAB23,0,,,8.670871172993111,1,not observed,False,12
2017-10-31,FLAB23,0,,,8.670871172993111,1,not observed,False,17
2017-11-05,FLAB23,0,,,8.670871172993111,1,not observed,False,22
2017-11-10,FLAB23,0,,,8.670871172993111,1,not observed,False,27
2018-05-29,FLAB23,0,,,14.215964727949974,3,not observed,False,29
2018-06-03,FLAB23,0,,,14.215964727949974,3,not observed,False,24
2018-06-08,FLAB23,0,,,14.215964727949974,3,not observed,False,19
2018-06-13,FLAB23,0,,,14.215964727949974,3,not observed,False,14
2018-06-18,FLAB23,0,,,14.215964727949974,3,not observed,False,9
2018-06-23,FLAB23,0,,,14.215964727949974,3,not observed,False,4
2018-06-28,FLAB23,0,36.07577844311377,30.532395209580837,14.215964727949974,3,not observed,False,1
2018-07-03,FLAB23,0,36.104670658682636,30.494371257485028,14.215964727949974,3,not observed,False,6
2018-07-08,FLAB23,0,36.133562874251496,30.456347305389222,14.215964727949974,3,not observed,False,11
2018-07-13,FLAB23,0,36.16245508982036,30.418323353293413,14.215964727949974,3,not observed,False,16
2018-07-18,FLAB23,0,36.19134730538922,30.380299401197604,14.215964727949974,3,not observed,False,21
2018-07-23,FLAB23,0,36.22023952095808,30.342275449101795,14.215964727949974,3,not observed,False,26
2019-04-24,FLAB23,0,37.80931137724551,28.250958083832334,14.386158341719117,1,not observed,False,30
2019-04-29,FLAB23,0,37.838203592814374,28.212934131736528,14.386158341719117,1,not observed,False,25
2019-05-04,FLAB23,0,37.86709580838323,28.17491017964072,14.386158341719117,1,not observed,False,20
2019-05-09,FLAB23,0,37.89598802395209,28.13688622754491,14.386158341719117,1,not observed,False,15
2019-05-14,FLAB23,0,37.92488023952096,28.0988622754491,14.386158341719117,1,not observed,False,10
2019-05-19,FLAB23,0,37.95377245508982,28.060838323353295,14.386158341719117,1,not observed,False,5
2019-05-24,FLAB23,0,37.982664670658686,28.022814371257486,14.386158341719117,1,not observed,True,0
2019-05-29,FLAB23,0,29.36857142857143,29.342857142857145,14.676362857778578,1,not observed,True,0
2019-06-03,FLAB23,0,7.79,32.7,13.911798911762217,3,not observed,True,0
2019-06-08,FLAB23,0,7.860455873758037,32.662887200467566,13.911798911762217,3,not observed,False,5
2019-06-13,FLAB23,0,7.930911747516072,32.62577440093513,13.911798911762217,3,not observed,False,10
2019-06-18,FLAB23,0,8.00136762127411,32.58866160140269,13.911798911762217,3,not observed,False,15
2019-06-23,FLAB23,0,8.071823495032145,32.551548801870254,13.911798911762217,3,not observed,False,20
2019-06-28,FLAB23,0,8.14227936879018,32.51443600233782,13.911798911762217,3,not observed,False,25
2019-07-03,FLAB23,0,8.212735242548218,32.47732320280538,13.911798911762217,3,not observed,False,30
2024-01-13,FLAB23,0,31.53362945645821,20.192986557568673,14.87258121841676,1,not observed,False,26
2024-01-18,FLAB23,0,31.604085330216247,20.155873758036236,14.87258121841676,1,not observed,False,21
2024-01-23,FLAB23,0,31.674541203974282,20.1187609585038,14.87258121841676,1,not observed,False,16
2024-01-28,FLAB23,0,31.744997077732318,20.081648158971362,14.87258121841676,1,not observed,False,11
2024-02-02,FLAB23,0,31.815452951490354,20.044535359438925,14.87258121841676,1,not observed,False,6
2024-02-07,FLAB23,0,31.88590882524839,20.007422559906487,14.87258121841676,1,not observed,False,1
2024-02-12,FLAB23,0,31.9,20.142857142857142,14.87258121841676,1,not observed,False,4
2024-02-17,FLAB23,0,31.9,20.321428571428573,14.872525303079994,1,not observed,False,5
2024-02-22,FLAB23,0,31.9,20.5,14.872525303079994,1,not observed,True,0
2016-03-16,FLAB25,0,31.9658,25.490000000000002,11.003647154037246,6,not observed,True,0
2016-03-21,FLAB25,0,31.96534149659864,25.468979591836735,11.003647154037246,6,not observed,False,5
2016-03-26,FLAB25,0,31.964882993197282,25.447959183673472,11.003647154037246,6,not observed,False,10
2016-03-31,FLAB25,0,31.96442448979592,25.426938775510205,11.003647154037246,6,not observed,False,15
2016-04-05,FLAB25,0,31.96396598639456,25.405918367346942,11.003647154037246,6,not observed,False,20
2016-04-10,FLAB25,0,31.9635074829932,25.384897959183675,11.003647154037246,6,not observed,False,25
2016-04-15,FLAB25,0,31.96304897959184,25.36387755102041,11.003647154037246,6,not observed,False,30
2016-10-17,FLAB25,1667,31.9460843537415,24.58612244897959,11.17998255656567,3,very low,False,30
2016-10-22,FLAB25,1667,31.94562585034014,24.565102040816324,11.17998255656567,3,very low,False,25
2016-10-27,FLAB25,1667,31.94516734693878,24.544081632653057,11.17998255656567,3,very low,False,20
2016-11-01,FLAB25,1667,31.94470884353742,24.523061224489794,11.17998255656567,3,very low,False,15
2016-11-06,FLAB25,1667,31.94425034013606,24.502040816326527,11.17998255656567,3,very low,False,10
2016-11-11,FLAB25,1667,31.9437918367347,24.481020408163264,11.17998255656567,3,very low,False,5
2016-11-16,FLAB25,1667,31.94333333333334,24.459999999999997,11.17998255656567,3,very low,True,0
2016-11-21,FLAB25,1667,32.20100877192983,24.156052631578945,11.17998255656567,3,very low,False,5
2016-11-26,FLAB25,1667,32.45868421052632,23.852105263157892,11.17998255656567,3,very low,False,10
2016-12-01,FLAB25,1667,32.71635964912281,23.54815789473684,11.17998255656567,3,very low,False,15
2016-12-06,FLAB25,1667,32.9740350877193,23.244210526315786,11.17998255656567,3,very low,False,20
2016-12-11,FLAB25,1667,33.231710526315794,22.940263157894734,11.17998255656567,3,very low,False,25
2016-12-16,FLAB25,1667,33.48938596491229,22.63631578947368,11.17998255656567,3,very low,False,30
2017-01-05,FLAB25,0,34.520087719298246,21.420526315789473,19.16777905407373,1,not observed,False,26
2017-01-10,FLAB25,0,34.77776315789474,21.11657894736842,19.16777905407373,1,not observed,False,21
2017-01-15,FLAB25,0,35.03543859649123,20.812631578947368,19.16777905407373,1,not observed,False,16
2017-01-20,FLAB25,0,35.29311403508772,20.508684210526315,19.16777905407373,1,not observed,False,11
2017-01-25,FLAB25,0,35.55078947368421,20.204736842105262,19.16777905407373,1,not observed,False,6
2017-01-30,FLAB25,0,35.8084649122807,19.90078947368421,19.16777905407373,1,not observed,False,1
2017-02-04,FLAB25,0,34.93262142857143,19.408714285714286,2.376239830868063,1,not observed,False,3
2017-02-09,FLAB25,0,35.00365714285714,19.756571428571426,2.376239830868063,1,not observed,False,8
2017-02-14,FLAB25,0,35.07469285714286,20.10442857142857,2.376239830868063,1,not observed,False,13
2017-02-19,FLAB25,0,35.14572857142857,20.452285714285715,2.376239830868063,1,not observed,False,18
2017-02-24,FLAB25,0,35.216764285714284,20.800142857142855,2.376239830868063,1,not observed,False,23
2017-03-01,FLAB25,0,35.2878,21.148,2.376239830868063,1,not observed,False,28
2017-05-25,FLAB25,0,36.49540714285714,27.06157142857143,3.2670346337155074,1,not observed,False,27
2017-05-30,FLAB25,0,36.56644285714285,27.40942857142857,3.2670346337155074,1,not observed,False,22
2017-06-04,FLAB25,0,36.63747857142857,27.757285714285715,3.2670346337155074,1,not observed,False,17
2017-06-09,FLAB25,0,36.70851428571429,28.10514285714286,3.2670346337155074,1,not observed,False,12
2017-06-14,FLAB25,0,36.77955,28.453000000000003,3.2670346337155074,1,not observed,False,7
2017-06-19,FLAB25,0,36.850585714285714,28.800857142857144,3.2670346337155074,1,not observed,False,2
2017-06-24,FLAB25,0,36.76881773399015,28.767733990147786,3.2670346337155074,1,not observed,False,3
2017-06-29,FLAB25,0,36.58518062397373,28.480623973727422,3.2670346337155074,1,not observed,False,8
2017-07-04,FLAB25,0,36.40154351395731,28.19351395730706,3.2670346337155074,1,not observed,False,13
2017-07-09,FLAB25,0,36.21790640394089,27.9064039408867,3.2670346337155074,1,not observed,False,18
2017-07-14,FLAB25,0,36.03426929392447,27.61929392446634,3.2670346337155074,1,not observed,False,23
2017-07-19,FLAB25,0,35.85063218390805,27.332183908045977,3.2670346337155074,1,not observed,False,28
2017-12-11,FLAB25,0,30.525155993431852,19.0059934318555,11.17998255656567,3,not observed,False,30
2017-12-16,FLAB25,0,30.341518883415432,18.718883415435137,11.17998255656567,3,not observed,False,25
2017-12-21,FLAB25,0,30.157881773399012,18.431773399014777,11.17998255656567,3,not observed,False,20
2017-12-26,FLAB25,0,29.974244663382592,18.144663382594416,11.17998255656567,3,not observed,False,15
2017-12-31,FLAB25,0,29.790607553366172,17.857553366174052,11.17998255656567,3,not observed,False,10
2018-01-05,FLAB25,0,29.606970443349752,17.570443349753692,11.17998255656567,3,not observed,False,5
2018-01-10,FLAB25,0,29.423333333333332,17.28333333333333,11.17998255656567,3,not observed,True,0
2018-01-15,FLAB25,0,29.95949152542373,17.612711864406776,11.17998255656567,3,not observed,False,5
2018-01-20,FLAB25,0,30.495649717514123,17.942090395480225,11.17998255656567,3,not observed,False,10
2018-01-25,FLAB25,0,31.03180790960452,18.27146892655367,11.17998255656567,3,not observed,False,15
2018-01-30,FLAB25,0,31.567966101694914,18.60084745762712,11.17998255656567,3,not observed,False,20
2018-02-04,FLAB25,0,32.10412429378531,18.930225988700563,11.17998255656567,3,not observed,False,25
2018-02-09,FLAB25,0,32.64028248587571,19.259604519774012,19.16777905407373,1,not observed,False,29
2018-02-14,FLAB25,0,33.1764406779661,19.588983050847457,19.16777905407373,1,not observed,False,24
2018-02-19,FLAB25,0,33.712598870056496,19.918361581920905,19.16777905407373,1,not observed,False,19
2018-02-24,FLAB25,0,34.24875706214689,20.24774011299435,19.16777905407373,1,not observed,False,14
2018-03-01,FLAB25,0,34.78491525423729,20.5771186440678,19.16777905407373,1,not observed,False,9
2018-03-06,FLAB25,0,35.32107344632768,20.906497175141244,19.16777905407373,1,not observed,False,4
2018-03-11,FLAB25,0,35.74845327102804,21.26,19.16777905407373,1,not observed,False,1
2018-03-16,FLAB25,0,35.74071962616822,21.71,19.16777905407373,1,not observed,False,6
2018-03-21,FLAB25,0,35.73298598130841,22.16,19.16777905407373,1,not observed,False,11
2018-03-26,FLAB25,0,35.7252523364486,22.610000000000003,19.16777905407373,1,not observed,False,16
2018-03-31,FLAB25,0,35.717518691588786,23.060000000000002,19.16777905407373,1,not observed,False,21
2018-04-05,FLAB25,0,35.709785046728975,23.51,19.16777905407373,1,not observed,False,26
2018-05-30,FLAB25,0,35.624714953271024,28.46,10.772009442470896,2,not observed,False,26
2018-06-04,FLAB25,0,35.61698130841121,28.91,10.772009442470896,2,not observed,False,21
2018-06-09,FLAB25,0,35.6092476635514,29.36,10.772009442470896,2,not observed,False,16
2018-06-14,FLAB25,0,35.60151401869159,29.810000000000002,10.772009442470896,2,not observed,False,11
2018-06-19,FLAB25,0,35.59378037383178,30.259999999999998,10.772009442470896,2,not observed,False,6
2018-06-24,FLAB25,0,35.58604672897196,30.71,10.772009442470896,2,not observed,False,1
2018-06-29,FLAB25,0,35.591877777777775,30.755111111111113,10.772009442470896,2,not observed,False,4
2018-07-04,FLAB25,0,35.6011,30.699,10.772009442470896,2,not observed,False,9
2018-07-09,FLAB25,0,35.61032222222222,30.64288888888889,10.772009442470896,2,not observed,False,14
2018-07-14,FLAB25,0,35.61954444444444,30.58677777777778,10.772009442470896,2,not observed,False,19
2018-07-19,FLAB25,0,35.62876666666667,30.53066666666667,10.772009442470896,2,not observed,False,21
2018-07-24,FLAB25,0,35.63798888888889,30.474555555555558,10.772009442470896,2,not observed,False,16
2018-07-29,FLAB25,0,35.64721111111111,30.418444444444447,10.772009442470896,2,not observed,False,11
2018-08-03,FLAB25,0,35.65643333333334,30.362333333333336,10.772009442470896,2,not observed,False,6
2018-08-08,FLAB25,0,35.66565555555556,30.306222222222225,10.772009442470896,2,not observed,False,1
2018-08-13,FLAB25,0,35.6805985915493,30.22429577464789,10.772009442470896,2,not observed,False,4
2018-08-18,FLAB25,0,35.696971830985916,30.135915492957746,10.772009442470896,2,not observed,False,9
2018-08-23,FLAB25,0,35.71334507042254,30.047535211267608,10.772009442470896,2,not observed,False,14
2018-08-28,FLAB25,0,35.72971830985916,29.959154929577466,10.772009442470896,2,not observed,False,19
2018-09-02,FLAB25,0,35.74609154929578,29.870774647887323,10.772009442470896,2,not observed,False,24
2018-09-07,FLAB25,0,35.762464788732395,29.782394366197185,10.772009442470896,2,not observed,False,29
2018-09-22,FLAB25,0,35.811584507042255,29.51725352112676,19.16777905407373,1,not observed,False,27
2018-09-27,FLAB25,0,35.82795774647887,29.42887323943662,19.16777905407373,1,not observed,False,22
2018-10-02,FLAB25,0,35.84433098591549,29.340492957746477,19.16777905407373,1,not observed,False,17
2018-10-07,FLAB25,0,35.86070422535211,29.25211267605634,19.16777905407373,1,not observed,False,12
2018-10-12,FLAB25,0,35.877077464788734,29.163732394366196,19.16777905407373,1,not observed,False,7
2018-10-17,FLAB25,0,35.89345070422535,29.075352112676057,19.16777905407373,1,not observed,False,2
2018-10-22,FLAB25,0,35.78942857142857,28.738857142857142,19.16777905407373,1,not observed,False,3
2018-10-27,FLAB25,0,35.60514285714286,28.23695238095238,19.16777905407373,1,not observed,False,8
2018-11-01,FLAB25,0,35.420857142857145,27.73504761904762,19.16777905407373,1,not observed,False,13
2018-11-06,FLAB25,0,35.23657142857143,27.233142857142855,19.16777905407373,1,not observed,False,18
2018-11-11,FLAB25,0,35.052285714285716,26.731238095238094,19.16777905407373,1,not observed,False,23
2018-11-16,FLAB25,0,34.868,26.229333333333333,19.16777905407373,1,not observed,False,28
2019-01-05,FLAB25,0,33.02514285714286,21.210285714285714,11.995928784755225,1,not observed,False,27
2019-01-10,FLAB25,0,32.840857142857146,20.70838095238095,11.995928784755225,1,not observed,False,22
2019-01-15,FLAB25,0,32.65657142857143,20.206476190476188,11.995928784755225,1,not observed,False,17
2019-01-20,FLAB25,0,32.47228571428572,19.704571428571427,11.995928784755225,1,not observed,False,12
2019-01-25,FLAB25,0,32.288000000000004,19.202666666666666,11.995928784755225,1,not observed,False,7
2019-01-30,FLAB25,0,32.10371428571429,18.700761904761904,11.995928784755225,1,not observed,False,2
2019-02-04,FLAB25,0,32.1617032967033,18.8,11.995928784755225,1,not observed,False,3
2019-02-09,FLAB25,0,32.38120879120879,19.3,11.995928784755225,1,not observed,False,8
2019-02-14,FLAB25,0,32.60071428571429,19.8,11.995928784755225,1,not observed,False,13
2019-02-19,FLAB25,0,32.82021978021978,20.3,11.995928784755225,1,not observed,False,18
2019-02-24,FLAB25,0,33.03972527472528,20.8,11.995928784755225,1,not observed,False,23
2019-03-01,FLAB25,0,33.25923076923077,21.3,11.995928784755225,1,not observed,False,28
2019-04-05,FLAB25,0,34.79576923076923,24.8,10.772009442470896,2,not observed,False,28
2019-04-10,FLAB25,0,35.01527472527472,25.3,10.772009442470896,2,not observed,False,23
2019-04-15,FLAB25,0,35.23478021978022,25.8,10.772009442470896,2,not observed,False,18
2019-04-20,FLAB25,0,35.45428571428571,26.3,10.772009442470896,2,not observed,False,13
2019-04-25,FLAB25,0,35.67379120879121,26.8,10.772009442470896,2,not observed,False,8
2019-04-30,FLAB25,0,35.8932967032967,27.3,10.772009442470896,2,not observed,False,3
2019-05-05,FLAB25,0,36.03448351648351,27.681538461538462,10.772009442470896,2,not observed,False,2
2019-05-10,FLAB25,0,36.05819230769231,27.885384615384616,10.772009442470896,2,not observed,False,7
2019-05-15,FLAB25,0,36.0819010989011,28.08923076923077,10.772009442470896,2,not observed,False,12
2019-05-20,FLAB25,0,36.10560989010989,28.293076923076924,10.772009442470896,2,not observed,False,17
2019-05-25,FLAB25,0,36.12931868131868,28.49692307692308,10.772009442470896,2,not observed,False,22
2019-05-30,FLAB25,0,36.15302747252747,28.700769230769232,10.772009442470896,2,not observed,False,27
2019-07-04,FLAB25,0,36.31898901098901,30.12769230769231,8.747271752809358,2,not observed,False,29
2019-07-09,FLAB25,0,36.3426978021978,30.331538461538464,8.747271752809358,2,not observed,False,24
2019-07-14,FLAB25,0,36.366406593406595,30.53538461538462,8.747271752809358,2,not observed,False,19
2019-07-19,FLAB25,0,36.390115384615385,30.739230769230772,8.747271752809358,2,not observed,False,14
2019-07-24,FLAB25,0,36.413824175824175,30.943076923076926,8.747271752809358,2,not observed,False,9
2019-07-29,FLAB25,0,36.437532967032965,31.14692307692308,8.747271752809358,2,not observed,False,4
2019-08-03,FLAB25,0,36.480525862068966,31.254310344827587,8.747271752809358,2,not observed,False,1
2019-08-08,FLAB25,0,36.600655172413795,30.97586206896552,8.747271752809358,2,not observed,False,6
2019-08-13,FLAB25,0,36.72078448275862,30.69741379310345,8.747271752809358,2,not observed,False,11
2019-08-18,FLAB25,0,36.84091379310345,30.418965517241382,8.747271752809358,2,not observed,False,16
2019-08-23,FLAB25,0,36.961043103448276,30.14051724137931,8.747271752809358,2,not observed,False,21
2019-08-28,FLAB25,0,37.081172413793105,29.862068965517242,8.747271752809358,2,not observed,False,26
2019-09-02,FLAB25,0,37.201301724137934,29.583620689655174,19.16777905407373,1,not observed,False,27
2019-09-07,FLAB25,0,37.32143103448276,29.305172413793102,19.16777905407373,1,not observed,False,22
2019-09-12,FLAB25,0,37.441560344827586,29.026724137931033,19.16777905407373,1,not observed,False,17
2019-09-17,FLAB25,0,37.561689655172415,28.748275862068965,19.16777905407373,1,not observed,False,12
2019-09-22,FLAB25,0,37.681818965517245,28.469827586206897,19.16777905407373,1,not observed,False,7
2019-09-27,FLAB25,0,37.80194827586207,28.191379310344825,19.16777905407373,1,not observed,False,2
2019-10-02,FLAB25,0,37.59992857142857,27.796964285714285,19.16777905407373,1,not observed,False,3
2019-10-07,FLAB25,0,37.183142857142855,27.325238095238095,19.16777905407373,1,not observed,False,8
2019-10-12,FLAB25,0,36.766357142857146,26.853511904761902,19.16777905407373,1,not observed,False,13
2019-10-17,FLAB25,0,36.34957142857143,26.381785714285712,19.16777905407373,1,not observed,False,18
2019-10-22,FLAB25,0,35.932785714285714,25.910059523809522,19.16777905407373,1,not observed,False,23
2019-10-27,FLAB25,0,35.516,25.438333333333333,19.16777905407373,1,not observed,False,28
2019-11-01,FLAB25,0,35.09921428571428,24.966607142857143,11.17998255656567,3,not observed,False,23
2019-11-06,FLAB25,0,34.68242857142857,24.494880952380953,11.17998255656567,3,not observed,False,18
2019-11-11,FLAB25,0,34.26564285714285,24.023154761904763,11.17998255656567,3,not observed,False,13
2019-11-16,FLAB25,0,33.84885714285714,23.551428571428573,11.17998255656567,3,not observed,False,8
2019-11-21,FLAB25,0,33.432071428571426,23.07970238095238,11.17998255656567,3,not observed,False,3
2019-11-26,FLAB25,0,33.16045833333333,22.735833333333332,11.17998255656567,3,not observed,False,2
2019-12-01,FLAB25,0,33.10660416666666,22.583750000000002,11.17998255656567,3,not observed,False,7
2019-12-06,FLAB25,0,33.052749999999996,22.43166666666667,11.17998255656567,3,not observed,False,12
2019-12-11,FLAB25,0,32.99889583333333,22.279583333333335,11.17998255656567,3,not observed,False,17
2019-12-16,FLAB25,0,32.94504166666666,22.1275,21.87541330004659,2,not observed,False,15
2019-12-21,FLAB25,0,32.8911875,21.975416666666668,21.87541330004659,2,not observed,False,10
2019-12-26,FLAB25,0,32.83733333333333,21.823333333333334,21.87541330004659,2,not observed,False,5
2019-12-31,FLAB25,0,32.783479166666666,21.67125,21.87541330004659,2,not observed,True,0
2020-01-05,FLAB25,0,32.729625,21.51916666666667,21.87541330004659,2,not observed,False,5
2020-01-10,FLAB25,0,32.67577083333333,21.367083333333337,11.17998255656567,3,not observed,False,1
2020-01-15,FLAB25,0,32.68259663865546,21.357383753501402,11.17998255656567,3,not observed,False,4
2020-01-20,FLAB25,0,32.70459243697479,21.383280112044822,11.17998255656567,3,not observed,False,9
2020-01-25,FLAB25,0,32.726588235294116,21.40917647058824,11.17998255656567,3,not observed,False,14
2020-01-30,FLAB25,0,32.74858403361345,21.435072829131656,11.17998255656567,3,not observed,False,19
2020-02-04,FLAB25,0,32.77057983193277,21.460969187675072,11.17998255656567,3,not observed,False,24
2020-02-09,FLAB25,0,32.7925756302521,21.48686554621849,11.17998255656567,3,not observed,False,29
2023-03-20,FLAB25,0,37.785621848739495,27.36533893557423,11.072479360279097,1,not observed,False,26
2023-03-25,FLAB25,0,37.80761764705882,27.39123529411765,11.072479360279097,1,not observed,False,21
2023-03-30,FLAB25,0,37.82961344537815,27.417131652661062,11.072479360279097,1,not observed,False,16
2023-04-04,FLAB25,0,37.851609243697474,27.443028011204483,11.072479360279097,1,not observed,False,11
2023-04-09,FLAB25,0,37.873605042016806,27.4689243697479,11.072479360279097,1,not observed,False,6
2023-04-14,FLAB25,0,37.89560084033613,27.494820728291316,11.072479360279097,1,not observed,False,1
2023-04-19,FLAB25,0,,,11.072479360279097,1,not observed,False,4
2023-04-24,FLAB25,0,,,11.072479360279097,1,not observed,False,9
2023-04-29,FLAB25,0,,,11.072479360279097,1,not observed,False,14
2023-05-04,FLAB25,0,,,11.072479360279097,1,not observed,False,19
2023-05-09,FLAB25,0,,,11.072479360279097,1,not observed,False,24
2023-05-14,FLAB25,0,,,11.072479360279097,1,not observed,False,29
2023-12-05,FLAB25,0,,,21.94260054064106,2,not observed,False,28
2023-12-10,FLAB25,0,,,21.94260054064106,2,not observed,False,23
2023-12-15,FLAB25,0,,,21.94260054064106,2,not observed,False,18
2023-12-20,FLAB25,0,,,21.94260054064106,2,not observed,False,13
2023-12-25,FLAB25,0,,,21.94260054064106,2,not observed,False,8
2023-12-30,FLAB25,0,,,21.94260054064106,2,not observed,False,3
2024-01-04,FLAB25,0,,,21.94260054064106,2,not observed,False,2
2024-01-09,FLAB25,0,,,21.94260054064106,2,not observed,False,7
2024-01-14,FLAB25,0,,,21.94260054064106,2,not observed,False,5
2024-01-19,FLAB25,0,,,21.94260054064106,2,not observed,True,0
2024-01-24,FLAB25,0,,,21.94260054064106,2,not observed,False,5
2024-01-29,FLAB25,0,,,21.94260054064106,2,not observed,False,4
2024-02-03,FLAB25,0,,,21.94260054064106,2,not observed,False,1
2024-02-08,FLAB25,0,,,21.94260054064106,2,not observed,False,6
2024-02-13,FLAB25,0,,,21.94260054064106,2,not observed,False,4
2016-02-17,FLAB27,0,,,5.580403142691839,4,not observed,True,0
2016-02-22,FLAB27,0,,,5.580403142691839,4,not observed,False,5
2016-02-27,FLAB27,0,,,5.580403142691839,4,not observed,False,2
2016-03-03,FLAB27,0,,,5.580403142691839,4,not observed,False,3
2016-03-08,FLAB27,0,,,5.580403142691839,4,not observed,False,8
2016-03-13,FLAB27,0,,,5.580403142691839,4,not observed,False,13
2016-03-18,FLAB27,0,,,5.580403142691839,4,not observed,False,10
2016-03-23,FLAB27,0,,,5.580403142691839,4,not observed,False,5
2016-03-28,FLAB27,0,,,5.580403142691839,4,not observed,True,0
2016-04-02,FLAB27,0,,,5.580403142691839,4,not observed,False,5
2016-04-07,FLAB27,0,,,5.580403142691839,4,not observed,False,10
2016-04-12,FLAB27,0,,,5.580403142691839,4,not observed,False,13
2016-04-17,FLAB27,0,,,5.580403142691839,4,not observed,False,8
2016-04-22,FLAB27,0,,,5.580403142691839,4,not observed,False,3
2016-04-27,FLAB27,0,,,5.580403142691839,4,not observed,False,2
2016-05-02,FLAB27,0,,,5.580403142691839,4,not observed,False,7
2016-05-07,FLAB27,0,,,5.580403142691839,4,not observed,False,9
2016-05-12,FLAB27,0,,,5.580403142691839,4,not observed,False,4
2016-05-17,FLAB27,0,,,5.580403142691839,4,not observed,False,1
2016-05-22,FLAB27,0,,,5.580403142691839,4,not observed,False,6
2016-05-27,FLAB27,0,,,5.580403142691839,4,not observed,False,4
2016-06-01,FLAB27,0,,,5.580403142691839,4,not observed,False,1
2016-06-06,FLAB27,0,,,5.580403142691839,4,not observed,False,6
2016-06-11,FLAB27,0,,,5.580403142691839,4,not observed,False,11
2016-06-16,FLAB27,0,,,3.892238739567294,3,not observed,False,13
2016-06-21,FLAB27,0,,,3.892238739567294,3,not observed,False,8
2016-06-26,FLAB27,0,,,3.892238739567294,3,not observed,False,3
2016-07-01,FLAB27,0,,,3.892238739567294,3,not observed,False,2
2016-07-06,FLAB27,0,,,3.892238739567294,3,not observed,False,7
2016-07-11,FLAB27,0,,,5.580403142691839,4,not observed,False,2
2016-07-16,FLAB27,0,,,5.580403142691839,4,not observed,False,3
2016-07-21,FLAB27,0,,,5.580403142691839,4,not observed,False,4
2016-07-26,FLAB27,0,,,5.580403142691839,4,not observed,False,1
2016-07-31,FLAB27,0,,,5.580403142691839,4,not observed,False,6
2016-08-05,FLAB27,0,,,5.580403142691839,4,not observed,False,11
2016-08-10,FLAB27,0,,,5.580403142691839,4,not observed,False,16
2016-08-15,FLAB27,0,,,5.580403142691839,4,not observed,False,21
2016-08-20,FLAB27,0,,,5.580403142691839,4,not observed,False,19
2016-08-25,FLAB27,0,,,5.580403142691839,4,not observed,False,14
2016-08-30,FLAB27,0,,,5.580403142691839,4,not observed,False,9
2016-09-04,FLAB27,0,,,5.580403142691839,4,not observed,False,4
2016-09-09,FLAB27,0,,,5.580403142691839,4,not observed,False,1
2016-09-14,FLAB27,0,,,5.580403142691839,4,not observed,False,6
2016-09-19,FLAB27,0,,,5.580403142691839,4,not observed,False,9
2016-09-24,FLAB27,0,,,5.580403142691839,4,not observed,False,4
2016-09-29,FLAB27,0,,,5.580403142691839,4,not observed,False,1
2016-10-04,FLAB27,0,,,5.580403142691839,4,not observed,False,6
2016-10-09,FLAB27,0,,,5.580403142691839,4,not observed,False,11
2016-10-14,FLAB27,0,,,5.580403142691839,4,not observed,False,16
2016-10-19,FLAB27,0,,,5.580403142691839,4,not observed,False,21
2016-10-24,FLAB27,0,,,5.580403142691839,4,not observed,False,17
2016-10-29,FLAB27,0,,,5.580403142691839,4,not observed,False,12
2016-11-03,FLAB27,0,,,5.580403142691839,4,not observed,False,7
2016-11-08,FLAB27,0,,,5.580403142691839,4,not observed,False,2
2016-11-13,FLAB27,0,,,5.580403142691839,4,not observed,False,3
2016-11-18,FLAB27,0,,24.714018917729874,12.686889268946137,2,not observed,False,2
2016-11-23,FLAB27,0,,24.711566212054553,5.530201064431734,1,not observed,False,1
2016-11-28,FLAB27,0,,24.709113506379236,5.530201064431734,1,not observed,False,6
2016-12-03,FLAB27,0,,24.706660800703915,5.530201064431734,1,not observed,False,11
2016-12-08,FLAB27,0,,24.704208095028598,5.580403142691839,4,not observed,False,7
2016-12-13,FLAB27,0,,24.701755389353277,5.580403142691839,4,not observed,False,2
2016-12-18,FLAB27,0,,24.69930268367796,5.580403142691839,4,not observed,False,3
2016-12-23,FLAB27,0,,24.69684997800264,5.580403142691839,4,not observed,False,8
2016-12-28,FLAB27,0,,24.694397272327322,5.580403142691839,4,not observed,False,8
2017-01-02,FLAB27,0,,24.691944566652,5.580403142691839,4,not observed,False,3
2017-01-07,FLAB27,0,,24.689491860976684,5.580403142691839,4,not observed,False,2
2017-01-12,FLAB27,0,,24.687039155301363,5.580403142691839,4,not observed,False,7
2017-01-17,FLAB27,0,,24.684586449626046,5.580403142691839,4,not observed,False,10
2017-01-22,FLAB27,0,,24.682133743950725,5.580403142691839,4,not observed,False,5
2017-01-27,FLAB27,0,,24.679681038275408,5.580403142691839,4,not observed,True,0
2017-02-01,FLAB27,0,,24.677228332600087,5.580403142691839,4,not observed,False,5
2017-02-06,FLAB27,0,,24.67477562692477,5.580403142691839,4,not observed,False,3
2017-02-11,FLAB27,0,,24.67232292124945,5.580403142691839,4,not observed,False,2
2017-02-16,FLAB27,0,,24.669870215574132,5.580403142691839,4,not observed,False,5
2017-02-21,FLAB27,0,,24.66741750989881,5.580403142691839,4,not observed,True,0
2017-02-26,FLAB27,0,,24.664964804223494,5.580403142691839,4,not observed,False,5
2017-03-03,FLAB27,0,,24.662512098548174,5.580403142691839,4,not observed,False,6
2017-03-08,FLAB27,0,,24.660059392872856,5.580403142691839,4,not observed,False,1
2017-03-13,FLAB27,0,,24.657606687197536,5.580403142691839,4,not observed,False,4
2017-03-18,FLAB27,0,,24.65515398152222,5.580403142691839,4,not observed,False,9
2017-03-23,FLAB27,0,,24.652701275846898,5.580403142691839,4,not observed,False,4
2017-03-28,FLAB27,0,,24.65024857017158,5.580403142691839,4,not observed,False,1
2017-04-02,FLAB27,0,,24.64779586449626,5.580403142691839,4,not observed,False,6
2017-04-07,FLAB27,0,,24.645343158820943,5.580403142691839,4,not observed,False,11
2017-04-12,FLAB27,0,,24.642890453145622,5.580403142691839,4,not observed,False,16
2017-04-17,FLAB27,0,,24.640437747470305,5.580403142691839,4,not observed,False,21
2017-04-22,FLAB27,0,,24.637985041794984,5.580403142691839,4,not observed,False,17
2017-04-27,FLAB27,0,,24.635532336119667,5.580403142691839,4,not observed,False,12
2017-05-02,FLAB27,0,,24.633079630444346,5.580403142691839,4,not observed,False,7
2017-05-07,FLAB27,0,,24.63062692476903,5.580403142691839,4,not observed,False,2
2017-05-12,FLAB27,0,,24.628174219093708,5.580403142691839,4,not observed,False,3
2017-05-17,FLAB27,0,,24.62572151341839,5.580403142691839,4,not observed,False,8
2017-05-22,FLAB27,0,,24.62326880774307,5.580403142691839,4,not observed,False,5
2017-05-27,FLAB27,0,,24.620816102067753,5.580403142691839,4,not observed,True,0
2017-06-01,FLAB27,0,,24.618363396392432,5.580403142691839,4,not observed,False,5
2017-06-06,FLAB27,0,,24.615910690717115,5.580403142691839,4,not observed,False,8
2017-06-11,FLAB27,0,,24.613457985041794,5.580403142691839,4,not observed,False,3
2017-06-16,FLAB27,0,,24.611005279366477,5.580403142691839,4,not observed,False,2
2017-06-21,FLAB27,0,,24.608552573691156,5.580403142691839,4,not observed,False,7
2017-06-26,FLAB27,0,,24.60609986801584,5.580403142691839,4,not observed,False,4
2017-07-01,FLAB27,0,,24.60364716234052,5.580403142691839,4,not observed,False,1
2017-07-06,FLAB27,0,,24.6011944566652,5.580403142691839,4,not observed,False,6
2017-07-11,FLAB27,0,,24.59874175098988,5.580403142691839,4,not observed,False,11
2017-07-16,FLAB27,0,,24.596289045314563,5.580403142691839,4,not observed,False,13
2017-07-21,FLAB27,0,,24.593836339639243,5.580403142691839,4,not observed,False,8
2017-07-26,FLAB27,0,,24.591383633963925,5.580403142691839,4,not observed,False,3
2017-07-31,FLAB27,0,,24.588930928288605,5.580403142691839,4,not observed,False,2
2017-08-05,FLAB27,0,,24.586478222613287,5.580403142691839,4,not observed,False,7
2017-08-10,FLAB27,0,,24.584025516937967,5.580403142691839,4,not observed,False,7
2017-08-15,FLAB27,0,,24.58157281126265,5.580403142691839,4,not observed,False,2
2017-08-20,FLAB27,0,,24.57912010558733,5.580403142691839,4,not observed,False,3
2017-08-25,FLAB27,0,,24.57666739991201,5.580403142691839,4,not observed,False,6
2017-08-30,FLAB27,0,,24.57421469423669,5.580403142691839,4,not observed,False,1
2017-09-04,FLAB27,0,,24.571761988561374,5.580403142691839,4,not observed,False,4
2017-09-09,FLAB27,0,,24.569309282886053,5.580403142691839,4,not observed,False,9
2017-09-14,FLAB27,0,,24.566856577210736,5.580403142691839,4,not observed,False,14
2017-09-19,FLAB27,0,,24.564403871535415,5.580403142691839,4,not observed,False,19
2017-09-24,FLAB27,0,,24.561951165860098,5.580403142691839,4,not observed,False,22
2017-09-29,FLAB27,0,,24.559498460184777,5.580403142691839,4,not observed,False,17
2017-10-04,FLAB27,0,,24.55704575450946,5.580403142691839,4,not observed,False,12
2017-10-09,FLAB27,0,,24.55459304883414,5.580403142691839,4,not observed,False,7
2017-10-14,FLAB27,0,,24.552140343158822,5.580403142691839,4,not observed,False,2
2017-10-19,FLAB27,0,,24.5496876374835,5.580403142691839,4,not observed,False,3
2017-10-24,FLAB27,0,,24.547234931808184,5.580403142691839,4,not observed,False,8
2017-10-29,FLAB27,0,,24.544782226132863,5.580403142691839,4,not observed,False,4
2017-11-03,FLAB27,0,,24.542329520457546,5.580403142691839,4,not observed,False,1
2017-11-08,FLAB27,0,,24.539876814782225,5.580403142691839,4,not observed,False,6
2017-11-13,FLAB27,0,,24.537424109106908,5.580403142691839,4,not observed,False,9
2017-11-18,FLAB27,0,,24.534971403431587,5.580403142691839,4,not observed,False,4
2017-11-23,FLAB27,0,,24.53251869775627,5.580403142691839,4,not observed,False,1
2017-11-28,FLAB27,0,,24.53006599208095,5.580403142691839,4,not observed,False,6
2017-12-03,FLAB27,0,,24.527613286405632,5.580403142691839,4,not observed,False,5
2017-12-08,FLAB27,0,,24.52516058073031,5.580403142691839,4,not observed,True,0
2017-12-13,FLAB27,0,,24.522707875054994,5.580403142691839,4,not observed,False,5
2017-12-18,FLAB27,0,,24.520255169379674,5.580403142691839,4,not observed,True,0
2017-12-23,FLAB27,0,,24.517802463704356,5.580403142691839,4,not observed,False,5
2017-12-28,FLAB27,0,,24.515349758029036,5.580403142691839,4,not observed,False,10
2018-01-02,FLAB27,0,,24.51289705235372,5.580403142691839,4,not observed,False,7
2018-01-07,FLAB27,0,,24.510444346678398,5.580403142691839,4,not observed,False,2
2018-01-12,FLAB27,0,,24.50799164100308,5.580403142691839,4,not observed,False,3
2018-01-17,FLAB27,0,,24.50553893532776,5.580403142691839,4,not observed,False,6
2018-01-22,FLAB27,0,,24.503086229652443,5.580403142691839,4,not observed,False,1
2018-01-27,FLAB27,0,,24.500633523977122,5.580403142691839,4,not observed,False,4
2018-02-01,FLAB27,9000,,24.498180818301805,5.580403142691839,4,very low,False,7
2018-02-06,FLAB27,9000,,24.495728112626484,5.580403142691839,4,very low,False,2
2018-02-11,FLAB27,9000,,24.493275406951167,5.580403142691839,4,very low,False,3
2018-02-16,FLAB27,103000,,24.490822701275846,3.0946109754388984,1,medium,False,3
2018-02-21,FLAB27,103000,,24.48836999560053,3.0946109754388984,1,medium,False,2
2018-02-26,FLAB27,0,,24.485917289925208,5.580403142691839,4,not observed,True,0
2018-03-03,FLAB27,0,,24.48346458424989,5.580403142691839,4,not observed,False,5
2018-03-08,FLAB27,0,,24.48101187857457,5.580403142691839,4,not observed,False,10
2018-03-13,FLAB27,0,,24.478559172899253,5.580403142691839,4,not observed,False,6
2018-03-18,FLAB27,0,,24.476106467223932,5.580403142691839,4,not observed,False,1
2018-03-23,FLAB27,0,,24.473653761548615,5.580403142691839,4,not observed,False,4
2018-03-28,FLAB27,0,,24.471201055873294,5.580403142691839,4,not observed,False,9
2018-04-02,FLAB27,0,,24.468748350197977,5.580403142691839,4,not observed,False,14
2018-04-07,FLAB27,0,,24.466295644522656,5.580403142691839,4,not observed,False,11
2018-04-12,FLAB27,0,,24.46384293884734,5.580403142691839,4,not observed,False,6
2018-04-17,FLAB27,0,,24.46139023317202,5.580403142691839,4,not observed,False,1
2018-04-22,FLAB27,0,,24.4589375274967,5.580403142691839,4,not observed,False,4
2018-04-27,FLAB27,0,,24.45648482182138,5.580403142691839,4,not observed,False,9
2018-05-02,FLAB27,0,,24.454032116146063,5.580403142691839,4,not observed,False,13
2018-05-07,FLAB27,0,,24.451579410470742,5.580403142691839,4,not observed,False,8
2018-05-12,FLAB27,0,,24.449126704795425,5.580403142691839,4,not observed,False,3
2018-05-17,FLAB27,0,,24.446673999120105,5.580403142691839,4,not observed,False,2
2018-05-22,FLAB27,0,,24.444221293444787,5.580403142691839,4,not observed,False,7
2018-05-27,FLAB27,0,,24.441768587769467,5.580403142691839,4,not observed,False,10
2018-06-01,FLAB27,0,,24.43931588209415,5.580403142691839,4,not observed,False,5
2018-06-06,FLAB27,0,,24.43686317641883,5.580403142691839,4,not observed,True,0
2018-06-11,FLAB27,0,,24.43441047074351,5.580403142691839,4,not observed,False,5
2018-06-16,FLAB27,0,,24.43195776506819,5.580403142691839,4,not observed,False,7
2018-06-21,FLAB27,0,,24.429505059392874,5.580403142691839,4,not observed,False,2
2018-06-26,FLAB27,0,,24.427052353717553,5.580403142691839,4,not observed,False,3
2018-07-01,FLAB27,0,,24.424599648042236,5.580403142691839,4,not observed,False,8
2018-07-06,FLAB27,0,,24.422146942366915,5.580403142691839,4,not observed,False,13
2018-07-11,FLAB27,0,,24.419694236691598,5.580403142691839,4,not observed,False,9
2018-07-16,FLAB27,0,,24.417241531016277,5.580403142691839,4,not observed,False,4
2018-07-21,FLAB27,0,,24.41478882534096,5.580403142691839,4,not observed,False,1
2018-07-26,FLAB27,0,,24.41233611966564,5.580403142691839,4,not observed,False,6
2018-07-31,FLAB27,0,,24.409883413990322,5.580403142691839,4,not observed,False,8
2018-08-05,FLAB27,0,,24.407430708315,5.580403142691839,4,not observed,False,3
2018-08-10,FLAB27,0,,24.404978002639684,5.580403142691839,4,not observed,False,2
2018-08-15,FLAB27,0,,24.402525296964363,5.580403142691839,4,not observed,False,5
2018-08-20,FLAB27,0,,24.400072591289046,5.580403142691839,4,not observed,True,0
2018-08-25,FLAB27,0,,24.397619885613725,5.580403142691839,4,not observed,False,5
2018-08-30,FLAB27,0,,24.395167179938408,5.580403142691839,4,not observed,False,10
2018-09-04,FLAB27,0,,24.392714474263087,5.580403142691839,4,not observed,False,6
2018-09-09,FLAB27,0,,24.39026176858777,5.580403142691839,4,not observed,False,1
2018-09-14,FLAB27,0,,24.38780906291245,5.580403142691839,4,not observed,False,4
2018-09-19,FLAB27,0,,24.385356357237132,5.580403142691839,4,not observed,False,6
2018-09-24,FLAB27,0,,24.38290365156181,5.580403142691839,4,not observed,False,1
2018-09-29,FLAB27,0,,24.380450945886494,5.580403142691839,4,not observed,False,4
2018-10-04,FLAB27,0,,24.377998240211173,5.580403142691839,4,not observed,False,6
2018-10-09,FLAB27,0,,24.375545534535856,5.580403142691839,4,not observed,False,1
2018-10-14,FLAB27,0,,24.373092828860536,5.580403142691839,4,not observed,False,4
2018-10-19,FLAB27,0,,24.37064012318522,5.580403142691839,4,not observed,False,1
2018-10-24,FLAB27,0,,24.368187417509898,5.580403142691839,4,not observed,False,4
2018-10-29,FLAB27,0,,24.36573471183458,5.580403142691839,4,not observed,False,4
2018-11-03,FLAB27,0,,24.36328200615926,5.580403142691839,4,not observed,False,1
2018-11-08,FLAB27,0,,24.360829300483942,5.580403142691839,4,not observed,False,6
2018-11-13,FLAB27,0,,24.35837659480862,5.580403142691839,4,not observed,False,6
2018-11-18,FLAB27,0,,24.355923889133305,5.580403142691839,4,not observed,False,1
2018-11-23,FLAB27,0,,24.353471183457984,5.580403142691839,4,not observed,False,4
2018-11-28,FLAB27,0,,24.351018477782667,5.580403142691839,4,not observed,False,6
2018-12-03,FLAB27,0,,24.348565772107346,5.580403142691839,4,not observed,False,1
2018-12-08,FLAB27,0,,24.34611306643203,5.580403142691839,4,not observed,False,4
2018-12-13,FLAB27,0,,24.343660360756708,5.580403142691839,4,not observed,False,5
2018-12-18,FLAB27,0,,24.34120765508139,5.580403142691839,4,not observed,True,0
2018-12-23,FLAB27,0,,24.33875494940607,5.580403142691839,4,not observed,False,5
2018-12-28,FLAB27,0,,24.336302243730753,5.580403142691839,4,not observed,False,10
2019-01-02,FLAB27,0,,24.333849538055432,5.580403142691839,4,not observed,False,15
2019-01-07,FLAB27,0,,24.331396832380115,5.580403142691839,4,not observed,False,20
2019-01-12,FLAB27,0,,24.328944126704794,5.580403142691839,4,not observed,False,25
2019-01-17,FLAB27,0,,24.326491421029477,5.580403142691839,4,not observed,False,30
2022-06-15,FLAB27,0,,23.715767707875056,9.948967165512537,1,not observed,False,29
2022-06-20,FLAB27,0,,23.71331500219974,9.948967165512537,1,not observed,False,24
2022-06-25,FLAB27,0,,23.710862296524418,9.948967165512537,1,not observed,False,19
2022-06-30,FLAB27,0,,23.7084095908491,9.948967165512537,1,not observed,False,14
2022-07-05,FLAB27,0,,23.70595688517378,9.948967165512537,1,not observed,False,9
2022-07-10,FLAB27,0,,23.703504179498463,9.948967165512537,1,not observed,False,4
2022-07-15,FLAB27,0,,23.701051473823142,9.948967165512537,1,not observed,False,1
2022-07-20,FLAB27,0,,23.698598768147825,9.948967165512537,1,not observed,False,6
2022-07-25,FLAB27,0,,23.696146062472504,9.948967165512537,1,not observed,False,11
2022-07-30,FLAB27,0,,23.693693356797187,9.948967165512537,1,not observed,False,16
2022-08-04,FLAB27,0,,23.691240651121866,9.948967165512537,1,not observed,False,21
2022-08-09,FLAB27,0,,23.68878794544655,9.948967165512537,1,not observed,False,26
2023-01-11,FLAB27,0,,23.61275406951166,8.531635657203603,1,not observed,False,26
2023-01-16,FLAB27,0,,23.610301363836342,8.531635657203603,1,not observed,False,21
2023-01-21,FLAB27,0,,23.60784865816102,8.531635657203603,1,not observed,False,16
2023-01-26,FLAB27,0,,23.605395952485704,8.531635657203603,1,not observed,False,11
2023-01-31,FLAB27,0,,23.602943246810383,8.531635657203603,1,not observed,False,6
2023-02-05,FLAB27,0,,23.600490541135066,8.531635657203603,1,not observed,False,1
